observation_id,country_code,country_name,region,income_level,indicator_code,indicator_name,topic,unit_of_measure,year,indicator_value,prev_year_value,yoy_change,yoy_growth_pct,is_anomaly_flag,anomaly_score
12,1A,Arab World,,,NY.GDP.PCAP.CD,GDP per capita (current US$),Economic Policy & Debt,current US$,2018,6708.5312,,,,0,0
11,1A,Arab World,,,NY.GDP.PCAP.CD,GDP per capita (current US$),Economic Policy & Debt,current US$,2019,6683.6702,6708.5312,-24.8610,-0.37,0,0
10,1A,Arab World,,,NY.GDP.PCAP.CD,GDP per capita (current US$),Economic Policy & Debt,current US$,2020,5749.7516,6683.6702,-933.9186,-13.97,1,-0.085427
10,1A,Arab World,,,NY.GDP.PCAP.CD,GDP per capita (current US$),Economic Policy & Debt,current US$,2020,5749.7516,6683.6702,-933.9186,-13.97,1,-0.020450
9,1A,Arab World,,,NY.GDP.PCAP.CD,GDP per capita (current US$),Economic Policy & Debt,current US$,2021,6708.2076,5749.7516,958.4560,16.67,0,0
5662,1A,Arab World,,,NY.GDP.PCAP.CD,GDP per capita (current US$),Economic Policy & Debt,current US$,2024,7602.4112,6708.2076,894.2036,13.33,0,0
5661,1A,Arab World,,,NY.GDP.PCAP.CD,GDP per capita (current US$),Economic Policy & Debt,current US$,2025,7544.4144,7602.4112,-57.9968,-0.76,0,0
3154,1A,Arab World,,,SH.H2O.BASW.ZS,People using at least basic drinking water services (% of population),Environment: Water and sanitation,% of population,2018,87.7068,,,,0,0
3153,1A,Arab World,,,SH.H2O.BASW.ZS,People using at least basic drinking water services (% of population),Environment: Water and sanitation,% of population,2019,88.1511,87.7068,0.4443,0.51,0,0
3152,1A,Arab World,,,SH.H2O.BASW.ZS,People using at least basic drinking water services (% of population),Environment: Water and sanitation,% of population,2020,88.6063,88.1511,0.4552,0.52,0,0
3151,1A,Arab World,,,SH.H2O.BASW.ZS,People using at least basic drinking water services (% of population),Environment: Water and sanitation,% of population,2021,88.9517,88.6063,0.3454,0.39,0,0
6861,1A,Arab World,,,SH.H2O.BASW.ZS,People using at least basic drinking water services (% of population),Environment: Water and sanitation,% of population,2024,90.2762,88.9517,1.3245,1.49,0,0
2098,1A,Arab World,,,SP.DYN.LE00.IN,"Life expectancy at birth, total (years)",Health,years,2018,71.4313,,,,0,0
2097,1A,Arab World,,,SP.DYN.LE00.IN,"Life expectancy at birth, total (years)",Health,years,2019,71.8399,71.4313,0.4086,0.57,0,0
2096,1A,Arab World,,,SP.DYN.LE00.IN,"Life expectancy at birth, total (years)",Health,years,2020,70.7266,71.8399,-1.1133,-1.55,0,0
2095,1A,Arab World,,,SP.DYN.LE00.IN,"Life expectancy at birth, total (years)",Health,years,2021,70.4041,70.7266,-0.3225,-0.46,0,0
6612,1A,Arab World,,,SP.DYN.LE00.IN,"Life expectancy at birth, total (years)",Health,years,2024,72.7218,70.4041,2.3177,3.29,0,0
1042,1A,Arab World,,,SP.POP.TOTL,"Population, total",Health: Population,people,2018,435998060.0000,,,,0,0
1041,1A,Arab World,,,SP.POP.TOTL,"Population, total",Health: Population,people,2019,444281315.0000,435998060.0000,8283255.0000,1.90,0,0
1040,1A,Arab World,,,SP.POP.TOTL,"Population, total",Health: Population,people,2020,453723239.0000,444281315.0000,9441924.0000,2.13,0,0
1039,1A,Arab World,,,SP.POP.TOTL,"Population, total",Health: Population,people,2021,460646603.0000,453723239.0000,6923364.0000,1.53,0,0
6117,1A,Arab World,,,SP.POP.TOTL,"Population, total",Health: Population,people,2024,492612632.0000,460646603.0000,31966029.0000,6.94,0,0
6116,1A,Arab World,,,SP.POP.TOTL,"Population, total",Health: Population,people,2025,503356133.0000,492612632.0000,10743501.0000,2.18,0,0
188,1W,World,,,NY.GDP.PCAP.CD,GDP per capita (current US$),Economic Policy & Debt,current US$,2018,11344.7282,,,,0,0
187,1W,World,,,NY.GDP.PCAP.CD,GDP per capita (current US$),Economic Policy & Debt,current US$,2019,11417.5959,11344.7282,72.8677,0.64,0,0
186,1W,World,,,NY.GDP.PCAP.CD,GDP per capita (current US$),Economic Policy & Debt,current US$,2020,10999.4918,11417.5959,-418.1041,-3.66,0,0
185,1W,World,,,NY.GDP.PCAP.CD,GDP per capita (current US$),Economic Policy & Debt,current US$,2021,12472.9074,10999.4918,1473.4156,13.40,0,0
5750,1W,World,,,NY.GDP.PCAP.CD,GDP per capita (current US$),Economic Policy & Debt,current US$,2024,13717.0910,12472.9074,1244.1836,9.98,0,0
5749,1W,World,,,NY.GDP.PCAP.CD,GDP per capita (current US$),Economic Policy & Debt,current US$,2025,14405.8485,13717.0910,688.7575,5.02,0,0
3330,1W,World,,,SH.H2O.BASW.ZS,People using at least basic drinking water services (% of population),Environment: Water and sanitation,% of population,2018,89.2649,,,,0,0
3329,1W,World,,,SH.H2O.BASW.ZS,People using at least basic drinking water services (% of population),Environment: Water and sanitation,% of population,2019,89.6459,89.2649,0.3810,0.43,0,0
3328,1W,World,,,SH.H2O.BASW.ZS,People using at least basic drinking water services (% of population),Environment: Water and sanitation,% of population,2020,90.0184,89.6459,0.3725,0.42,0,0
3327,1W,World,,,SH.H2O.BASW.ZS,People using at least basic drinking water services (% of population),Environment: Water and sanitation,% of population,2021,90.4245,90.0184,0.4061,0.45,0,0
6905,1W,World,,,SH.H2O.BASW.ZS,People using at least basic drinking water services (% of population),Environment: Water and sanitation,% of population,2024,91.4529,90.4245,1.0284,1.14,0,0
2274,1W,World,,,SP.DYN.LE00.IN,"Life expectancy at birth, total (years)",Health,years,2018,72.6442,,,,0,0
2273,1W,World,,,SP.DYN.LE00.IN,"Life expectancy at birth, total (years)",Health,years,2019,72.8699,72.6442,0.2257,0.31,0,0
2272,1W,World,,,SP.DYN.LE00.IN,"Life expectancy at birth, total (years)",Health,years,2020,72.1832,72.8699,-0.6867,-0.94,0,0
2271,1W,World,,,SP.DYN.LE00.IN,"Life expectancy at birth, total (years)",Health,years,2021,71.2161,72.1832,-0.9671,-1.34,0,0
6656,1W,World,,,SP.DYN.LE00.IN,"Life expectancy at birth, total (years)",Health,years,2024,73.4818,71.2161,2.2657,3.18,0,0
1218,1W,World,,,SP.POP.TOTL,"Population, total",Health: Population,people,2018,7696159728.0000,,,,1,-0.082409
1218,1W,World,,,SP.POP.TOTL,"Population, total",Health: Population,people,2018,7696159728.0000,,,,1,-0.017431
1217,1W,World,,,SP.POP.TOTL,"Population, total",Health: Population,people,2019,7777162476.0000,7696159728.0000,81002748.0000,1.05,1,-0.056304
1216,1W,World,,,SP.POP.TOTL,"Population, total",Health: Population,people,2020,7853863139.0000,7777162476.0000,76700663.0000,0.99,1,-0.058701
1215,1W,World,,,SP.POP.TOTL,"Population, total",Health: Population,people,2021,7919567995.0000,7853863139.0000,65704856.0000,0.84,1,-0.040717
6205,1W,World,,,SP.POP.TOTL,"Population, total",Health: Population,people,2024,8140897523.0000,7919567995.0000,221329528.0000,2.79,1,-0.067690
6205,1W,World,,,SP.POP.TOTL,"Population, total",Health: Population,people,2024,8140897523.0000,7919567995.0000,221329528.0000,2.79,1,-0.002713
6204,1W,World,,,SP.POP.TOTL,"Population, total",Health: Population,people,2025,8215424893.0000,8140897523.0000,74527370.0000,0.92,1,-0.099377
6204,1W,World,,,SP.POP.TOTL,"Population, total",Health: Population,people,2025,8215424893.0000,8140897523.0000,74527370.0000,0.92,1,-0.034399
32,4E,East Asia & Pacific (excluding high income),,,NY.GDP.PCAP.CD,GDP per capita (current US$),Economic Policy & Debt,current US$,2018,8046.0045,,,,0,0
31,4E,East Asia & Pacific (excluding high income),,,NY.GDP.PCAP.CD,GDP per capita (current US$),Economic Policy & Debt,current US$,2019,8286.4575,8046.0045,240.4530,2.99,0,0
30,4E,East Asia & Pacific (excluding high income),,,NY.GDP.PCAP.CD,GDP per capita (current US$),Economic Policy & Debt,current US$,2020,8391.2390,8286.4575,104.7815,1.26,0,0
29,4E,East Asia & Pacific (excluding high income),,,NY.GDP.PCAP.CD,GDP per capita (current US$),Economic Policy & Debt,current US$,2021,9974.5792,8391.2390,1583.3402,18.87,1,-0.033923
5672,4E,East Asia & Pacific (excluding high income),,,NY.GDP.PCAP.CD,GDP per capita (current US$),Economic Policy & Debt,current US$,2024,10391.1526,9974.5792,416.5734,4.18,0,0
5671,4E,East Asia & Pacific (excluding high income),,,NY.GDP.PCAP.CD,GDP per capita (current US$),Economic Policy & Debt,current US$,2025,10843.4364,10391.1526,452.2838,4.35,0,0
3174,4E,East Asia & Pacific (excluding high income),,,SH.H2O.BASW.ZS,People using at least basic drinking water services (% of population),Environment: Water and sanitation,% of population,2018,92.1250,,,,0,0
3173,4E,East Asia & Pacific (excluding high income),,,SH.H2O.BASW.ZS,People using at least basic drinking water services (% of population),Environment: Water and sanitation,% of population,2019,92.6046,92.1250,0.4796,0.52,0,0
3172,4E,East Asia & Pacific (excluding high income),,,SH.H2O.BASW.ZS,People using at least basic drinking water services (% of population),Environment: Water and sanitation,% of population,2020,93.0596,92.6046,0.4550,0.49,0,0
3171,4E,East Asia & Pacific (excluding high income),,,SH.H2O.BASW.ZS,People using at least basic drinking water services (% of population),Environment: Water and sanitation,% of population,2021,93.6676,93.0596,0.6080,0.65,0,0
6866,4E,East Asia & Pacific (excluding high income),,,SH.H2O.BASW.ZS,People using at least basic drinking water services (% of population),Environment: Water and sanitation,% of population,2024,94.8131,93.6676,1.1455,1.22,0,0
2118,4E,East Asia & Pacific (excluding high income),,,SP.DYN.LE00.IN,"Life expectancy at birth, total (years)",Health,years,2018,75.5783,,,,0,0
2117,4E,East Asia & Pacific (excluding high income),,,SP.DYN.LE00.IN,"Life expectancy at birth, total (years)",Health,years,2019,75.7690,75.5783,0.1907,0.25,0,0
2116,4E,East Asia & Pacific (excluding high income),,,SP.DYN.LE00.IN,"Life expectancy at birth, total (years)",Health,years,2020,75.6976,75.7690,-0.0714,-0.09,0,0
2115,4E,East Asia & Pacific (excluding high income),,,SP.DYN.LE00.IN,"Life expectancy at birth, total (years)",Health,years,2021,75.2781,75.6976,-0.4195,-0.55,0,0
6617,4E,East Asia & Pacific (excluding high income),,,SP.DYN.LE00.IN,"Life expectancy at birth, total (years)",Health,years,2024,75.9593,75.2781,0.6812,0.90,0,0
1062,4E,East Asia & Pacific (excluding high income),,,SP.POP.TOTL,"Population, total",Health: Population,people,2018,2100698838.0000,,,,0,0
1061,4E,East Asia & Pacific (excluding high income),,,SP.POP.TOTL,"Population, total",Health: Population,people,2019,2112289891.0000,2100698838.0000,11591053.0000,0.55,0,0
1060,4E,East Asia & Pacific (excluding high income),,,SP.POP.TOTL,"Population, total",Health: Population,people,2020,2121866294.0000,2112289891.0000,9576403.0000,0.45,0,0
1059,4E,East Asia & Pacific (excluding high income),,,SP.POP.TOTL,"Population, total",Health: Population,people,2021,2128553744.0000,2121866294.0000,6687450.0000,0.32,0,0
6127,4E,East Asia & Pacific (excluding high income),,,SP.POP.TOTL,"Population, total",Health: Population,people,2024,2141122258.0000,2128553744.0000,12568514.0000,0.59,0,0
6126,4E,East Asia & Pacific (excluding high income),,,SP.POP.TOTL,"Population, total",Health: Population,people,2025,2143908411.0000,2141122258.0000,2786153.0000,0.13,0,0
48,7E,Europe & Central Asia (excluding high income),,,NY.GDP.PCAP.CD,GDP per capita (current US$),Economic Policy & Debt,current US$,2018,5947.1536,,,,0,0
47,7E,Europe & Central Asia (excluding high income),,,NY.GDP.PCAP.CD,GDP per capita (current US$),Economic Policy & Debt,current US$,2019,6036.1518,5947.1536,88.9982,1.50,0,0
46,7E,Europe & Central Asia (excluding high income),,,NY.GDP.PCAP.CD,GDP per capita (current US$),Economic Policy & Debt,current US$,2020,5734.4619,6036.1518,-301.6899,-5.00,1,-0.012266
45,7E,Europe & Central Asia (excluding high income),,,NY.GDP.PCAP.CD,GDP per capita (current US$),Economic Policy & Debt,current US$,2021,6632.5722,5734.4619,898.1103,15.66,1,-0.017539
5680,7E,Europe & Central Asia (excluding high income),,,NY.GDP.PCAP.CD,GDP per capita (current US$),Economic Policy & Debt,current US$,2024,9801.7005,6632.5722,3169.1283,47.78,1,-0.001595
5679,7E,Europe & Central Asia (excluding high income),,,NY.GDP.PCAP.CD,GDP per capita (current US$),Economic Policy & Debt,current US$,2025,11117.6138,9801.7005,1315.9133,13.43,1,-0.138519
5679,7E,Europe & Central Asia (excluding high income),,,NY.GDP.PCAP.CD,GDP per capita (current US$),Economic Policy & Debt,current US$,2025,11117.6138,9801.7005,1315.9133,13.43,1,-0.073542
3190,7E,Europe & Central Asia (excluding high income),,,SH.H2O.BASW.ZS,People using at least basic drinking water services (% of population),Environment: Water and sanitation,% of population,2018,94.6982,,,,0,0
3189,7E,Europe & Central Asia (excluding high income),,,SH.H2O.BASW.ZS,People using at least basic drinking water services (% of population),Environment: Water and sanitation,% of population,2019,94.9895,94.6982,0.2913,0.31,0,0
3188,7E,Europe & Central Asia (excluding high income),,,SH.H2O.BASW.ZS,People using at least basic drinking water services (% of population),Environment: Water and sanitation,% of population,2020,95.2551,94.9895,0.2656,0.28,0,0
3187,7E,Europe & Central Asia (excluding high income),,,SH.H2O.BASW.ZS,People using at least basic drinking water services (% of population),Environment: Water and sanitation,% of population,2021,95.4740,95.2551,0.2189,0.23,0,0
6870,7E,Europe & Central Asia (excluding high income),,,SH.H2O.BASW.ZS,People using at least basic drinking water services (% of population),Environment: Water and sanitation,% of population,2024,95.9988,95.4740,0.5248,0.55,0,0
2134,7E,Europe & Central Asia (excluding high income),,,SP.DYN.LE00.IN,"Life expectancy at birth, total (years)",Health,years,2018,74.5928,,,,0,0
2133,7E,Europe & Central Asia (excluding high income),,,SP.DYN.LE00.IN,"Life expectancy at birth, total (years)",Health,years,2019,74.8158,74.5928,0.2230,0.30,0,0
2132,7E,Europe & Central Asia (excluding high income),,,SP.DYN.LE00.IN,"Life expectancy at birth, total (years)",Health,years,2020,73.5537,74.8158,-1.2621,-1.69,0,0
2131,7E,Europe & Central Asia (excluding high income),,,SP.DYN.LE00.IN,"Life expectancy at birth, total (years)",Health,years,2021,72.8824,73.5537,-0.6713,-0.91,0,0
6621,7E,Europe & Central Asia (excluding high income),,,SP.DYN.LE00.IN,"Life expectancy at birth, total (years)",Health,years,2024,75.1423,72.8824,2.2599,3.10,0,0
1078,7E,Europe & Central Asia (excluding high income),,,SP.POP.TOTL,"Population, total",Health: Population,people,2018,246400484.0000,,,,0,0
1077,7E,Europe & Central Asia (excluding high income),,,SP.POP.TOTL,"Population, total",Health: Population,people,2019,248576676.0000,246400484.0000,2176192.0000,0.88,0,0
1076,7E,Europe & Central Asia (excluding high income),,,SP.POP.TOTL,"Population, total",Health: Population,people,2020,250351240.0000,248576676.0000,1774564.0000,0.71,0,0
1075,7E,Europe & Central Asia (excluding high income),,,SP.POP.TOTL,"Population, total",Health: Population,people,2021,251867727.0000,250351240.0000,1516487.0000,0.61,0,0
6135,7E,Europe & Central Asia (excluding high income),,,SP.POP.TOTL,"Population, total",Health: Population,people,2024,250394482.0000,251867727.0000,-1473245.0000,-0.58,0,0
6134,7E,Europe & Central Asia (excluding high income),,,SP.POP.TOTL,"Population, total",Health: Population,people,2025,253280471.0000,250394482.0000,2885989.0000,1.15,0,0
164,8S,South Asia,,,NY.GDP.PCAP.CD,GDP per capita (current US$),Economic Policy & Debt,current US$,2018,1988.3663,,,,0,0
163,8S,South Asia,,,NY.GDP.PCAP.CD,GDP per capita (current US$),Economic Policy & Debt,current US$,2019,2067.0598,1988.3663,78.6935,3.96,0,0
162,8S,South Asia,,,NY.GDP.PCAP.CD,GDP per capita (current US$),Economic Policy & Debt,current US$,2020,1957.2034,2067.0598,-109.8564,-5.31,0,0
161,8S,South Asia,,,NY.GDP.PCAP.CD,GDP per capita (current US$),Economic Policy & Debt,current US$,2021,2273.7206,1957.2034,316.5172,16.17,0,0
5738,8S,South Asia,,,NY.GDP.PCAP.CD,GDP per capita (current US$),Economic Policy & Debt,current US$,2024,2601.8221,2273.7206,328.1015,14.43,0,0
5737,8S,South Asia,,,NY.GDP.PCAP.CD,GDP per capita (current US$),Economic Policy & Debt,current US$,2025,2705.2823,2601.8221,103.4602,3.98,1,-0.001882
3306,8S,South Asia,,,SH.H2O.BASW.ZS,People using at least basic drinking water services (% of population),Environment: Water and sanitation,% of population,2018,92.3375,,,,0,0
3305,8S,South Asia,,,SH.H2O.BASW.ZS,People using at least basic drinking water services (% of population),Environment: Water and sanitation,% of population,2019,92.9472,92.3375,0.6097,0.66,0,0
3304,8S,South Asia,,,SH.H2O.BASW.ZS,People using at least basic drinking water services (% of population),Environment: Water and sanitation,% of population,2020,93.5537,92.9472,0.6065,0.65,0,0
3303,8S,South Asia,,,SH.H2O.BASW.ZS,People using at least basic drinking water services (% of population),Environment: Water and sanitation,% of population,2021,94.1572,93.5537,0.6035,0.65,0,0
6899,8S,South Asia,,,SH.H2O.BASW.ZS,People using at least basic drinking water services (% of population),Environment: Water and sanitation,% of population,2024,95.9354,94.1572,1.7782,1.89,0,0
2250,8S,South Asia,,,SP.DYN.LE00.IN,"Life expectancy at birth, total (years)",Health,years,2018,70.6524,,,,0,0
2249,8S,South Asia,,,SP.DYN.LE00.IN,"Life expectancy at birth, total (years)",Health,years,2019,70.9976,70.6524,0.3452,0.49,0,0
2248,8S,South Asia,,,SP.DYN.LE00.IN,"Life expectancy at birth, total (years)",Health,years,2020,70.3622,70.9976,-0.6354,-0.89,0,0
2247,8S,South Asia,,,SP.DYN.LE00.IN,"Life expectancy at birth, total (years)",Health,years,2021,67.8215,70.3622,-2.5407,-3.61,0,0
6650,8S,South Asia,,,SP.DYN.LE00.IN,"Life expectancy at birth, total (years)",Health,years,2024,72.5600,67.8215,4.7385,6.99,0,0
1194,8S,South Asia,,,SP.POP.TOTL,"Population, total",Health: Population,people,2018,1589164714.0000,,,,0,0
1193,8S,South Asia,,,SP.POP.TOTL,"Population, total",Health: Population,people,2019,1605412986.0000,1589164714.0000,16248272.0000,1.02,0,0
1192,8S,South Asia,,,SP.POP.TOTL,"Population, total",Health: Population,people,2020,1621073417.0000,1605412986.0000,15660431.0000,0.98,0,0
1191,8S,South Asia,,,SP.POP.TOTL,"Population, total",Health: Population,people,2021,1634785356.0000,1621073417.0000,13711939.0000,0.85,0,0
6193,8S,South Asia,,,SP.POP.TOTL,"Population, total",Health: Population,people,2024,1677384532.0000,1634785356.0000,42599176.0000,2.61,0,0
6192,8S,South Asia,,,SP.POP.TOTL,"Population, total",Health: Population,people,2025,1692252900.0000,1677384532.0000,14868368.0000,0.89,0,0
208,AD,Andorra,,,NY.GDP.PCAP.CD,GDP per capita (current US$),Economic Policy & Debt,current US$,2018,42819.7746,,,,0,0
207,AD,Andorra,,,NY.GDP.PCAP.CD,GDP per capita (current US$),Economic Policy & Debt,current US$,2019,41257.8046,42819.7746,-1561.9700,-3.65,0,0
206,AD,Andorra,,,NY.GDP.PCAP.CD,GDP per capita (current US$),Economic Policy & Debt,current US$,2020,37361.0901,41257.8046,-3896.7145,-9.44,1,-0.059020
205,AD,Andorra,,,NY.GDP.PCAP.CD,GDP per capita (current US$),Economic Policy & Debt,current US$,2021,42425.6997,37361.0901,5064.6096,13.56,1,-0.023284
5757,AD,Andorra,,,NY.GDP.PCAP.CD,GDP per capita (current US$),Economic Policy & Debt,current US$,2024,49357.4371,42425.6997,6931.7374,16.34,0,0
5756,AD,Andorra,,,NY.GDP.PCAP.CD,GDP per capita (current US$),Economic Policy & Debt,current US$,2025,54291.5026,49357.4371,4934.0655,10.00,1,-0.110332
5756,AD,Andorra,,,NY.GDP.PCAP.CD,GDP per capita (current US$),Economic Policy & Debt,current US$,2025,54291.5026,49357.4371,4934.0655,10.00,1,-0.045355
3350,AD,Andorra,,,SH.H2O.BASW.ZS,People using at least basic drinking water services (% of population),Environment: Water and sanitation,% of population,2018,100.0000,,,,0,0
3349,AD,Andorra,,,SH.H2O.BASW.ZS,People using at least basic drinking water services (% of population),Environment: Water and sanitation,% of population,2019,100.0000,100.0000,0.0000,0.00,0,0
3348,AD,Andorra,,,SH.H2O.BASW.ZS,People using at least basic drinking water services (% of population),Environment: Water and sanitation,% of population,2020,100.0000,100.0000,0.0000,0.00,0,0
3347,AD,Andorra,,,SH.H2O.BASW.ZS,People using at least basic drinking water services (% of population),Environment: Water and sanitation,% of population,2021,100.0000,100.0000,0.0000,0.00,0,0
6910,AD,Andorra,,,SH.H2O.BASW.ZS,People using at least basic drinking water services (% of population),Environment: Water and sanitation,% of population,2024,100.0000,100.0000,0.0000,0.00,0,0
2294,AD,Andorra,,,SP.DYN.LE00.IN,"Life expectancy at birth, total (years)",Health,years,2018,84.2420,,,,0,0
2293,AD,Andorra,,,SP.DYN.LE00.IN,"Life expectancy at birth, total (years)",Health,years,2019,84.0980,84.2420,-0.1440,-0.17,0,0
2292,AD,Andorra,,,SP.DYN.LE00.IN,"Life expectancy at birth, total (years)",Health,years,2020,79.4180,84.0980,-4.6800,-5.56,1,-0.025014
2291,AD,Andorra,,,SP.DYN.LE00.IN,"Life expectancy at birth, total (years)",Health,years,2021,82.3310,79.4180,2.9130,3.67,0,0
6661,AD,Andorra,,,SP.DYN.LE00.IN,"Life expectancy at birth, total (years)",Health,years,2024,84.1880,82.3310,1.8570,2.26,0,0
1238,AD,Andorra,,,SP.POP.TOTL,"Population, total",Health: Population,people,2018,75162.0000,,,,0,0
1237,AD,Andorra,,,SP.POP.TOTL,"Population, total",Health: Population,people,2019,76474.0000,75162.0000,1312.0000,1.75,0,0
1236,AD,Andorra,,,SP.POP.TOTL,"Population, total",Health: Population,people,2020,77380.0000,76474.0000,906.0000,1.18,0,0
1235,AD,Andorra,,,SP.POP.TOTL,"Population, total",Health: Population,people,2021,78364.0000,77380.0000,984.0000,1.27,0,0
6215,AD,Andorra,,,SP.POP.TOTL,"Population, total",Health: Population,people,2024,81938.0000,78364.0000,3574.0000,4.56,0,0
6214,AD,Andorra,,,SP.POP.TOTL,"Population, total",Health: Population,people,2025,82904.0000,81938.0000,966.0000,1.18,0,0
985,AE,United Arab Emirates,,,NY.GDP.PCAP.CD,GDP per capita (current US$),Economic Policy & Debt,current US$,2018,47135.3479,,,,0,0
984,AE,United Arab Emirates,,,NY.GDP.PCAP.CD,GDP per capita (current US$),Economic Policy & Debt,current US$,2019,45938.6085,47135.3479,-1196.7394,-2.54,0,0
983,AE,United Arab Emirates,,,NY.GDP.PCAP.CD,GDP per capita (current US$),Economic Policy & Debt,current US$,2020,37991.7384,45938.6085,-7946.8701,-17.30,1,-0.119129
983,AE,United Arab Emirates,,,NY.GDP.PCAP.CD,GDP per capita (current US$),Economic Policy & Debt,current US$,2020,37991.7384,45938.6085,-7946.8701,-17.30,1,-0.054151
982,AE,United Arab Emirates,,,NY.GDP.PCAP.CD,GDP per capita (current US$),Economic Policy & Debt,current US$,2021,44118.4936,37991.7384,6126.7552,16.13,1,-0.015848
4104,AE,United Arab Emirates,,,SH.H2O.BASW.ZS,People using at least basic drinking water services (% of population),Environment: Water and sanitation,% of population,2018,100.0000,,,,0,0
4103,AE,United Arab Emirates,,,SH.H2O.BASW.ZS,People using at least basic drinking water services (% of population),Environment: Water and sanitation,% of population,2019,100.0000,100.0000,0.0000,0.00,0,0
4102,AE,United Arab Emirates,,,SH.H2O.BASW.ZS,People using at least basic drinking water services (% of population),Environment: Water and sanitation,% of population,2020,100.0000,100.0000,0.0000,0.00,0,0
4101,AE,United Arab Emirates,,,SH.H2O.BASW.ZS,People using at least basic drinking water services (% of population),Environment: Water and sanitation,% of population,2021,100.0000,100.0000,0.0000,0.00,0,0
3094,AE,United Arab Emirates,,,SP.DYN.LE00.IN,"Life expectancy at birth, total (years)",Health,years,2018,82.4490,,,,0,0
3093,AE,United Arab Emirates,,,SP.DYN.LE00.IN,"Life expectancy at birth, total (years)",Health,years,2019,82.5960,82.4490,0.1470,0.18,0,0
3092,AE,United Arab Emirates,,,SP.DYN.LE00.IN,"Life expectancy at birth, total (years)",Health,years,2020,81.9360,82.5960,-0.6600,-0.80,0,0
3091,AE,United Arab Emirates,,,SP.DYN.LE00.IN,"Life expectancy at birth, total (years)",Health,years,2021,79.0830,81.9360,-2.8530,-3.48,0,0
2038,AE,United Arab Emirates,,,SP.POP.TOTL,"Population, total",Health: Population,people,2018,9346701.0000,,,,0,0
2037,AE,United Arab Emirates,,,SP.POP.TOTL,"Population, total",Health: Population,people,2019,9445785.0000,9346701.0000,99084.0000,1.06,0,0
2036,AE,United Arab Emirates,,,SP.POP.TOTL,"Population, total",Health: Population,people,2020,9401038.0000,9445785.0000,-44747.0000,-0.47,0,0
2035,AE,United Arab Emirates,,,SP.POP.TOTL,"Population, total",Health: Population,people,2021,9575152.0000,9401038.0000,174114.0000,1.85,0,0
192,AF,Afghanistan,,,NY.GDP.PCAP.CD,GDP per capita (current US$),Economic Policy & Debt,current US$,2018,491.3372,,,,0,0
191,AF,Afghanistan,,,NY.GDP.PCAP.CD,GDP per capita (current US$),Economic Policy & Debt,current US$,2019,496.6025,491.3372,5.2653,1.07,0,0
190,AF,Afghanistan,,,NY.GDP.PCAP.CD,GDP per capita (current US$),Economic Policy & Debt,current US$,2020,510.7871,496.6025,14.1846,2.86,0,0
189,AF,Afghanistan,,,NY.GDP.PCAP.CD,GDP per capita (current US$),Economic Policy & Debt,current US$,2021,356.4962,510.7871,-154.2909,-30.21,1,-0.156335
189,AF,Afghanistan,,,NY.GDP.PCAP.CD,GDP per capita (current US$),Economic Policy & Debt,current US$,2021,356.4962,510.7871,-154.2909,-30.21,1,-0.091358
5751,AF,Afghanistan,,,NY.GDP.PCAP.CD,GDP per capita (current US$),Economic Policy & Debt,current US$,2024,416.8711,356.4962,60.3749,16.94,0,0
3334,AF,Afghanistan,,,SH.H2O.BASW.ZS,People using at least basic drinking water services (% of population),Environment: Water and sanitation,% of population,2018,67.4759,,,,0,0
3333,AF,Afghanistan,,,SH.H2O.BASW.ZS,People using at least basic drinking water services (% of population),Environment: Water and sanitation,% of population,2019,69.8227,67.4759,2.3468,3.48,0,0
3332,AF,Afghanistan,,,SH.H2O.BASW.ZS,People using at least basic drinking water services (% of population),Environment: Water and sanitation,% of population,2020,72.1821,69.8227,2.3594,3.38,0,0
3331,AF,Afghanistan,,,SH.H2O.BASW.ZS,People using at least basic drinking water services (% of population),Environment: Water and sanitation,% of population,2021,74.5545,72.1821,2.3724,3.29,0,0
6906,AF,Afghanistan,,,SH.H2O.BASW.ZS,People using at least basic drinking water services (% of population),Environment: Water and sanitation,% of population,2024,80.8324,74.5545,6.2779,8.42,0,0
2278,AF,Afghanistan,,,SP.DYN.LE00.IN,"Life expectancy at birth, total (years)",Health,years,2018,62.4430,,,,0,0
2277,AF,Afghanistan,,,SP.DYN.LE00.IN,"Life expectancy at birth, total (years)",Health,years,2019,62.9410,62.4430,0.4980,0.80,0,0
2276,AF,Afghanistan,,,SP.DYN.LE00.IN,"Life expectancy at birth, total (years)",Health,years,2020,61.4540,62.9410,-1.4870,-2.36,0,0
2275,AF,Afghanistan,,,SP.DYN.LE00.IN,"Life expectancy at birth, total (years)",Health,years,2021,60.4170,61.4540,-1.0370,-1.69,0,0
6657,AF,Afghanistan,,,SP.DYN.LE00.IN,"Life expectancy at birth, total (years)",Health,years,2024,66.2890,60.4170,5.8720,9.72,0,0
1222,AF,Afghanistan,,,SP.POP.TOTL,"Population, total",Health: Population,people,2018,36743039.0000,,,,0,0
1221,AF,Afghanistan,,,SP.POP.TOTL,"Population, total",Health: Population,people,2019,37856121.0000,36743039.0000,1113082.0000,3.03,0,0
1220,AF,Afghanistan,,,SP.POP.TOTL,"Population, total",Health: Population,people,2020,39068979.0000,37856121.0000,1212858.0000,3.20,0,0
1219,AF,Afghanistan,,,SP.POP.TOTL,"Population, total",Health: Population,people,2021,40000412.0000,39068979.0000,931433.0000,2.38,0,0
6207,AF,Afghanistan,,,SP.POP.TOTL,"Population, total",Health: Population,people,2024,42647492.0000,40000412.0000,2647080.0000,6.62,0,0
6206,AF,Afghanistan,,,SP.POP.TOTL,"Population, total",Health: Population,people,2025,43844111.0000,42647492.0000,1196619.0000,2.81,0,0
216,AG,Antigua and Barbuda,,,NY.GDP.PCAP.CD,GDP per capita (current US$),Economic Policy & Debt,current US$,2018,18273.4271,,,,0,0
215,AG,Antigua and Barbuda,,,NY.GDP.PCAP.CD,GDP per capita (current US$),Economic Policy & Debt,current US$,2019,18896.3722,18273.4271,622.9451,3.41,0,0
214,AG,Antigua and Barbuda,,,NY.GDP.PCAP.CD,GDP per capita (current US$),Economic Policy & Debt,current US$,2020,15369.6082,18896.3722,-3526.7640,-18.66,1,-0.108495
214,AG,Antigua and Barbuda,,,NY.GDP.PCAP.CD,GDP per capita (current US$),Economic Policy & Debt,current US$,2020,15369.6082,18896.3722,-3526.7640,-18.66,1,-0.043518
213,AG,Antigua and Barbuda,,,NY.GDP.PCAP.CD,GDP per capita (current US$),Economic Policy & Debt,current US$,2021,17348.6007,15369.6082,1978.9925,12.88,0,0
5761,AG,Antigua and Barbuda,,,NY.GDP.PCAP.CD,GDP per capita (current US$),Economic Policy & Debt,current US$,2024,23059.8331,17348.6007,5711.2324,32.92,0,0
5760,AG,Antigua and Barbuda,,,NY.GDP.PCAP.CD,GDP per capita (current US$),Economic Policy & Debt,current US$,2025,24819.2455,23059.8331,1759.4124,7.63,1,-0.067199
5760,AG,Antigua and Barbuda,,,NY.GDP.PCAP.CD,GDP per capita (current US$),Economic Policy & Debt,current US$,2025,24819.2455,23059.8331,1759.4124,7.63,1,-0.002222
3358,AG,Antigua and Barbuda,,,SH.H2O.BASW.ZS,People using at least basic drinking water services (% of population),Environment: Water and sanitation,% of population,2018,98.7649,,,,0,0
3357,AG,Antigua and Barbuda,,,SH.H2O.BASW.ZS,People using at least basic drinking water services (% of population),Environment: Water and sanitation,% of population,2019,98.8436,98.7649,0.0787,0.08,0,0
3356,AG,Antigua and Barbuda,,,SH.H2O.BASW.ZS,People using at least basic drinking water services (% of population),Environment: Water and sanitation,% of population,2020,98.9225,98.8436,0.0789,0.08,0,0
3355,AG,Antigua and Barbuda,,,SH.H2O.BASW.ZS,People using at least basic drinking water services (% of population),Environment: Water and sanitation,% of population,2021,98.9226,98.9225,0.0001,0.00,0,0
6912,AG,Antigua and Barbuda,,,SH.H2O.BASW.ZS,People using at least basic drinking water services (% of population),Environment: Water and sanitation,% of population,2024,98.9227,98.9226,0.0001,0.00,0,0
2302,AG,Antigua and Barbuda,,,SP.DYN.LE00.IN,"Life expectancy at birth, total (years)",Health,years,2018,77.1320,,,,0,0
2301,AG,Antigua and Barbuda,,,SP.DYN.LE00.IN,"Life expectancy at birth, total (years)",Health,years,2019,77.1680,77.1320,0.0360,0.05,0,0
2300,AG,Antigua and Barbuda,,,SP.DYN.LE00.IN,"Life expectancy at birth, total (years)",Health,years,2020,77.1610,77.1680,-0.0070,-0.01,0,0
2299,AG,Antigua and Barbuda,,,SP.DYN.LE00.IN,"Life expectancy at birth, total (years)",Health,years,2021,77.1970,77.1610,0.0360,0.05,0,0
6663,AG,Antigua and Barbuda,,,SP.DYN.LE00.IN,"Life expectancy at birth, total (years)",Health,years,2024,77.7660,77.1970,0.5690,0.74,0,0
1246,AG,Antigua and Barbuda,,,SP.POP.TOTL,"Population, total",Health: Population,people,2018,90926.0000,,,,0,0
1245,AG,Antigua and Barbuda,,,SP.POP.TOTL,"Population, total",Health: Population,people,2019,91364.0000,90926.0000,438.0000,0.48,0,0
1244,AG,Antigua and Barbuda,,,SP.POP.TOTL,"Population, total",Health: Population,people,2020,91846.0000,91364.0000,482.0000,0.53,0,0
1243,AG,Antigua and Barbuda,,,SP.POP.TOTL,"Population, total",Health: Population,people,2021,92349.0000,91846.0000,503.0000,0.55,0,0
6219,AG,Antigua and Barbuda,,,SP.POP.TOTL,"Population, total",Health: Population,people,2024,93772.0000,92349.0000,1423.0000,1.54,0,0
6218,AG,Antigua and Barbuda,,,SP.POP.TOTL,"Population, total",Health: Population,people,2025,94209.0000,93772.0000,437.0000,0.47,0,0
196,AL,Albania,,,NY.GDP.PCAP.CD,GDP per capita (current US$),Economic Policy & Debt,current US$,2018,5897.6545,,,,1,-0.002436
195,AL,Albania,,,NY.GDP.PCAP.CD,GDP per capita (current US$),Economic Policy & Debt,current US$,2019,6069.4390,5897.6545,171.7845,2.91,1,-0.018570
194,AL,Albania,,,NY.GDP.PCAP.CD,GDP per capita (current US$),Economic Policy & Debt,current US$,2020,6027.9135,6069.4390,-41.5255,-0.68,1,-0.007949
193,AL,Albania,,,NY.GDP.PCAP.CD,GDP per capita (current US$),Economic Policy & Debt,current US$,2021,7242.4551,6027.9135,1214.5416,20.15,1,-0.044665
5753,AL,Albania,,,NY.GDP.PCAP.CD,GDP per capita (current US$),Economic Policy & Debt,current US$,2024,11374.0086,7242.4551,4131.5535,57.05,1,-0.025680
5752,AL,Albania,,,NY.GDP.PCAP.CD,GDP per capita (current US$),Economic Policy & Debt,current US$,2025,12998.1479,11374.0086,1624.1393,14.28,1,-0.155021
5752,AL,Albania,,,NY.GDP.PCAP.CD,GDP per capita (current US$),Economic Policy & Debt,current US$,2025,12998.1479,11374.0086,1624.1393,14.28,1,-0.090044
3338,AL,Albania,,,SH.H2O.BASW.ZS,People using at least basic drinking water services (% of population),Environment: Water and sanitation,% of population,2018,94.4364,,,,0,0
3337,AL,Albania,,,SH.H2O.BASW.ZS,People using at least basic drinking water services (% of population),Environment: Water and sanitation,% of population,2019,94.7582,94.4364,0.3218,0.34,0,0
3336,AL,Albania,,,SH.H2O.BASW.ZS,People using at least basic drinking water services (% of population),Environment: Water and sanitation,% of population,2020,95.0680,94.7582,0.3098,0.33,0,0
3335,AL,Albania,,,SH.H2O.BASW.ZS,People using at least basic drinking water services (% of population),Environment: Water and sanitation,% of population,2021,95.0815,95.0680,0.0135,0.01,0,0
6907,AL,Albania,,,SH.H2O.BASW.ZS,People using at least basic drinking water services (% of population),Environment: Water and sanitation,% of population,2024,95.1194,95.0815,0.0379,0.04,0,0
2282,AL,Albania,,,SP.DYN.LE00.IN,"Life expectancy at birth, total (years)",Health,years,2018,79.2380,,,,0,0
2281,AL,Albania,,,SP.DYN.LE00.IN,"Life expectancy at birth, total (years)",Health,years,2019,79.4670,79.2380,0.2290,0.29,0,0
2280,AL,Albania,,,SP.DYN.LE00.IN,"Life expectancy at birth, total (years)",Health,years,2020,77.8240,79.4670,-1.6430,-2.07,0,0
2279,AL,Albania,,,SP.DYN.LE00.IN,"Life expectancy at birth, total (years)",Health,years,2021,76.8440,77.8240,-0.9800,-1.26,0,0
6658,AL,Albania,,,SP.DYN.LE00.IN,"Life expectancy at birth, total (years)",Health,years,2024,79.7760,76.8440,2.9320,3.82,0,0
1226,AL,Albania,,,SP.POP.TOTL,"Population, total",Health: Population,people,2018,2607733.0000,,,,0,0
1225,AL,Albania,,,SP.POP.TOTL,"Population, total",Health: Population,people,2019,2567801.0000,2607733.0000,-39932.0000,-1.53,0,0
1224,AL,Albania,,,SP.POP.TOTL,"Population, total",Health: Population,people,2020,2528480.0000,2567801.0000,-39321.0000,-1.53,0,0
1223,AL,Albania,,,SP.POP.TOTL,"Population, total",Health: Population,people,2021,2489762.0000,2528480.0000,-38718.0000,-1.53,0,0
6209,AL,Albania,,,SP.POP.TOTL,"Population, total",Health: Population,people,2024,2377128.0000,2489762.0000,-112634.0000,-4.52,0,0
6208,AL,Albania,,,SP.POP.TOTL,"Population, total",Health: Population,people,2025,2349580.0000,2377128.0000,-27548.0000,-1.16,0,0
224,AM,Armenia,,,NY.GDP.PCAP.CD,GDP per capita (current US$),Economic Policy & Debt,current US$,2018,4196.0056,,,,1,-0.011425
223,AM,Armenia,,,NY.GDP.PCAP.CD,GDP per capita (current US$),Economic Policy & Debt,current US$,2019,4597.2289,4196.0056,401.2233,9.56,1,-0.021696
222,AM,Armenia,,,NY.GDP.PCAP.CD,GDP per capita (current US$),Economic Policy & Debt,current US$,2020,4268.6809,4597.2289,-328.5480,-7.15,1,-0.047858
221,AM,Armenia,,,NY.GDP.PCAP.CD,GDP per capita (current US$),Economic Policy & Debt,current US$,2021,4685.1800,4268.6809,416.4991,9.76,1,-0.021441
5765,AM,Armenia,,,NY.GDP.PCAP.CD,GDP per capita (current US$),Economic Policy & Debt,current US$,2024,8556.2141,4685.1800,3871.0341,82.62,1,-0.059309
5764,AM,Armenia,,,NY.GDP.PCAP.CD,GDP per capita (current US$),Economic Policy & Debt,current US$,2025,9474.0185,8556.2141,917.8044,10.73,1,-0.130027
5764,AM,Armenia,,,NY.GDP.PCAP.CD,GDP per capita (current US$),Economic Policy & Debt,current US$,2025,9474.0185,8556.2141,917.8044,10.73,1,-0.065050
3362,AM,Armenia,,,SH.H2O.BASW.ZS,People using at least basic drinking water services (% of population),Environment: Water and sanitation,% of population,2018,99.4626,,,,0,0
3361,AM,Armenia,,,SH.H2O.BASW.ZS,People using at least basic drinking water services (% of population),Environment: Water and sanitation,% of population,2019,99.4592,99.4626,-0.0034,0.00,0,0
3360,AM,Armenia,,,SH.H2O.BASW.ZS,People using at least basic drinking water services (% of population),Environment: Water and sanitation,% of population,2020,99.4561,99.4592,-0.0031,0.00,0,0
3359,AM,Armenia,,,SH.H2O.BASW.ZS,People using at least basic drinking water services (% of population),Environment: Water and sanitation,% of population,2021,99.4535,99.4561,-0.0026,0.00,0,0
6913,AM,Armenia,,,SH.H2O.BASW.ZS,People using at least basic drinking water services (% of population),Environment: Water and sanitation,% of population,2024,99.9316,99.4535,0.4781,0.48,0,0
2310,AM,Armenia,,,SP.DYN.LE00.IN,"Life expectancy at birth, total (years)",Health,years,2018,75.6195,,,,0,0
2309,AM,Armenia,,,SP.DYN.LE00.IN,"Life expectancy at birth, total (years)",Health,years,2019,76.2220,75.6195,0.6025,0.80,0,0
2308,AM,Armenia,,,SP.DYN.LE00.IN,"Life expectancy at birth, total (years)",Health,years,2020,73.3756,76.2220,-2.8464,-3.73,0,0
2307,AM,Armenia,,,SP.DYN.LE00.IN,"Life expectancy at birth, total (years)",Health,years,2021,72.2780,73.3756,-1.0976,-1.50,0,0
6665,AM,Armenia,,,SP.DYN.LE00.IN,"Life expectancy at birth, total (years)",Health,years,2024,78.3195,72.2780,6.0415,8.36,0,0
1254,AM,Armenia,,,SP.POP.TOTL,"Population, total",Health: Population,people,2018,2969000.0000,,,,0,0
1253,AM,Armenia,,,SP.POP.TOTL,"Population, total",Health: Population,people,2019,2962500.0000,2969000.0000,-6500.0000,-0.22,0,0
1252,AM,Armenia,,,SP.POP.TOTL,"Population, total",Health: Population,people,2020,2961500.0000,2962500.0000,-1000.0000,-0.03,0,0
1251,AM,Armenia,,,SP.POP.TOTL,"Population, total",Health: Population,people,2021,2962300.0000,2961500.0000,800.0000,0.03,0,0
6223,AM,Armenia,,,SP.POP.TOTL,"Population, total",Health: Population,people,2024,3033500.0000,2962300.0000,71200.0000,2.40,0,0
6222,AM,Armenia,,,SP.POP.TOTL,"Population, total",Health: Population,people,2025,3086700.0000,3033500.0000,53200.0000,1.75,0,0
212,AO,Angola,,,NY.GDP.PCAP.CD,GDP per capita (current US$),Economic Policy & Debt,current US$,2018,2891.8303,,,,0,0
211,AO,Angola,,,NY.GDP.PCAP.CD,GDP per capita (current US$),Economic Policy & Debt,current US$,2019,2507.8681,2891.8303,-383.9622,-13.28,0,0
210,AO,Angola,,,NY.GDP.PCAP.CD,GDP per capita (current US$),Economic Policy & Debt,current US$,2020,1749.1795,2507.8681,-758.6886,-30.25,1,-0.188569
210,AO,Angola,,,NY.GDP.PCAP.CD,GDP per capita (current US$),Economic Policy & Debt,current US$,2020,1749.1795,2507.8681,-758.6886,-30.25,1,-0.123592
209,AO,Angola,,,NY.GDP.PCAP.CD,GDP per capita (current US$),Economic Policy & Debt,current US$,2021,2266.9683,1749.1795,517.7888,29.60,1,-0.069899
209,AO,Angola,,,NY.GDP.PCAP.CD,GDP per capita (current US$),Economic Policy & Debt,current US$,2021,2266.9683,1749.1795,517.7888,29.60,1,-0.004922
5759,AO,Angola,,,NY.GDP.PCAP.CD,GDP per capita (current US$),Economic Policy & Debt,current US$,2024,2720.8190,2266.9683,453.8507,20.02,0,0
5758,AO,Angola,,,NY.GDP.PCAP.CD,GDP per capita (current US$),Economic Policy & Debt,current US$,2025,3129.4766,2720.8190,408.6576,15.02,1,-0.083860
5758,AO,Angola,,,NY.GDP.PCAP.CD,GDP per capita (current US$),Economic Policy & Debt,current US$,2025,3129.4766,2720.8190,408.6576,15.02,1,-0.018883
3354,AO,Angola,,,SH.H2O.BASW.ZS,People using at least basic drinking water services (% of population),Environment: Water and sanitation,% of population,2018,63.3628,,,,0,0
3353,AO,Angola,,,SH.H2O.BASW.ZS,People using at least basic drinking water services (% of population),Environment: Water and sanitation,% of population,2019,64.1599,63.3628,0.7971,1.26,0,0
3352,AO,Angola,,,SH.H2O.BASW.ZS,People using at least basic drinking water services (% of population),Environment: Water and sanitation,% of population,2020,64.9440,64.1599,0.7841,1.22,0,0
3351,AO,Angola,,,SH.H2O.BASW.ZS,People using at least basic drinking water services (% of population),Environment: Water and sanitation,% of population,2021,65.7163,64.9440,0.7723,1.19,0,0
6911,AO,Angola,,,SH.H2O.BASW.ZS,People using at least basic drinking water services (% of population),Environment: Water and sanitation,% of population,2024,67.9607,65.7163,2.2444,3.42,0,0
2298,AO,Angola,,,SP.DYN.LE00.IN,"Life expectancy at birth, total (years)",Health,years,2018,62.6220,,,,0,0
2297,AO,Angola,,,SP.DYN.LE00.IN,"Life expectancy at birth, total (years)",Health,years,2019,63.0510,62.6220,0.4290,0.69,0,0
2296,AO,Angola,,,SP.DYN.LE00.IN,"Life expectancy at birth, total (years)",Health,years,2020,63.1160,63.0510,0.0650,0.10,0,0
2295,AO,Angola,,,SP.DYN.LE00.IN,"Life expectancy at birth, total (years)",Health,years,2021,62.9580,63.1160,-0.1580,-0.25,0,0
6662,AO,Angola,,,SP.DYN.LE00.IN,"Life expectancy at birth, total (years)",Health,years,2024,64.8050,62.9580,1.8470,2.93,0,0
1242,AO,Angola,,,SP.POP.TOTL,"Population, total",Health: Population,people,2018,31297155.0000,,,,0,0
1241,AO,Angola,,,SP.POP.TOTL,"Population, total",Health: Population,people,2019,32375632.0000,31297155.0000,1078477.0000,3.45,0,0
1240,AO,Angola,,,SP.POP.TOTL,"Population, total",Health: Population,people,2020,33451132.0000,32375632.0000,1075500.0000,3.32,0,0
1239,AO,Angola,,,SP.POP.TOTL,"Population, total",Health: Population,people,2021,34532429.0000,33451132.0000,1081297.0000,3.23,0,0
6217,AO,Angola,,,SP.POP.TOTL,"Population, total",Health: Population,people,2024,37885849.0000,34532429.0000,3353420.0000,9.71,0,0
6216,AO,Angola,,,SP.POP.TOTL,"Population, total",Health: Population,people,2025,39040039.0000,37885849.0000,1154190.0000,3.05,0,0
220,AR,Argentina,,,NY.GDP.PCAP.CD,GDP per capita (current US$),Economic Policy & Debt,current US$,2018,11752.7999,,,,0,0
219,AR,Argentina,,,NY.GDP.PCAP.CD,GDP per capita (current US$),Economic Policy & Debt,current US$,2019,9955.9748,11752.7999,-1796.8251,-15.29,1,-0.044363
218,AR,Argentina,,,NY.GDP.PCAP.CD,GDP per capita (current US$),Economic Policy & Debt,current US$,2020,8535.5994,9955.9748,-1420.3754,-14.27,1,-0.086578
218,AR,Argentina,,,NY.GDP.PCAP.CD,GDP per capita (current US$),Economic Policy & Debt,current US$,2020,8535.5994,9955.9748,-1420.3754,-14.27,1,-0.021601
217,AR,Argentina,,,NY.GDP.PCAP.CD,GDP per capita (current US$),Economic Policy & Debt,current US$,2021,10738.0179,8535.5994,2202.4185,25.80,1,-0.062009
5763,AR,Argentina,,,NY.GDP.PCAP.CD,GDP per capita (current US$),Economic Policy & Debt,current US$,2024,13969.7837,10738.0179,3231.7658,30.10,0,0
5762,AR,Argentina,,,NY.GDP.PCAP.CD,GDP per capita (current US$),Economic Policy & Debt,current US$,2025,14898.0886,13969.7837,928.3049,6.65,1,-0.053286
2306,AR,Argentina,,,SP.DYN.LE00.IN,"Life expectancy at birth, total (years)",Health,years,2018,76.7700,,,,0,0
2305,AR,Argentina,,,SP.DYN.LE00.IN,"Life expectancy at birth, total (years)",Health,years,2019,76.8470,76.7700,0.0770,0.10,0,0
2304,AR,Argentina,,,SP.DYN.LE00.IN,"Life expectancy at birth, total (years)",Health,years,2020,75.8780,76.8470,-0.9690,-1.26,0,0
2303,AR,Argentina,,,SP.DYN.LE00.IN,"Life expectancy at birth, total (years)",Health,years,2021,73.9480,75.8780,-1.9300,-2.54,0,0
6664,AR,Argentina,,,SP.DYN.LE00.IN,"Life expectancy at birth, total (years)",Health,years,2024,77.5430,73.9480,3.5950,4.86,0,0
1250,AR,Argentina,,,SP.POP.TOTL,"Population, total",Health: Population,people,2018,44654882.0000,,,,0,0
1249,AR,Argentina,,,SP.POP.TOTL,"Population, total",Health: Population,people,2019,44973465.0000,44654882.0000,318583.0000,0.71,0,0
1248,AR,Argentina,,,SP.POP.TOTL,"Population, total",Health: Population,people,2020,45191965.0000,44973465.0000,218500.0000,0.49,0,0
1247,AR,Argentina,,,SP.POP.TOTL,"Population, total",Health: Population,people,2021,45312281.0000,45191965.0000,120316.0000,0.27,0,0
6221,AR,Argentina,,,SP.POP.TOTL,"Population, total",Health: Population,people,2024,45696159.0000,45312281.0000,383878.0000,0.85,0,0
6220,AR,Argentina,,,SP.POP.TOTL,"Population, total",Health: Population,people,2025,45851378.0000,45696159.0000,155219.0000,0.34,0,0
204,AS,American Samoa,,,NY.GDP.PCAP.CD,GDP per capita (current US$),Economic Policy & Debt,current US$,2018,12552.0547,,,,0,0
203,AS,American Samoa,,,NY.GDP.PCAP.CD,GDP per capita (current US$),Economic Policy & Debt,current US$,2019,12886.1360,12552.0547,334.0813,2.66,0,0
202,AS,American Samoa,,,NY.GDP.PCAP.CD,GDP per capita (current US$),Economic Policy & Debt,current US$,2020,14489.2587,12886.1360,1603.1227,12.44,0,0
201,AS,American Samoa,,,NY.GDP.PCAP.CD,GDP per capita (current US$),Economic Policy & Debt,current US$,2021,15236.1605,14489.2587,746.9018,5.15,0,0
3346,AS,American Samoa,,,SH.H2O.BASW.ZS,People using at least basic drinking water services (% of population),Environment: Water and sanitation,% of population,2018,99.2719,,,,0,0
3345,AS,American Samoa,,,SH.H2O.BASW.ZS,People using at least basic drinking water services (% of population),Environment: Water and sanitation,% of population,2019,99.5073,99.2719,0.2354,0.24,0,0
3344,AS,American Samoa,,,SH.H2O.BASW.ZS,People using at least basic drinking water services (% of population),Environment: Water and sanitation,% of population,2020,99.7427,99.5073,0.2354,0.24,0,0
3343,AS,American Samoa,,,SH.H2O.BASW.ZS,People using at least basic drinking water services (% of population),Environment: Water and sanitation,% of population,2021,99.9781,99.7427,0.2354,0.24,0,0
6909,AS,American Samoa,,,SH.H2O.BASW.ZS,People using at least basic drinking water services (% of population),Environment: Water and sanitation,% of population,2024,100.0000,99.9781,0.0219,0.02,0,0
2290,AS,American Samoa,,,SP.DYN.LE00.IN,"Life expectancy at birth, total (years)",Health,years,2018,72.7940,,,,0,0
2289,AS,American Samoa,,,SP.DYN.LE00.IN,"Life expectancy at birth, total (years)",Health,years,2019,72.7510,72.7940,-0.0430,-0.06,0,0
2288,AS,American Samoa,,,SP.DYN.LE00.IN,"Life expectancy at birth, total (years)",Health,years,2020,72.6720,72.7510,-0.0790,-0.11,0,0
2287,AS,American Samoa,,,SP.DYN.LE00.IN,"Life expectancy at birth, total (years)",Health,years,2021,72.7080,72.6720,0.0360,0.05,0,0
6660,AS,American Samoa,,,SP.DYN.LE00.IN,"Life expectancy at birth, total (years)",Health,years,2024,72.9920,72.7080,0.2840,0.39,0,0
1234,AS,American Samoa,,,SP.POP.TOTL,"Population, total",Health: Population,people,2018,50908.0000,,,,0,0
1233,AS,American Samoa,,,SP.POP.TOTL,"Population, total",Health: Population,people,2019,50209.0000,50908.0000,-699.0000,-1.37,0,0
1232,AS,American Samoa,,,SP.POP.TOTL,"Population, total",Health: Population,people,2020,49761.0000,50209.0000,-448.0000,-0.89,0,0
1231,AS,American Samoa,,,SP.POP.TOTL,"Population, total",Health: Population,people,2021,49225.0000,49761.0000,-536.0000,-1.08,0,0
6213,AS,American Samoa,,,SP.POP.TOTL,"Population, total",Health: Population,people,2024,46765.0000,49225.0000,-2460.0000,-5.00,0,0
6212,AS,American Samoa,,,SP.POP.TOTL,"Population, total",Health: Population,people,2025,46029.0000,46765.0000,-736.0000,-1.57,0,0
236,AT,Austria,,,NY.GDP.PCAP.CD,GDP per capita (current US$),Economic Policy & Debt,current US$,2018,51194.0750,,,,0,0
235,AT,Austria,,,NY.GDP.PCAP.CD,GDP per capita (current US$),Economic Policy & Debt,current US$,2019,49885.9947,51194.0750,-1308.0803,-2.56,0,0
234,AT,Austria,,,NY.GDP.PCAP.CD,GDP per capita (current US$),Economic Policy & Debt,current US$,2020,48716.4099,49885.9947,-1169.5848,-2.34,0,0
233,AT,Austria,,,NY.GDP.PCAP.CD,GDP per capita (current US$),Economic Policy & Debt,current US$,2021,53648.6438,48716.4099,4932.2339,10.12,0,0
5770,AT,Austria,,,NY.GDP.PCAP.CD,GDP per capita (current US$),Economic Policy & Debt,current US$,2024,58268.8788,53648.6438,4620.2350,8.61,0,0
5769,AT,Austria,,,NY.GDP.PCAP.CD,GDP per capita (current US$),Economic Policy & Debt,current US$,2025,62930.0351,58268.8788,4661.1563,8.00,1,-0.091201
5769,AT,Austria,,,NY.GDP.PCAP.CD,GDP per capita (current US$),Economic Policy & Debt,current US$,2025,62930.0351,58268.8788,4661.1563,8.00,1,-0.026224
3370,AT,Austria,,,SH.H2O.BASW.ZS,People using at least basic drinking water services (% of population),Environment: Water and sanitation,% of population,2018,100.0000,,,,0,0
3369,AT,Austria,,,SH.H2O.BASW.ZS,People using at least basic drinking water services (% of population),Environment: Water and sanitation,% of population,2019,100.0000,100.0000,0.0000,0.00,0,0
3368,AT,Austria,,,SH.H2O.BASW.ZS,People using at least basic drinking water services (% of population),Environment: Water and sanitation,% of population,2020,100.0000,100.0000,0.0000,0.00,0,0
3367,AT,Austria,,,SH.H2O.BASW.ZS,People using at least basic drinking water services (% of population),Environment: Water and sanitation,% of population,2021,100.0000,100.0000,0.0000,0.00,0,0
6915,AT,Austria,,,SH.H2O.BASW.ZS,People using at least basic drinking water services (% of population),Environment: Water and sanitation,% of population,2024,100.0000,100.0000,0.0000,0.00,0,0
2322,AT,Austria,,,SP.DYN.LE00.IN,"Life expectancy at birth, total (years)",Health,years,2018,81.6927,,,,0,0
2321,AT,Austria,,,SP.DYN.LE00.IN,"Life expectancy at birth, total (years)",Health,years,2019,81.8951,81.6927,0.2024,0.25,0,0
2320,AT,Austria,,,SP.DYN.LE00.IN,"Life expectancy at birth, total (years)",Health,years,2020,81.1927,81.8951,-0.7024,-0.86,0,0
2319,AT,Austria,,,SP.DYN.LE00.IN,"Life expectancy at birth, total (years)",Health,years,2021,81.1902,81.1927,-0.0025,0.00,0,0
6668,AT,Austria,,,SP.DYN.LE00.IN,"Life expectancy at birth, total (years)",Health,years,2024,81.9951,81.1902,0.8049,0.99,0,0
1266,AT,Austria,,,SP.POP.TOTL,"Population, total",Health: Population,people,2018,8840521.0000,,,,0,0
1265,AT,Austria,,,SP.POP.TOTL,"Population, total",Health: Population,people,2019,8879920.0000,8840521.0000,39399.0000,0.45,0,0
1264,AT,Austria,,,SP.POP.TOTL,"Population, total",Health: Population,people,2020,8916864.0000,8879920.0000,36944.0000,0.42,0,0
1263,AT,Austria,,,SP.POP.TOTL,"Population, total",Health: Population,people,2021,8955797.0000,8916864.0000,38933.0000,0.44,0,0
6229,AT,Austria,,,SP.POP.TOTL,"Population, total",Health: Population,people,2024,9177982.0000,8955797.0000,222185.0000,2.48,0,0
6228,AT,Austria,,,SP.POP.TOTL,"Population, total",Health: Population,people,2025,9208163.0000,9177982.0000,30181.0000,0.33,0,0
232,AU,Australia,,,NY.GDP.PCAP.CD,GDP per capita (current US$),Economic Policy & Debt,current US$,2018,57410.1737,,,,0,0
231,AU,Australia,,,NY.GDP.PCAP.CD,GDP per capita (current US$),Economic Policy & Debt,current US$,2019,55194.7585,57410.1737,-2215.4152,-3.86,0,0
230,AU,Australia,,,NY.GDP.PCAP.CD,GDP per capita (current US$),Economic Policy & Debt,current US$,2020,51983.4524,55194.7585,-3211.3061,-5.82,1,-0.051927
229,AU,Australia,,,NY.GDP.PCAP.CD,GDP per capita (current US$),Economic Policy & Debt,current US$,2021,60758.9044,51983.4524,8775.4520,16.88,1,-0.046922
5768,AU,Australia,,,NY.GDP.PCAP.CD,GDP per capita (current US$),Economic Policy & Debt,current US$,2024,64609.9865,60758.9044,3851.0821,6.34,0,0
5767,AU,Australia,,,NY.GDP.PCAP.CD,GDP per capita (current US$),Economic Policy & Debt,current US$,2025,65129.7228,64609.9865,519.7363,0.80,0,0
3366,AU,Australia,,,SH.H2O.BASW.ZS,People using at least basic drinking water services (% of population),Environment: Water and sanitation,% of population,2018,99.9699,,,,0,0
3365,AU,Australia,,,SH.H2O.BASW.ZS,People using at least basic drinking water services (% of population),Environment: Water and sanitation,% of population,2019,99.9699,99.9699,0.0000,0.00,0,0
3364,AU,Australia,,,SH.H2O.BASW.ZS,People using at least basic drinking water services (% of population),Environment: Water and sanitation,% of population,2020,99.9698,99.9699,-0.0001,0.00,0,0
3363,AU,Australia,,,SH.H2O.BASW.ZS,People using at least basic drinking water services (% of population),Environment: Water and sanitation,% of population,2021,99.9698,99.9698,0.0000,0.00,0,0
6914,AU,Australia,,,SH.H2O.BASW.ZS,People using at least basic drinking water services (% of population),Environment: Water and sanitation,% of population,2024,99.9696,99.9698,-0.0002,0.00,0,0
2318,AU,Australia,,,SP.DYN.LE00.IN,"Life expectancy at birth, total (years)",Health,years,2018,82.7488,,,,0,0
2317,AU,Australia,,,SP.DYN.LE00.IN,"Life expectancy at birth, total (years)",Health,years,2019,82.9000,82.7488,0.1512,0.18,0,0
2316,AU,Australia,,,SP.DYN.LE00.IN,"Life expectancy at birth, total (years)",Health,years,2020,83.2000,82.9000,0.3000,0.36,0,0
2315,AU,Australia,,,SP.DYN.LE00.IN,"Life expectancy at birth, total (years)",Health,years,2021,83.3000,83.2000,0.1000,0.12,0,0
6667,AU,Australia,,,SP.DYN.LE00.IN,"Life expectancy at birth, total (years)",Health,years,2024,83.0512,83.3000,-0.2488,-0.30,0,0
1262,AU,Australia,,,SP.POP.TOTL,"Population, total",Health: Population,people,2018,24963258.0000,,,,0,0
1261,AU,Australia,,,SP.POP.TOTL,"Population, total",Health: Population,people,2019,25334826.0000,24963258.0000,371568.0000,1.49,0,0
1260,AU,Australia,,,SP.POP.TOTL,"Population, total",Health: Population,people,2020,25649248.0000,25334826.0000,314422.0000,1.24,0,0
1259,AU,Australia,,,SP.POP.TOTL,"Population, total",Health: Population,people,2021,25685412.0000,25649248.0000,36164.0000,0.14,0,0
6227,AU,Australia,,,SP.POP.TOTL,"Population, total",Health: Population,people,2024,27194286.0000,25685412.0000,1508874.0000,5.87,0,0
6226,AU,Australia,,,SP.POP.TOTL,"Population, total",Health: Population,people,2025,27614411.0000,27194286.0000,420125.0000,1.54,0,0
228,AW,Aruba,,,NY.GDP.PCAP.CD,GDP per capita (current US$),Economic Policy & Debt,current US$,2018,30082.1584,,,,0,0
227,AW,Aruba,,,NY.GDP.PCAP.CD,GDP per capita (current US$),Economic Policy & Debt,current US$,2019,30654.4851,30082.1584,572.3267,1.90,0,0
226,AW,Aruba,,,NY.GDP.PCAP.CD,GDP per capita (current US$),Economic Policy & Debt,current US$,2020,22664.3710,30654.4851,-7990.1141,-26.07,1,-0.128791
226,AW,Aruba,,,NY.GDP.PCAP.CD,GDP per capita (current US$),Economic Policy & Debt,current US$,2020,22664.3710,30654.4851,-7990.1141,-26.07,1,-0.063813
225,AW,Aruba,,,NY.GDP.PCAP.CD,GDP per capita (current US$),Economic Policy & Debt,current US$,2021,26827.3448,22664.3710,4162.9738,18.37,1,-0.039461
5766,AW,Aruba,,,NY.GDP.PCAP.CD,GDP per capita (current US$),Economic Policy & Debt,current US$,2024,38590.5650,26827.3448,11763.2202,43.85,1,-0.055451
2314,AW,Aruba,,,SP.DYN.LE00.IN,"Life expectancy at birth, total (years)",Health,years,2018,75.8800,,,,0,0
2313,AW,Aruba,,,SP.DYN.LE00.IN,"Life expectancy at birth, total (years)",Health,years,2019,76.0190,75.8800,0.1390,0.18,0,0
2312,AW,Aruba,,,SP.DYN.LE00.IN,"Life expectancy at birth, total (years)",Health,years,2020,75.4060,76.0190,-0.6130,-0.81,0,0
2311,AW,Aruba,,,SP.DYN.LE00.IN,"Life expectancy at birth, total (years)",Health,years,2021,73.6550,75.4060,-1.7510,-2.32,0,0
6666,AW,Aruba,,,SP.DYN.LE00.IN,"Life expectancy at birth, total (years)",Health,years,2024,76.5000,73.6550,2.8450,3.86,0,0
1258,AW,Aruba,,,SP.POP.TOTL,"Population, total",Health: Population,people,2018,108908.0000,,,,0,0
1257,AW,Aruba,,,SP.POP.TOTL,"Population, total",Health: Population,people,2019,109203.0000,108908.0000,295.0000,0.27,0,0
1256,AW,Aruba,,,SP.POP.TOTL,"Population, total",Health: Population,people,2020,108587.0000,109203.0000,-616.0000,-0.56,0,0
1255,AW,Aruba,,,SP.POP.TOTL,"Population, total",Health: Population,people,2021,107700.0000,108587.0000,-887.0000,-0.82,0,0
6225,AW,Aruba,,,SP.POP.TOTL,"Population, total",Health: Population,people,2024,107995.0000,107700.0000,295.0000,0.27,0,0
6224,AW,Aruba,,,SP.POP.TOTL,"Population, total",Health: Population,people,2025,108785.0000,107995.0000,790.0000,0.73,0,0
240,AZ,Azerbaijan,,,NY.GDP.PCAP.CD,GDP per capita (current US$),Economic Policy & Debt,current US$,2018,4739.7943,,,,0,0
239,AZ,Azerbaijan,,,NY.GDP.PCAP.CD,GDP per capita (current US$),Economic Policy & Debt,current US$,2019,4805.7537,4739.7943,65.9594,1.39,0,0
238,AZ,Azerbaijan,,,NY.GDP.PCAP.CD,GDP per capita (current US$),Economic Policy & Debt,current US$,2020,4229.9106,4805.7537,-575.8431,-11.98,1,-0.068039
238,AZ,Azerbaijan,,,NY.GDP.PCAP.CD,GDP per capita (current US$),Economic Policy & Debt,current US$,2020,4229.9106,4805.7537,-575.8431,-11.98,1,-0.003062
237,AZ,Azerbaijan,,,NY.GDP.PCAP.CD,GDP per capita (current US$),Economic Policy & Debt,current US$,2021,5408.0454,4229.9106,1178.1348,27.85,1,-0.058765
5772,AZ,Azerbaijan,,,NY.GDP.PCAP.CD,GDP per capita (current US$),Economic Policy & Debt,current US$,2024,7294.6428,5408.0454,1886.5974,34.89,1,-0.016309
5771,AZ,Azerbaijan,,,NY.GDP.PCAP.CD,GDP per capita (current US$),Economic Policy & Debt,current US$,2025,7410.7228,7294.6428,116.0800,1.59,1,-0.045177
3374,AZ,Azerbaijan,,,SH.H2O.BASW.ZS,People using at least basic drinking water services (% of population),Environment: Water and sanitation,% of population,2018,92.2761,,,,0,0
3373,AZ,Azerbaijan,,,SH.H2O.BASW.ZS,People using at least basic drinking water services (% of population),Environment: Water and sanitation,% of population,2019,93.2188,92.2761,0.9427,1.02,0,0
3372,AZ,Azerbaijan,,,SH.H2O.BASW.ZS,People using at least basic drinking water services (% of population),Environment: Water and sanitation,% of population,2020,94.1597,93.2188,0.9409,1.01,0,0
3371,AZ,Azerbaijan,,,SH.H2O.BASW.ZS,People using at least basic drinking water services (% of population),Environment: Water and sanitation,% of population,2021,95.0977,94.1597,0.9380,1.00,0,0
6916,AZ,Azerbaijan,,,SH.H2O.BASW.ZS,People using at least basic drinking water services (% of population),Environment: Water and sanitation,% of population,2024,97.6881,95.0977,2.5904,2.72,0,0
2326,AZ,Azerbaijan,,,SP.DYN.LE00.IN,"Life expectancy at birth, total (years)",Health,years,2018,73.0160,,,,0,0
2325,AZ,Azerbaijan,,,SP.DYN.LE00.IN,"Life expectancy at birth, total (years)",Health,years,2019,73.2900,73.0160,0.2740,0.38,0,0
2324,AZ,Azerbaijan,,,SP.DYN.LE00.IN,"Life expectancy at birth, total (years)",Health,years,2020,70.3120,73.2900,-2.9780,-4.06,0,0
2323,AZ,Azerbaijan,,,SP.DYN.LE00.IN,"Life expectancy at birth, total (years)",Health,years,2021,70.9990,70.3120,0.6870,0.98,0,0
6669,AZ,Azerbaijan,,,SP.DYN.LE00.IN,"Life expectancy at birth, total (years)",Health,years,2024,74.5760,70.9990,3.5770,5.04,0,0
1270,AZ,Azerbaijan,,,SP.POP.TOTL,"Population, total",Health: Population,people,2018,9939771.0000,,,,0,0
1269,AZ,Azerbaijan,,,SP.POP.TOTL,"Population, total",Health: Population,people,2019,10024283.0000,9939771.0000,84512.0000,0.85,0,0
1268,AZ,Azerbaijan,,,SP.POP.TOTL,"Population, total",Health: Population,people,2020,10093121.0000,10024283.0000,68838.0000,0.69,0,0
1267,AZ,Azerbaijan,,,SP.POP.TOTL,"Population, total",Health: Population,people,2021,10137750.0000,10093121.0000,44629.0000,0.44,0,0
6231,AZ,Azerbaijan,,,SP.POP.TOTL,"Population, total",Health: Population,people,2024,10202830.0000,10137750.0000,65080.0000,0.64,0,0
6230,AZ,Azerbaijan,,,SP.POP.TOTL,"Population, total",Health: Population,people,2025,10246996.0000,10202830.0000,44166.0000,0.43,0,0
20,B8,Central Europe and the Baltics,,,NY.GDP.PCAP.CD,GDP per capita (current US$),Economic Policy & Debt,current US$,2018,16227.2845,,,,0,0
19,B8,Central Europe and the Baltics,,,NY.GDP.PCAP.CD,GDP per capita (current US$),Economic Policy & Debt,current US$,2019,16534.9662,16227.2845,307.6817,1.90,0,0
18,B8,Central Europe and the Baltics,,,NY.GDP.PCAP.CD,GDP per capita (current US$),Economic Policy & Debt,current US$,2020,16581.3833,16534.9662,46.4171,0.28,0,0
17,B8,Central Europe and the Baltics,,,NY.GDP.PCAP.CD,GDP per capita (current US$),Economic Policy & Debt,current US$,2021,19224.3288,16581.3833,2642.9455,15.94,0,0
5666,B8,Central Europe and the Baltics,,,NY.GDP.PCAP.CD,GDP per capita (current US$),Economic Policy & Debt,current US$,2024,24616.0958,19224.3288,5391.7670,28.05,0,0
5665,B8,Central Europe and the Baltics,,,NY.GDP.PCAP.CD,GDP per capita (current US$),Economic Policy & Debt,current US$,2025,27676.9390,24616.0958,3060.8432,12.43,1,-0.136475
5665,B8,Central Europe and the Baltics,,,NY.GDP.PCAP.CD,GDP per capita (current US$),Economic Policy & Debt,current US$,2025,27676.9390,24616.0958,3060.8432,12.43,1,-0.071498
3162,B8,Central Europe and the Baltics,,,SH.H2O.BASW.ZS,People using at least basic drinking water services (% of population),Environment: Water and sanitation,% of population,2018,97.1608,,,,0,0
3161,B8,Central Europe and the Baltics,,,SH.H2O.BASW.ZS,People using at least basic drinking water services (% of population),Environment: Water and sanitation,% of population,2019,96.9918,97.1608,-0.1690,-0.17,0,0
3160,B8,Central Europe and the Baltics,,,SH.H2O.BASW.ZS,People using at least basic drinking water services (% of population),Environment: Water and sanitation,% of population,2020,96.8397,96.9918,-0.1521,-0.16,0,0
3159,B8,Central Europe and the Baltics,,,SH.H2O.BASW.ZS,People using at least basic drinking water services (% of population),Environment: Water and sanitation,% of population,2021,96.6852,96.8397,-0.1545,-0.16,0,0
6863,B8,Central Europe and the Baltics,,,SH.H2O.BASW.ZS,People using at least basic drinking water services (% of population),Environment: Water and sanitation,% of population,2024,96.1518,96.6852,-0.5334,-0.55,0,0
2106,B8,Central Europe and the Baltics,,,SP.DYN.LE00.IN,"Life expectancy at birth, total (years)",Health,years,2018,76.9764,,,,0,0
2105,B8,Central Europe and the Baltics,,,SP.DYN.LE00.IN,"Life expectancy at birth, total (years)",Health,years,2019,77.2659,76.9764,0.2895,0.38,0,0
2104,B8,Central Europe and the Baltics,,,SP.DYN.LE00.IN,"Life expectancy at birth, total (years)",Health,years,2020,76.0163,77.2659,-1.2496,-1.62,0,0
2103,B8,Central Europe and the Baltics,,,SP.DYN.LE00.IN,"Life expectancy at birth, total (years)",Health,years,2021,74.7233,76.0163,-1.2930,-1.70,0,0
6614,B8,Central Europe and the Baltics,,,SP.DYN.LE00.IN,"Life expectancy at birth, total (years)",Health,years,2024,77.9181,74.7233,3.1948,4.28,0,0
1050,B8,Central Europe and the Baltics,,,SP.POP.TOTL,"Population, total",Health: Population,people,2018,102074201.0000,,,,0,0
1049,B8,Central Europe and the Baltics,,,SP.POP.TOTL,"Population, total",Health: Population,people,2019,101864274.0000,102074201.0000,-209927.0000,-0.21,0,0
1048,B8,Central Europe and the Baltics,,,SP.POP.TOTL,"Population, total",Health: Population,people,2020,101215763.0000,101864274.0000,-648511.0000,-0.64,0,0
1047,B8,Central Europe and the Baltics,,,SP.POP.TOTL,"Population, total",Health: Population,people,2021,100205732.0000,101215763.0000,-1010031.0000,-1.00,0,0
6121,B8,Central Europe and the Baltics,,,SP.POP.TOTL,"Population, total",Health: Population,people,2024,100061963.0000,100205732.0000,-143769.0000,-0.14,0,0
6120,B8,Central Europe and the Baltics,,,SP.POP.TOTL,"Population, total",Health: Population,people,2025,99814596.0000,100061963.0000,-247367.0000,-0.25,0,0
288,BA,Bosnia and Herzegovina,,,NY.GDP.PCAP.CD,GDP per capita (current US$),Economic Policy & Debt,current US$,2018,6047.8471,,,,0,0
287,BA,Bosnia and Herzegovina,,,NY.GDP.PCAP.CD,GDP per capita (current US$),Economic Policy & Debt,current US$,2019,6122.3754,6047.8471,74.5283,1.23,0,0
286,BA,Bosnia and Herzegovina,,,NY.GDP.PCAP.CD,GDP per capita (current US$),Economic Policy & Debt,current US$,2020,6130.3119,6122.3754,7.9365,0.13,0,0
285,BA,Bosnia and Herzegovina,,,NY.GDP.PCAP.CD,GDP per capita (current US$),Economic Policy & Debt,current US$,2021,7295.3438,6130.3119,1165.0319,19.00,1,-0.004704
5794,BA,Bosnia and Herzegovina,,,NY.GDP.PCAP.CD,GDP per capita (current US$),Economic Policy & Debt,current US$,2024,9397.9094,7295.3438,2102.5656,28.82,0,0
5793,BA,Bosnia and Herzegovina,,,NY.GDP.PCAP.CD,GDP per capita (current US$),Economic Policy & Debt,current US$,2025,10381.8461,9397.9094,983.9367,10.47,1,-0.099758
5793,BA,Bosnia and Herzegovina,,,NY.GDP.PCAP.CD,GDP per capita (current US$),Economic Policy & Debt,current US$,2025,10381.8461,9397.9094,983.9367,10.47,1,-0.034781
3420,BA,Bosnia and Herzegovina,,,SH.H2O.BASW.ZS,People using at least basic drinking water services (% of population),Environment: Water and sanitation,% of population,2018,96.1478,,,,0,0
3419,BA,Bosnia and Herzegovina,,,SH.H2O.BASW.ZS,People using at least basic drinking water services (% of population),Environment: Water and sanitation,% of population,2019,96.1385,96.1478,-0.0093,-0.01,0,0
3418,BA,Bosnia and Herzegovina,,,SH.H2O.BASW.ZS,People using at least basic drinking water services (% of population),Environment: Water and sanitation,% of population,2020,96.1288,96.1385,-0.0097,-0.01,0,0
3417,BA,Bosnia and Herzegovina,,,SH.H2O.BASW.ZS,People using at least basic drinking water services (% of population),Environment: Water and sanitation,% of population,2021,96.1188,96.1288,-0.0100,-0.01,0,0
6927,BA,Bosnia and Herzegovina,,,SH.H2O.BASW.ZS,People using at least basic drinking water services (% of population),Environment: Water and sanitation,% of population,2024,96.0873,96.1188,-0.0315,-0.03,0,0
2374,BA,Bosnia and Herzegovina,,,SP.DYN.LE00.IN,"Life expectancy at birth, total (years)",Health,years,2018,77.9420,,,,0,0
2373,BA,Bosnia and Herzegovina,,,SP.DYN.LE00.IN,"Life expectancy at birth, total (years)",Health,years,2019,77.3940,77.9420,-0.5480,-0.70,0,0
2372,BA,Bosnia and Herzegovina,,,SP.DYN.LE00.IN,"Life expectancy at birth, total (years)",Health,years,2020,76.0400,77.3940,-1.3540,-1.75,0,0
2371,BA,Bosnia and Herzegovina,,,SP.DYN.LE00.IN,"Life expectancy at birth, total (years)",Health,years,2021,74.5670,76.0400,-1.4730,-1.94,0,0
6681,BA,Bosnia and Herzegovina,,,SP.DYN.LE00.IN,"Life expectancy at birth, total (years)",Health,years,2024,78.0440,74.5670,3.4770,4.66,0,0
1318,BA,Bosnia and Herzegovina,,,SP.POP.TOTL,"Population, total",Health: Population,people,2018,3387000.0000,,,,0,0
1317,BA,Bosnia and Herzegovina,,,SP.POP.TOTL,"Population, total",Health: Population,people,2019,3345533.0000,3387000.0000,-41467.0000,-1.22,0,0
1316,BA,Bosnia and Herzegovina,,,SP.POP.TOTL,"Population, total",Health: Population,people,2020,3299349.0000,3345533.0000,-46184.0000,-1.38,0,0
1315,BA,Bosnia and Herzegovina,,,SP.POP.TOTL,"Population, total",Health: Population,people,2021,3244907.0000,3299349.0000,-54442.0000,-1.65,0,0
6255,BA,Bosnia and Herzegovina,,,SP.POP.TOTL,"Population, total",Health: Population,people,2024,3164253.0000,3244907.0000,-80654.0000,-2.49,0,0
6254,BA,Bosnia and Herzegovina,,,SP.POP.TOTL,"Population, total",Health: Population,people,2025,3140095.0000,3164253.0000,-24158.0000,-0.76,0,0
256,BB,Barbados,,,NY.GDP.PCAP.CD,GDP per capita (current US$),Economic Policy & Debt,current US$,2018,21378.2201,,,,0,0
255,BB,Barbados,,,NY.GDP.PCAP.CD,GDP per capita (current US$),Economic Policy & Debt,current US$,2019,21929.4356,21378.2201,551.2155,2.58,0,0
254,BB,Barbados,,,NY.GDP.PCAP.CD,GDP per capita (current US$),Economic Policy & Debt,current US$,2020,19180.9915,21929.4356,-2748.4441,-12.53,1,-0.053247
253,BB,Barbados,,,NY.GDP.PCAP.CD,GDP per capita (current US$),Economic Policy & Debt,current US$,2021,21084.4014,19180.9915,1903.4099,9.92,0,0
5779,BB,Barbados,,,NY.GDP.PCAP.CD,GDP per capita (current US$),Economic Policy & Debt,current US$,2024,26897.2002,21084.4014,5812.7988,27.57,0,0
5778,BB,Barbados,,,NY.GDP.PCAP.CD,GDP per capita (current US$),Economic Policy & Debt,current US$,2025,28364.8181,26897.2002,1467.6179,5.46,1,-0.045425
3388,BB,Barbados,,,SH.H2O.BASW.ZS,People using at least basic drinking water services (% of population),Environment: Water and sanitation,% of population,2018,98.9248,,,,0,0
3387,BB,Barbados,,,SH.H2O.BASW.ZS,People using at least basic drinking water services (% of population),Environment: Water and sanitation,% of population,2019,98.9724,98.9248,0.0476,0.05,0,0
3386,BB,Barbados,,,SH.H2O.BASW.ZS,People using at least basic drinking water services (% of population),Environment: Water and sanitation,% of population,2020,99.0199,98.9724,0.0475,0.05,0,0
3385,BB,Barbados,,,SH.H2O.BASW.ZS,People using at least basic drinking water services (% of population),Environment: Water and sanitation,% of population,2021,99.0675,99.0199,0.0476,0.05,0,0
6919,BB,Barbados,,,SH.H2O.BASW.ZS,People using at least basic drinking water services (% of population),Environment: Water and sanitation,% of population,2024,99.1626,99.0675,0.0951,0.10,0,0
2342,BB,Barbados,,,SP.DYN.LE00.IN,"Life expectancy at birth, total (years)",Health,years,2018,76.3780,,,,0,0
2341,BB,Barbados,,,SP.DYN.LE00.IN,"Life expectancy at birth, total (years)",Health,years,2019,76.4950,76.3780,0.1170,0.15,0,0
2340,BB,Barbados,,,SP.DYN.LE00.IN,"Life expectancy at birth, total (years)",Health,years,2020,76.6470,76.4950,0.1520,0.20,0,0
2339,BB,Barbados,,,SP.DYN.LE00.IN,"Life expectancy at birth, total (years)",Health,years,2021,76.5800,76.6470,-0.0670,-0.09,0,0
6673,BB,Barbados,,,SP.DYN.LE00.IN,"Life expectancy at birth, total (years)",Health,years,2024,76.3320,76.5800,-0.2480,-0.32,0,0
1286,BB,Barbados,,,SP.POP.TOTL,"Population, total",Health: Population,people,2018,280711.0000,,,,0,0
1285,BB,Barbados,,,SP.POP.TOTL,"Population, total",Health: Population,people,2019,281207.0000,280711.0000,496.0000,0.18,0,0
1284,BB,Barbados,,,SP.POP.TOTL,"Population, total",Health: Population,people,2020,281698.0000,281207.0000,491.0000,0.17,0,0
1283,BB,Barbados,,,SP.POP.TOTL,"Population, total",Health: Population,people,2021,282147.0000,281698.0000,449.0000,0.16,0,0
6239,BB,Barbados,,,SP.POP.TOTL,"Population, total",Health: Population,people,2024,282467.0000,282147.0000,320.0000,0.11,0,0
6238,BB,Barbados,,,SP.POP.TOTL,"Population, total",Health: Population,people,2025,282623.0000,282467.0000,156.0000,0.06,0,0
252,BD,Bangladesh,,,NY.GDP.PCAP.CD,GDP per capita (current US$),Economic Policy & Debt,current US$,2018,1965.2437,,,,0,0
251,BD,Bangladesh,,,NY.GDP.PCAP.CD,GDP per capita (current US$),Economic Policy & Debt,current US$,2019,2129.7990,1965.2437,164.5553,8.37,0,0
250,BD,Bangladesh,,,NY.GDP.PCAP.CD,GDP per capita (current US$),Economic Policy & Debt,current US$,2020,2248.8508,2129.7990,119.0518,5.59,0,0
249,BD,Bangladesh,,,NY.GDP.PCAP.CD,GDP per capita (current US$),Economic Policy & Debt,current US$,2021,2482.8492,2248.8508,233.9984,10.41,0,0
5777,BD,Bangladesh,,,NY.GDP.PCAP.CD,GDP per capita (current US$),Economic Policy & Debt,current US$,2024,2593.4161,2482.8492,110.5669,4.45,0,0
5776,BD,Bangladesh,,,NY.GDP.PCAP.CD,GDP per capita (current US$),Economic Policy & Debt,current US$,2025,2597.3435,2593.4161,3.9274,0.15,0,0
3384,BD,Bangladesh,,,SH.H2O.BASW.ZS,People using at least basic drinking water services (% of population),Environment: Water and sanitation,% of population,2018,97.9333,,,,0,0
3383,BD,Bangladesh,,,SH.H2O.BASW.ZS,People using at least basic drinking water services (% of population),Environment: Water and sanitation,% of population,2019,98.1044,97.9333,0.1711,0.17,0,0
3382,BD,Bangladesh,,,SH.H2O.BASW.ZS,People using at least basic drinking water services (% of population),Environment: Water and sanitation,% of population,2020,98.2726,98.1044,0.1682,0.17,0,0
3381,BD,Bangladesh,,,SH.H2O.BASW.ZS,People using at least basic drinking water services (% of population),Environment: Water and sanitation,% of population,2021,98.4379,98.2726,0.1653,0.17,0,0
6918,BD,Bangladesh,,,SH.H2O.BASW.ZS,People using at least basic drinking water services (% of population),Environment: Water and sanitation,% of population,2024,98.7825,98.4379,0.3446,0.35,0,0
2338,BD,Bangladesh,,,SP.DYN.LE00.IN,"Life expectancy at birth, total (years)",Health,years,2018,72.1220,,,,0,0
2337,BD,Bangladesh,,,SP.DYN.LE00.IN,"Life expectancy at birth, total (years)",Health,years,2019,72.6250,72.1220,0.5030,0.70,0,0
2336,BD,Bangladesh,,,SP.DYN.LE00.IN,"Life expectancy at birth, total (years)",Health,years,2020,71.4210,72.6250,-1.2040,-1.66,0,0
2335,BD,Bangladesh,,,SP.DYN.LE00.IN,"Life expectancy at birth, total (years)",Health,years,2021,71.1030,71.4210,-0.3180,-0.45,0,0
6672,BD,Bangladesh,,,SP.DYN.LE00.IN,"Life expectancy at birth, total (years)",Health,years,2024,74.9300,71.1030,3.8270,5.38,0,0
1282,BD,Bangladesh,,,SP.POP.TOTL,"Population, total",Health: Population,people,2018,163523103.0000,,,,0,0
1281,BD,Bangladesh,,,SP.POP.TOTL,"Population, total",Health: Population,people,2019,164913055.0000,163523103.0000,1389952.0000,0.85,0,0
1280,BD,Bangladesh,,,SP.POP.TOTL,"Population, total",Health: Population,people,2020,166298024.0000,164913055.0000,1384969.0000,0.84,0,0
1279,BD,Bangladesh,,,SP.POP.TOTL,"Population, total",Health: Population,people,2021,167658854.0000,166298024.0000,1360830.0000,0.82,0,0
6237,BD,Bangladesh,,,SP.POP.TOTL,"Population, total",Health: Population,people,2024,173562364.0000,167658854.0000,5903510.0000,3.52,0,0
6236,BD,Bangladesh,,,SP.POP.TOTL,"Population, total",Health: Population,people,2025,175686899.0000,173562364.0000,2124535.0000,1.22,0,0
264,BE,Belgium,,,NY.GDP.PCAP.CD,GDP per capita (current US$),Economic Policy & Debt,current US$,2018,47487.2100,,,,0,0
263,BE,Belgium,,,NY.GDP.PCAP.CD,GDP per capita (current US$),Economic Policy & Debt,current US$,2019,46716.6227,47487.2100,-770.5873,-1.62,0,0
262,BE,Belgium,,,NY.GDP.PCAP.CD,GDP per capita (current US$),Economic Policy & Debt,current US$,2020,45906.2876,46716.6227,-810.3351,-1.73,0,0
261,BE,Belgium,,,NY.GDP.PCAP.CD,GDP per capita (current US$),Economic Policy & Debt,current US$,2021,51658.2383,45906.2876,5751.9507,12.53,0,0
5783,BE,Belgium,,,NY.GDP.PCAP.CD,GDP per capita (current US$),Economic Policy & Debt,current US$,2024,56581.9376,51658.2383,4923.6993,9.53,0,0
5782,BE,Belgium,,,NY.GDP.PCAP.CD,GDP per capita (current US$),Economic Policy & Debt,current US$,2025,60750.2736,56581.9376,4168.3360,7.37,1,-0.080093
5782,BE,Belgium,,,NY.GDP.PCAP.CD,GDP per capita (current US$),Economic Policy & Debt,current US$,2025,60750.2736,56581.9376,4168.3360,7.37,1,-0.015115
3396,BE,Belgium,,,SH.H2O.BASW.ZS,People using at least basic drinking water services (% of population),Environment: Water and sanitation,% of population,2018,100.0000,,,,0,0
3395,BE,Belgium,,,SH.H2O.BASW.ZS,People using at least basic drinking water services (% of population),Environment: Water and sanitation,% of population,2019,100.0000,100.0000,0.0000,0.00,0,0
3394,BE,Belgium,,,SH.H2O.BASW.ZS,People using at least basic drinking water services (% of population),Environment: Water and sanitation,% of population,2020,100.0000,100.0000,0.0000,0.00,0,0
3393,BE,Belgium,,,SH.H2O.BASW.ZS,People using at least basic drinking water services (% of population),Environment: Water and sanitation,% of population,2021,100.0000,100.0000,0.0000,0.00,0,0
6921,BE,Belgium,,,SH.H2O.BASW.ZS,People using at least basic drinking water services (% of population),Environment: Water and sanitation,% of population,2024,100.0000,100.0000,0.0000,0.00,0,0
2350,BE,Belgium,,,SP.DYN.LE00.IN,"Life expectancy at birth, total (years)",Health,years,2018,81.5951,,,,0,0
2349,BE,Belgium,,,SP.DYN.LE00.IN,"Life expectancy at birth, total (years)",Health,years,2019,81.9951,81.5951,0.4000,0.49,0,0
2348,BE,Belgium,,,SP.DYN.LE00.IN,"Life expectancy at birth, total (years)",Health,years,2020,80.6951,81.9951,-1.3000,-1.59,0,0
2347,BE,Belgium,,,SP.DYN.LE00.IN,"Life expectancy at birth, total (years)",Health,years,2021,81.7902,80.6951,1.0951,1.36,0,0
6675,BE,Belgium,,,SP.DYN.LE00.IN,"Life expectancy at birth, total (years)",Health,years,2024,82.3000,81.7902,0.5098,0.62,0,0
1294,BE,Belgium,,,SP.POP.TOTL,"Population, total",Health: Population,people,2018,11427054.0000,,,,0,0
1293,BE,Belgium,,,SP.POP.TOTL,"Population, total",Health: Population,people,2019,11488980.0000,11427054.0000,61926.0000,0.54,0,0
1292,BE,Belgium,,,SP.POP.TOTL,"Population, total",Health: Population,people,2020,11538604.0000,11488980.0000,49624.0000,0.43,0,0
1291,BE,Belgium,,,SP.POP.TOTL,"Population, total",Health: Population,people,2021,11586195.0000,11538604.0000,47591.0000,0.41,0,0
6243,BE,Belgium,,,SP.POP.TOTL,"Population, total",Health: Population,people,2024,11858610.0000,11586195.0000,272415.0000,2.35,0,0
6242,BE,Belgium,,,SP.POP.TOTL,"Population, total",Health: Population,people,2025,11941781.0000,11858610.0000,83171.0000,0.70,0,0
308,BF,Burkina Faso,,,NY.GDP.PCAP.CD,GDP per capita (current US$),Economic Policy & Debt,current US$,2018,777.4656,,,,0,0
307,BF,Burkina Faso,,,NY.GDP.PCAP.CD,GDP per capita (current US$),Economic Policy & Debt,current US$,2019,764.8531,777.4656,-12.6125,-1.62,0,0
306,BF,Burkina Faso,,,NY.GDP.PCAP.CD,GDP per capita (current US$),Economic Policy & Debt,current US$,2020,825.2370,764.8531,60.3839,7.89,0,0
305,BF,Burkina Faso,,,NY.GDP.PCAP.CD,GDP per capita (current US$),Economic Policy & Debt,current US$,2021,895.5353,825.2370,70.2983,8.52,0,0
5804,BF,Burkina Faso,,,NY.GDP.PCAP.CD,GDP per capita (current US$),Economic Policy & Debt,current US$,2024,982.4931,895.5353,86.9578,9.71,0,0
5803,BF,Burkina Faso,,,NY.GDP.PCAP.CD,GDP per capita (current US$),Economic Policy & Debt,current US$,2025,1147.5713,982.4931,165.0782,16.80,1,-0.141525
5803,BF,Burkina Faso,,,NY.GDP.PCAP.CD,GDP per capita (current US$),Economic Policy & Debt,current US$,2025,1147.5713,982.4931,165.0782,16.80,1,-0.076548
3444,BF,Burkina Faso,,,SH.H2O.BASW.ZS,People using at least basic drinking water services (% of population),Environment: Water and sanitation,% of population,2018,51.0144,,,,0,0
3443,BF,Burkina Faso,,,SH.H2O.BASW.ZS,People using at least basic drinking water services (% of population),Environment: Water and sanitation,% of population,2019,50.6996,51.0144,-0.3148,-0.62,0,0
3442,BF,Burkina Faso,,,SH.H2O.BASW.ZS,People using at least basic drinking water services (% of population),Environment: Water and sanitation,% of population,2020,50.3863,50.6996,-0.3133,-0.62,0,0
3441,BF,Burkina Faso,,,SH.H2O.BASW.ZS,People using at least basic drinking water services (% of population),Environment: Water and sanitation,% of population,2021,50.0753,50.3863,-0.3110,-0.62,0,0
6933,BF,Burkina Faso,,,SH.H2O.BASW.ZS,People using at least basic drinking water services (% of population),Environment: Water and sanitation,% of population,2024,49.9987,50.0753,-0.0766,-0.15,0,0
2398,BF,Burkina Faso,,,SP.DYN.LE00.IN,"Life expectancy at birth, total (years)",Health,years,2018,59.9720,,,,0,0
2397,BF,Burkina Faso,,,SP.DYN.LE00.IN,"Life expectancy at birth, total (years)",Health,years,2019,60.1840,59.9720,0.2120,0.35,0,0
2396,BF,Burkina Faso,,,SP.DYN.LE00.IN,"Life expectancy at birth, total (years)",Health,years,2020,60.4540,60.1840,0.2700,0.45,0,0
2395,BF,Burkina Faso,,,SP.DYN.LE00.IN,"Life expectancy at birth, total (years)",Health,years,2021,60.0460,60.4540,-0.4080,-0.67,0,0
6687,BF,Burkina Faso,,,SP.DYN.LE00.IN,"Life expectancy at birth, total (years)",Health,years,2024,61.2920,60.0460,1.2460,2.08,0,0
1342,BF,Burkina Faso,,,SP.POP.TOTL,"Population, total",Health: Population,people,2018,20438288.0000,,,,0,0
1341,BF,Burkina Faso,,,SP.POP.TOTL,"Population, total",Health: Population,people,2019,20961952.0000,20438288.0000,523664.0000,2.56,0,0
1340,BF,Burkina Faso,,,SP.POP.TOTL,"Population, total",Health: Population,people,2020,21478690.0000,20961952.0000,516738.0000,2.47,0,0
1339,BF,Burkina Faso,,,SP.POP.TOTL,"Population, total",Health: Population,people,2021,21995243.0000,21478690.0000,516553.0000,2.40,0,0
6267,BF,Burkina Faso,,,SP.POP.TOTL,"Population, total",Health: Population,people,2024,23548781.0000,21995243.0000,1553538.0000,7.06,0,0
6266,BF,Burkina Faso,,,SP.POP.TOTL,"Population, total",Health: Population,people,2025,24074580.0000,23548781.0000,525799.0000,2.23,0,0
304,BG,Bulgaria,,,NY.GDP.PCAP.CD,GDP per capita (current US$),Economic Policy & Debt,current US$,2018,9849.8877,,,,1,-0.003421
303,BG,Bulgaria,,,NY.GDP.PCAP.CD,GDP per capita (current US$),Economic Policy & Debt,current US$,2019,10354.2500,9849.8877,504.3623,5.12,1,-0.017647
302,BG,Bulgaria,,,NY.GDP.PCAP.CD,GDP per capita (current US$),Economic Policy & Debt,current US$,2020,10760.7616,10354.2500,406.5116,3.93,0,0
301,BG,Bulgaria,,,NY.GDP.PCAP.CD,GDP per capita (current US$),Economic Policy & Debt,current US$,2021,12966.8085,10760.7616,2206.0469,20.50,1,-0.022007
5802,BG,Bulgaria,,,NY.GDP.PCAP.CD,GDP per capita (current US$),Economic Policy & Debt,current US$,2024,17596.9168,12966.8085,4630.1083,35.71,1,-0.022700
5801,BG,Bulgaria,,,NY.GDP.PCAP.CD,GDP per capita (current US$),Economic Policy & Debt,current US$,2025,20328.1667,17596.9168,2731.2499,15.52,1,-0.151098
5801,BG,Bulgaria,,,NY.GDP.PCAP.CD,GDP per capita (current US$),Economic Policy & Debt,current US$,2025,20328.1667,17596.9168,2731.2499,15.52,1,-0.086120
3440,BG,Bulgaria,,,SH.H2O.BASW.ZS,People using at least basic drinking water services (% of population),Environment: Water and sanitation,% of population,2018,99.2924,,,,0,0
3439,BG,Bulgaria,,,SH.H2O.BASW.ZS,People using at least basic drinking water services (% of population),Environment: Water and sanitation,% of population,2019,99.2732,99.2924,-0.0192,-0.02,0,0
3438,BG,Bulgaria,,,SH.H2O.BASW.ZS,People using at least basic drinking water services (% of population),Environment: Water and sanitation,% of population,2020,99.2545,99.2732,-0.0187,-0.02,0,0
3437,BG,Bulgaria,,,SH.H2O.BASW.ZS,People using at least basic drinking water services (% of population),Environment: Water and sanitation,% of population,2021,99.2363,99.2545,-0.0182,-0.02,0,0
6932,BG,Bulgaria,,,SH.H2O.BASW.ZS,People using at least basic drinking water services (% of population),Environment: Water and sanitation,% of population,2024,99.1853,99.2363,-0.0510,-0.05,0,0
2394,BG,Bulgaria,,,SP.DYN.LE00.IN,"Life expectancy at birth, total (years)",Health,years,2018,74.9634,,,,0,0
2393,BG,Bulgaria,,,SP.DYN.LE00.IN,"Life expectancy at birth, total (years)",Health,years,2019,75.1122,74.9634,0.1488,0.20,0,0
2392,BG,Bulgaria,,,SP.DYN.LE00.IN,"Life expectancy at birth, total (years)",Health,years,2020,73.3561,75.1122,-1.7561,-2.34,0,0
2391,BG,Bulgaria,,,SP.DYN.LE00.IN,"Life expectancy at birth, total (years)",Health,years,2021,71.2122,73.3561,-2.1439,-2.92,0,0
6686,BG,Bulgaria,,,SP.DYN.LE00.IN,"Life expectancy at birth, total (years)",Health,years,2024,75.7610,71.2122,4.5488,6.39,0,0
1338,BG,Bulgaria,,,SP.POP.TOTL,"Population, total",Health: Population,people,2018,6710798.0000,,,,0,0
1337,BG,Bulgaria,,,SP.POP.TOTL,"Population, total",Health: Population,people,2019,6616726.0000,6710798.0000,-94072.0000,-1.40,0,0
1336,BG,Bulgaria,,,SP.POP.TOTL,"Population, total",Health: Population,people,2020,6550696.0000,6616726.0000,-66030.0000,-1.00,0,0
1335,BG,Bulgaria,,,SP.POP.TOTL,"Population, total",Health: Population,people,2021,6507301.0000,6550696.0000,-43395.0000,-0.66,0,0
6265,BG,Bulgaria,,,SP.POP.TOTL,"Population, total",Health: Population,people,2024,6441421.0000,6507301.0000,-65880.0000,-1.01,0,0
6264,BG,Bulgaria,,,SP.POP.TOTL,"Population, total",Health: Population,people,2025,6433302.0000,6441421.0000,-8119.0000,-0.13,0,0
248,BH,Bahrain,,,NY.GDP.PCAP.CD,GDP per capita (current US$),Economic Policy & Debt,current US$,2018,26324.4067,,,,0,0
247,BH,Bahrain,,,NY.GDP.PCAP.CD,GDP per capita (current US$),Economic Policy & Debt,current US$,2019,27259.7439,26324.4067,935.3372,3.55,0,0
246,BH,Bahrain,,,NY.GDP.PCAP.CD,GDP per capita (current US$),Economic Policy & Debt,current US$,2020,24342.8445,27259.7439,-2916.8994,-10.70,1,-0.049811
245,BH,Bahrain,,,NY.GDP.PCAP.CD,GDP per capita (current US$),Economic Policy & Debt,current US$,2021,27147.8084,24342.8445,2804.9639,11.52,0,0
5775,BH,Bahrain,,,NY.GDP.PCAP.CD,GDP per capita (current US$),Economic Policy & Debt,current US$,2024,29717.1425,27147.8084,2569.3341,9.46,0,0
5774,BH,Bahrain,,,NY.GDP.PCAP.CD,GDP per capita (current US$),Economic Policy & Debt,current US$,2025,30596.5795,29717.1425,879.4370,2.96,0,0
3380,BH,Bahrain,,,SH.H2O.BASW.ZS,People using at least basic drinking water services (% of population),Environment: Water and sanitation,% of population,2018,99.9238,,,,0,0
3379,BH,Bahrain,,,SH.H2O.BASW.ZS,People using at least basic drinking water services (% of population),Environment: Water and sanitation,% of population,2019,99.9218,99.9238,-0.0020,0.00,0,0
3378,BH,Bahrain,,,SH.H2O.BASW.ZS,People using at least basic drinking water services (% of population),Environment: Water and sanitation,% of population,2020,99.9199,99.9218,-0.0019,0.00,0,0
3377,BH,Bahrain,,,SH.H2O.BASW.ZS,People using at least basic drinking water services (% of population),Environment: Water and sanitation,% of population,2021,99.9199,99.9199,0.0000,0.00,0,0
6917,BH,Bahrain,,,SH.H2O.BASW.ZS,People using at least basic drinking water services (% of population),Environment: Water and sanitation,% of population,2024,99.9199,99.9199,0.0000,0.00,0,0
2334,BH,Bahrain,,,SP.DYN.LE00.IN,"Life expectancy at birth, total (years)",Health,years,2018,80.4120,,,,0,0
2333,BH,Bahrain,,,SP.DYN.LE00.IN,"Life expectancy at birth, total (years)",Health,years,2019,80.4710,80.4120,0.0590,0.07,0,0
2332,BH,Bahrain,,,SP.DYN.LE00.IN,"Life expectancy at birth, total (years)",Health,years,2020,78.6830,80.4710,-1.7880,-2.22,0,0
2331,BH,Bahrain,,,SP.DYN.LE00.IN,"Life expectancy at birth, total (years)",Health,years,2021,78.0830,78.6830,-0.6000,-0.76,0,0
6671,BH,Bahrain,,,SP.DYN.LE00.IN,"Life expectancy at birth, total (years)",Health,years,2024,81.4230,78.0830,3.3400,4.28,0,0
1278,BH,Bahrain,,,SP.POP.TOTL,"Population, total",Health: Population,people,2018,1503091.0000,,,,0,0
1277,BH,Bahrain,,,SP.POP.TOTL,"Population, total",Health: Population,people,2019,1483756.0000,1503091.0000,-19335.0000,-1.29,0,0
1276,BH,Bahrain,,,SP.POP.TOTL,"Population, total",Health: Population,people,2020,1472204.0000,1483756.0000,-11552.0000,-0.78,0,0
1275,BH,Bahrain,,,SP.POP.TOTL,"Population, total",Health: Population,people,2021,1504365.0000,1472204.0000,32161.0000,2.18,0,0
6235,BH,Bahrain,,,SP.POP.TOTL,"Population, total",Health: Population,people,2024,1588670.0000,1504365.0000,84305.0000,5.60,0,0
6234,BH,Bahrain,,,SP.POP.TOTL,"Population, total",Health: Population,people,2025,1600366.0000,1588670.0000,11696.0000,0.74,0,0
312,BI,Burundi,,,NY.GDP.PCAP.CD,GDP per capita (current US$),Economic Policy & Debt,current US$,2018,245.6617,,,,0,0
311,BI,Burundi,,,NY.GDP.PCAP.CD,GDP per capita (current US$),Economic Policy & Debt,current US$,2019,234.3106,245.6617,-11.3511,-4.62,0,0
310,BI,Burundi,,,NY.GDP.PCAP.CD,GDP per capita (current US$),Economic Policy & Debt,current US$,2020,252.7025,234.3106,18.3919,7.85,0,0
309,BI,Burundi,,,NY.GDP.PCAP.CD,GDP per capita (current US$),Economic Policy & Debt,current US$,2021,264.1728,252.7025,11.4703,4.54,0,0
5806,BI,Burundi,,,NY.GDP.PCAP.CD,GDP per capita (current US$),Economic Policy & Debt,current US$,2024,216.2319,264.1728,-47.9409,-18.15,0,0
5805,BI,Burundi,,,NY.GDP.PCAP.CD,GDP per capita (current US$),Economic Policy & Debt,current US$,2025,233.8230,216.2319,17.5911,8.14,0,0
3448,BI,Burundi,,,SH.H2O.BASW.ZS,People using at least basic drinking water services (% of population),Environment: Water and sanitation,% of population,2018,63.0031,,,,0,0
3447,BI,Burundi,,,SH.H2O.BASW.ZS,People using at least basic drinking water services (% of population),Environment: Water and sanitation,% of population,2019,63.7580,63.0031,0.7549,1.20,0,0
3446,BI,Burundi,,,SH.H2O.BASW.ZS,People using at least basic drinking water services (% of population),Environment: Water and sanitation,% of population,2020,64.4029,63.7580,0.6449,1.01,0,0
3445,BI,Burundi,,,SH.H2O.BASW.ZS,People using at least basic drinking water services (% of population),Environment: Water and sanitation,% of population,2021,65.0493,64.4029,0.6464,1.00,0,0
6934,BI,Burundi,,,SH.H2O.BASW.ZS,People using at least basic drinking water services (% of population),Environment: Water and sanitation,% of population,2024,65.9191,65.0493,0.8698,1.34,0,0
2402,BI,Burundi,,,SP.DYN.LE00.IN,"Life expectancy at birth, total (years)",Health,years,2018,61.8060,,,,0,0
2401,BI,Burundi,,,SP.DYN.LE00.IN,"Life expectancy at birth, total (years)",Health,years,2019,62.1800,61.8060,0.3740,0.61,0,0
2400,BI,Burundi,,,SP.DYN.LE00.IN,"Life expectancy at birth, total (years)",Health,years,2020,62.5690,62.1800,0.3890,0.63,0,0
2399,BI,Burundi,,,SP.DYN.LE00.IN,"Life expectancy at birth, total (years)",Health,years,2021,62.1010,62.5690,-0.4680,-0.75,0,0
6688,BI,Burundi,,,SP.DYN.LE00.IN,"Life expectancy at birth, total (years)",Health,years,2024,63.8180,62.1010,1.7170,2.76,0,0
1346,BI,Burundi,,,SP.POP.TOTL,"Population, total",Health: Population,people,2018,11859446.0000,,,,0,0
1345,BI,Burundi,,,SP.POP.TOTL,"Population, total",Health: Population,people,2019,12255336.0000,11859446.0000,395890.0000,3.34,0,0
1344,BI,Burundi,,,SP.POP.TOTL,"Population, total",Health: Population,people,2020,12617036.0000,12255336.0000,361700.0000,2.95,0,0
1343,BI,Burundi,,,SP.POP.TOTL,"Population, total",Health: Population,people,2021,12965481.0000,12617036.0000,348445.0000,2.76,0,0
6269,BI,Burundi,,,SP.POP.TOTL,"Population, total",Health: Population,people,2024,14047786.0000,12965481.0000,1082305.0000,8.35,0,0
6268,BI,Burundi,,,SP.POP.TOTL,"Population, total",Health: Population,people,2025,14390003.0000,14047786.0000,342217.0000,2.44,0,0
272,BJ,Benin,,,NY.GDP.PCAP.CD,GDP per capita (current US$),Economic Policy & Debt,current US$,2018,1151.7410,,,,0,0
271,BJ,Benin,,,NY.GDP.PCAP.CD,GDP per capita (current US$),Economic Policy & Debt,current US$,2019,1130.8214,1151.7410,-20.9196,-1.82,0,0
270,BJ,Benin,,,NY.GDP.PCAP.CD,GDP per capita (current US$),Economic Policy & Debt,current US$,2020,1200.1943,1130.8214,69.3729,6.13,0,0
269,BJ,Benin,,,NY.GDP.PCAP.CD,GDP per capita (current US$),Economic Policy & Debt,current US$,2021,1318.6516,1200.1943,118.4573,9.87,0,0
5787,BJ,Benin,,,NY.GDP.PCAP.CD,GDP per capita (current US$),Economic Policy & Debt,current US$,2024,1485.3802,1318.6516,166.7286,12.64,0,0
5786,BJ,Benin,,,NY.GDP.PCAP.CD,GDP per capita (current US$),Economic Policy & Debt,current US$,2025,1658.2731,1485.3802,172.8929,11.64,1,-0.081113
5786,BJ,Benin,,,NY.GDP.PCAP.CD,GDP per capita (current US$),Economic Policy & Debt,current US$,2025,1658.2731,1485.3802,172.8929,11.64,1,-0.016136
3404,BJ,Benin,,,SH.H2O.BASW.ZS,People using at least basic drinking water services (% of population),Environment: Water and sanitation,% of population,2018,67.6494,,,,0,0
3403,BJ,Benin,,,SH.H2O.BASW.ZS,People using at least basic drinking water services (% of population),Environment: Water and sanitation,% of population,2019,67.9833,67.6494,0.3339,0.49,0,0
3402,BJ,Benin,,,SH.H2O.BASW.ZS,People using at least basic drinking water services (% of population),Environment: Water and sanitation,% of population,2020,68.3130,67.9833,0.3297,0.48,0,0
3401,BJ,Benin,,,SH.H2O.BASW.ZS,People using at least basic drinking water services (% of population),Environment: Water and sanitation,% of population,2021,68.6381,68.3130,0.3251,0.48,0,0
6923,BJ,Benin,,,SH.H2O.BASW.ZS,People using at least basic drinking water services (% of population),Environment: Water and sanitation,% of population,2024,69.5868,68.6381,0.9487,1.38,0,0
2358,BJ,Benin,,,SP.DYN.LE00.IN,"Life expectancy at birth, total (years)",Health,years,2018,59.7100,,,,0,0
2357,BJ,Benin,,,SP.DYN.LE00.IN,"Life expectancy at birth, total (years)",Health,years,2019,59.8880,59.7100,0.1780,0.30,0,0
2356,BJ,Benin,,,SP.DYN.LE00.IN,"Life expectancy at birth, total (years)",Health,years,2020,60.1540,59.8880,0.2660,0.44,0,0
2355,BJ,Benin,,,SP.DYN.LE00.IN,"Life expectancy at birth, total (years)",Health,years,2021,59.6100,60.1540,-0.5440,-0.90,0,0
6677,BJ,Benin,,,SP.DYN.LE00.IN,"Life expectancy at birth, total (years)",Health,years,2024,60.9610,59.6100,1.3510,2.27,0,0
1302,BJ,Benin,,,SP.POP.TOTL,"Population, total",Health: Population,people,2018,12383347.0000,,,,0,0
1301,BJ,Benin,,,SP.POP.TOTL,"Population, total",Health: Population,people,2019,12726755.0000,12383347.0000,343408.0000,2.77,0,0
1300,BJ,Benin,,,SP.POP.TOTL,"Population, total",Health: Population,people,2020,13070169.0000,12726755.0000,343414.0000,2.70,0,0
1299,BJ,Benin,,,SP.POP.TOTL,"Population, total",Health: Population,people,2021,13413417.0000,13070169.0000,343248.0000,2.63,0,0
6247,BJ,Benin,,,SP.POP.TOTL,"Population, total",Health: Population,people,2024,14462724.0000,13413417.0000,1049307.0000,7.82,0,0
6246,BJ,Benin,,,SP.POP.TOTL,"Population, total",Health: Population,people,2025,14814460.0000,14462724.0000,351736.0000,2.43,0,0
276,BM,Bermuda,,,NY.GDP.PCAP.CD,GDP per capita (current US$),Economic Policy & Debt,current US$,2018,113204.8221,,,,1,-0.011518
275,BM,Bermuda,,,NY.GDP.PCAP.CD,GDP per capita (current US$),Economic Policy & Debt,current US$,2019,115798.0408,113204.8221,2593.2187,2.29,1,-0.008205
274,BM,Bermuda,,,NY.GDP.PCAP.CD,GDP per capita (current US$),Economic Policy & Debt,current US$,2020,106976.5462,115798.0408,-8821.4946,-7.62,1,-0.074089
274,BM,Bermuda,,,NY.GDP.PCAP.CD,GDP per capita (current US$),Economic Policy & Debt,current US$,2020,106976.5462,115798.0408,-8821.4946,-7.62,1,-0.009112
273,BM,Bermuda,,,NY.GDP.PCAP.CD,GDP per capita (current US$),Economic Policy & Debt,current US$,2021,112765.0817,106976.5462,5788.5355,5.41,1,-0.043882
5788,BM,Bermuda,,,NY.GDP.PCAP.CD,GDP per capita (current US$),Economic Policy & Debt,current US$,2024,142250.4332,112765.0817,29485.3515,26.15,1,-0.140343
5788,BM,Bermuda,,,NY.GDP.PCAP.CD,GDP per capita (current US$),Economic Policy & Debt,current US$,2024,142250.4332,112765.0817,29485.3515,26.15,1,-0.075365
3408,BM,Bermuda,,,SH.H2O.BASW.ZS,People using at least basic drinking water services (% of population),Environment: Water and sanitation,% of population,2018,100.0000,,,,0,0
3407,BM,Bermuda,,,SH.H2O.BASW.ZS,People using at least basic drinking water services (% of population),Environment: Water and sanitation,% of population,2019,100.0000,100.0000,0.0000,0.00,0,0
3406,BM,Bermuda,,,SH.H2O.BASW.ZS,People using at least basic drinking water services (% of population),Environment: Water and sanitation,% of population,2020,100.0000,100.0000,0.0000,0.00,0,0
3405,BM,Bermuda,,,SH.H2O.BASW.ZS,People using at least basic drinking water services (% of population),Environment: Water and sanitation,% of population,2021,100.0000,100.0000,0.0000,0.00,0,0
6924,BM,Bermuda,,,SH.H2O.BASW.ZS,People using at least basic drinking water services (% of population),Environment: Water and sanitation,% of population,2024,100.0000,100.0000,0.0000,0.00,0,0
2362,BM,Bermuda,,,SP.DYN.LE00.IN,"Life expectancy at birth, total (years)",Health,years,2018,80.9860,,,,0,0
2361,BM,Bermuda,,,SP.DYN.LE00.IN,"Life expectancy at birth, total (years)",Health,years,2019,81.2510,80.9860,0.2650,0.33,0,0
2360,BM,Bermuda,,,SP.DYN.LE00.IN,"Life expectancy at birth, total (years)",Health,years,2020,81.4560,81.2510,0.2050,0.25,0,0
2359,BM,Bermuda,,,SP.DYN.LE00.IN,"Life expectancy at birth, total (years)",Health,years,2021,81.7450,81.4560,0.2890,0.35,0,0
6678,BM,Bermuda,,,SP.DYN.LE00.IN,"Life expectancy at birth, total (years)",Health,years,2024,82.4900,81.7450,0.7450,0.91,0,0
1306,BM,Bermuda,,,SP.POP.TOTL,"Population, total",Health: Population,people,2018,63831.0000,,,,0,0
1305,BM,Bermuda,,,SP.POP.TOTL,"Population, total",Health: Population,people,2019,64107.0000,63831.0000,276.0000,0.43,0,0
1304,BM,Bermuda,,,SP.POP.TOTL,"Population, total",Health: Population,people,2020,64382.0000,64107.0000,275.0000,0.43,0,0
1303,BM,Bermuda,,,SP.POP.TOTL,"Population, total",Health: Population,people,2021,64648.0000,64382.0000,266.0000,0.41,0,0
6249,BM,Bermuda,,,SP.POP.TOTL,"Population, total",Health: Population,people,2024,64636.0000,64648.0000,-12.0000,-0.02,0,0
6248,BM,Bermuda,,,SP.POP.TOTL,"Population, total",Health: Population,people,2025,64555.0000,64636.0000,-81.0000,-0.13,0,0
300,BN,Brunei Darussalam,,,NY.GDP.PCAP.CD,GDP per capita (current US$),Economic Policy & Debt,current US$,2018,30988.1190,,,,0,0
299,BN,Brunei Darussalam,,,NY.GDP.PCAP.CD,GDP per capita (current US$),Economic Policy & Debt,current US$,2019,30426.5731,30988.1190,-561.5459,-1.81,0,0
298,BN,Brunei Darussalam,,,NY.GDP.PCAP.CD,GDP per capita (current US$),Economic Policy & Debt,current US$,2020,26834.3592,30426.5731,-3592.2139,-11.81,1,-0.108285
298,BN,Brunei Darussalam,,,NY.GDP.PCAP.CD,GDP per capita (current US$),Economic Policy & Debt,current US$,2020,26834.3592,30426.5731,-3592.2139,-11.81,1,-0.043308
297,BN,Brunei Darussalam,,,NY.GDP.PCAP.CD,GDP per capita (current US$),Economic Policy & Debt,current US$,2021,31006.9636,26834.3592,4172.6044,15.55,0,0
5800,BN,Brunei Darussalam,,,NY.GDP.PCAP.CD,GDP per capita (current US$),Economic Policy & Debt,current US$,2024,33153.4739,31006.9636,2146.5103,6.92,0,0
5799,BN,Brunei Darussalam,,,NY.GDP.PCAP.CD,GDP per capita (current US$),Economic Policy & Debt,current US$,2025,32234.6428,33153.4739,-918.8311,-2.77,0,0
3436,BN,Brunei Darussalam,,,SH.H2O.BASW.ZS,People using at least basic drinking water services (% of population),Environment: Water and sanitation,% of population,2018,99.9001,,,,0,0
3435,BN,Brunei Darussalam,,,SH.H2O.BASW.ZS,People using at least basic drinking water services (% of population),Environment: Water and sanitation,% of population,2019,99.9001,99.9001,0.0000,0.00,0,0
3434,BN,Brunei Darussalam,,,SH.H2O.BASW.ZS,People using at least basic drinking water services (% of population),Environment: Water and sanitation,% of population,2020,100.0000,99.9001,0.0999,0.10,0,0
3433,BN,Brunei Darussalam,,,SH.H2O.BASW.ZS,People using at least basic drinking water services (% of population),Environment: Water and sanitation,% of population,2021,100.0000,100.0000,0.0000,0.00,0,0
6931,BN,Brunei Darussalam,,,SH.H2O.BASW.ZS,People using at least basic drinking water services (% of population),Environment: Water and sanitation,% of population,2024,100.0000,100.0000,0.0000,0.00,0,0
2390,BN,Brunei Darussalam,,,SP.DYN.LE00.IN,"Life expectancy at birth, total (years)",Health,years,2018,74.9920,,,,0,0
2389,BN,Brunei Darussalam,,,SP.DYN.LE00.IN,"Life expectancy at birth, total (years)",Health,years,2019,75.0490,74.9920,0.0570,0.08,0,0
2388,BN,Brunei Darussalam,,,SP.DYN.LE00.IN,"Life expectancy at birth, total (years)",Health,years,2020,75.1140,75.0490,0.0650,0.09,0,0
2387,BN,Brunei Darussalam,,,SP.DYN.LE00.IN,"Life expectancy at birth, total (years)",Health,years,2021,74.8690,75.1140,-0.2450,-0.33,0,0
6685,BN,Brunei Darussalam,,,SP.DYN.LE00.IN,"Life expectancy at birth, total (years)",Health,years,2024,75.5010,74.8690,0.6320,0.84,0,0
1334,BN,Brunei Darussalam,,,SP.POP.TOTL,"Population, total",Health: Population,people,2018,437810.0000,,,,0,0
1333,BN,Brunei Darussalam,,,SP.POP.TOTL,"Population, total",Health: Population,people,2019,442680.0000,437810.0000,4870.0000,1.11,0,0
1332,BN,Brunei Darussalam,,,SP.POP.TOTL,"Population, total",Health: Population,people,2020,447404.0000,442680.0000,4724.0000,1.07,0,0
1331,BN,Brunei Darussalam,,,SP.POP.TOTL,"Population, total",Health: Population,people,2021,451721.0000,447404.0000,4317.0000,0.96,0,0
6263,BN,Brunei Darussalam,,,SP.POP.TOTL,"Population, total",Health: Population,people,2024,462721.0000,451721.0000,11000.0000,2.44,0,0
6262,BN,Brunei Darussalam,,,SP.POP.TOTL,"Population, total",Health: Population,people,2025,466330.0000,462721.0000,3609.0000,0.78,0,0
284,BO,Bolivia,,,NY.GDP.PCAP.CD,GDP per capita (current US$),Economic Policy & Debt,current US$,2018,4206.8553,,,,0,0
283,BO,Bolivia,,,NY.GDP.PCAP.CD,GDP per capita (current US$),Economic Policy & Debt,current US$,2019,4203.1549,4206.8553,-3.7004,-0.09,0,0
282,BO,Bolivia,,,NY.GDP.PCAP.CD,GDP per capita (current US$),Economic Policy & Debt,current US$,2020,3580.9676,4203.1549,-622.1873,-14.80,1,-0.082667
282,BO,Bolivia,,,NY.GDP.PCAP.CD,GDP per capita (current US$),Economic Policy & Debt,current US$,2020,3580.9676,4203.1549,-622.1873,-14.80,1,-0.017690
281,BO,Bolivia,,,NY.GDP.PCAP.CD,GDP per capita (current US$),Economic Policy & Debt,current US$,2021,4010.7605,3580.9676,429.7929,12.00,0,0
5792,BO,Bolivia,,,NY.GDP.PCAP.CD,GDP per capita (current US$),Economic Policy & Debt,current US$,2024,4421.1661,4010.7605,410.4056,10.23,0,0
5791,BO,Bolivia,,,NY.GDP.PCAP.CD,GDP per capita (current US$),Economic Policy & Debt,current US$,2025,5147.8108,4421.1661,726.6447,16.44,1,-0.119802
5791,BO,Bolivia,,,NY.GDP.PCAP.CD,GDP per capita (current US$),Economic Policy & Debt,current US$,2025,5147.8108,4421.1661,726.6447,16.44,1,-0.054825
3416,BO,Bolivia,,,SH.H2O.BASW.ZS,People using at least basic drinking water services (% of population),Environment: Water and sanitation,% of population,2018,90.7843,,,,0,0
3415,BO,Bolivia,,,SH.H2O.BASW.ZS,People using at least basic drinking water services (% of population),Environment: Water and sanitation,% of population,2019,91.2291,90.7843,0.4448,0.49,0,0
3414,BO,Bolivia,,,SH.H2O.BASW.ZS,People using at least basic drinking water services (% of population),Environment: Water and sanitation,% of population,2020,91.6695,91.2291,0.4404,0.48,0,0
3413,BO,Bolivia,,,SH.H2O.BASW.ZS,People using at least basic drinking water services (% of population),Environment: Water and sanitation,% of population,2021,92.1056,91.6695,0.4361,0.48,0,0
6926,BO,Bolivia,,,SH.H2O.BASW.ZS,People using at least basic drinking water services (% of population),Environment: Water and sanitation,% of population,2024,93.3877,92.1056,1.2821,1.39,0,0
2370,BO,Bolivia,,,SP.DYN.LE00.IN,"Life expectancy at birth, total (years)",Health,years,2018,67.6990,,,,0,0
2369,BO,Bolivia,,,SP.DYN.LE00.IN,"Life expectancy at birth, total (years)",Health,years,2019,67.8200,67.6990,0.1210,0.18,0,0
2368,BO,Bolivia,,,SP.DYN.LE00.IN,"Life expectancy at birth, total (years)",Health,years,2020,62.9060,67.8200,-4.9140,-7.25,0,0
2367,BO,Bolivia,,,SP.DYN.LE00.IN,"Life expectancy at birth, total (years)",Health,years,2021,61.4270,62.9060,-1.4790,-2.35,0,0
6680,BO,Bolivia,,,SP.DYN.LE00.IN,"Life expectancy at birth, total (years)",Health,years,2024,68.7390,61.4270,7.3120,11.90,0,0
1314,BO,Bolivia,,,SP.POP.TOTL,"Population, total",Health: Population,people,2018,11508368.0000,,,,0,0
1313,BO,Bolivia,,,SP.POP.TOTL,"Population, total",Health: Population,people,2019,11671386.0000,11508368.0000,163018.0000,1.42,0,0
1312,BO,Bolivia,,,SP.POP.TOTL,"Population, total",Health: Population,people,2020,11816299.0000,11671386.0000,144913.0000,1.24,0,0
1311,BO,Bolivia,,,SP.POP.TOTL,"Population, total",Health: Population,people,2021,11937360.0000,11816299.0000,121061.0000,1.02,0,0
6253,BO,Bolivia,,,SP.POP.TOTL,"Population, total",Health: Population,people,2024,12413315.0000,11937360.0000,475955.0000,3.99,0,0
6252,BO,Bolivia,,,SP.POP.TOTL,"Population, total",Health: Population,people,2025,12581843.0000,12413315.0000,168528.0000,1.36,0,0
296,BR,Brazil,,,NY.GDP.PCAP.CD,GDP per capita (current US$),Economic Policy & Debt,current US$,2018,9300.6616,,,,0,0
295,BR,Brazil,,,NY.GDP.PCAP.CD,GDP per capita (current US$),Economic Policy & Debt,current US$,2019,9029.8333,9300.6616,-270.8283,-2.91,0,0
294,BR,Brazil,,,NY.GDP.PCAP.CD,GDP per capita (current US$),Economic Policy & Debt,current US$,2020,7074.1938,9029.8333,-1955.6395,-21.66,1,-0.122532
294,BR,Brazil,,,NY.GDP.PCAP.CD,GDP per capita (current US$),Economic Policy & Debt,current US$,2020,7074.1938,9029.8333,-1955.6395,-21.66,1,-0.057555
293,BR,Brazil,,,NY.GDP.PCAP.CD,GDP per capita (current US$),Economic Policy & Debt,current US$,2021,7972.5366,7074.1938,898.3428,12.70,0,0
5798,BR,Brazil,,,NY.GDP.PCAP.CD,GDP per capita (current US$),Economic Policy & Debt,current US$,2024,10310.5487,7972.5366,2338.0121,29.33,0,0
5797,BR,Brazil,,,NY.GDP.PCAP.CD,GDP per capita (current US$),Economic Policy & Debt,current US$,2025,10713.2857,10310.5487,402.7370,3.91,0,0
3428,BR,Brazil,,,SH.H2O.BASW.ZS,People using at least basic drinking water services (% of population),Environment: Water and sanitation,% of population,2018,98.5580,,,,0,0
3427,BR,Brazil,,,SH.H2O.BASW.ZS,People using at least basic drinking water services (% of population),Environment: Water and sanitation,% of population,2019,98.7731,98.5580,0.2151,0.22,0,0
3426,BR,Brazil,,,SH.H2O.BASW.ZS,People using at least basic drinking water services (% of population),Environment: Water and sanitation,% of population,2020,99.0721,98.7731,0.2990,0.30,0,0
3425,BR,Brazil,,,SH.H2O.BASW.ZS,People using at least basic drinking water services (% of population),Environment: Water and sanitation,% of population,2021,99.4273,99.0721,0.3552,0.36,0,0
6929,BR,Brazil,,,SH.H2O.BASW.ZS,People using at least basic drinking water services (% of population),Environment: Water and sanitation,% of population,2024,100.0000,99.4273,0.5727,0.58,0,0
2382,BR,Brazil,,,SP.DYN.LE00.IN,"Life expectancy at birth, total (years)",Health,years,2018,75.6330,,,,0,0
2381,BR,Brazil,,,SP.DYN.LE00.IN,"Life expectancy at birth, total (years)",Health,years,2019,75.8090,75.6330,0.1760,0.23,0,0
2380,BR,Brazil,,,SP.DYN.LE00.IN,"Life expectancy at birth, total (years)",Health,years,2020,74.5060,75.8090,-1.3030,-1.72,0,0
2379,BR,Brazil,,,SP.DYN.LE00.IN,"Life expectancy at birth, total (years)",Health,years,2021,73.0380,74.5060,-1.4680,-1.97,0,0
6683,BR,Brazil,,,SP.DYN.LE00.IN,"Life expectancy at birth, total (years)",Health,years,2024,76.0230,73.0380,2.9850,4.09,0,0
1326,BR,Brazil,,,SP.POP.TOTL,"Population, total",Health: Population,people,2018,206107261.0000,,,,0,0
1325,BR,Brazil,,,SP.POP.TOTL,"Population, total",Health: Population,people,2019,207455459.0000,206107261.0000,1348198.0000,0.65,0,0
1324,BR,Brazil,,,SP.POP.TOTL,"Population, total",Health: Population,people,2020,208660842.0000,207455459.0000,1205383.0000,0.58,0,0
1323,BR,Brazil,,,SP.POP.TOTL,"Population, total",Health: Population,people,2021,209550294.0000,208660842.0000,889452.0000,0.43,0,0
6259,BR,Brazil,,,SP.POP.TOTL,"Population, total",Health: Population,people,2024,211998573.0000,209550294.0000,2448279.0000,1.17,0,0
6258,BR,Brazil,,,SP.POP.TOTL,"Population, total",Health: Population,people,2025,212812405.0000,211998573.0000,813832.0000,0.38,0,0
244,BS,"Bahamas, The",,,NY.GDP.PCAP.CD,GDP per capita (current US$),Economic Policy & Debt,current US$,2018,32642.3353,,,,0,0
243,BS,"Bahamas, The",,,NY.GDP.PCAP.CD,GDP per capita (current US$),Economic Policy & Debt,current US$,2019,33640.3370,32642.3353,998.0017,3.06,0,0
242,BS,"Bahamas, The",,,NY.GDP.PCAP.CD,GDP per capita (current US$),Economic Policy & Debt,current US$,2020,26178.7538,33640.3370,-7461.5832,-22.18,1,-0.130053
242,BS,"Bahamas, The",,,NY.GDP.PCAP.CD,GDP per capita (current US$),Economic Policy & Debt,current US$,2020,26178.7538,33640.3370,-7461.5832,-22.18,1,-0.065076
241,BS,"Bahamas, The",,,NY.GDP.PCAP.CD,GDP per capita (current US$),Economic Policy & Debt,current US$,2021,30367.8606,26178.7538,4189.1068,16.00,1,-0.028403
5773,BS,"Bahamas, The",,,NY.GDP.PCAP.CD,GDP per capita (current US$),Economic Policy & Debt,current US$,2024,39455.4467,30367.8606,9087.5861,29.93,1,-0.018346
3376,BS,"Bahamas, The",,,SH.H2O.BASW.ZS,People using at least basic drinking water services (% of population),Environment: Water and sanitation,% of population,2018,98.9453,,,,0,0
3375,BS,"Bahamas, The",,,SH.H2O.BASW.ZS,People using at least basic drinking water services (% of population),Environment: Water and sanitation,% of population,2019,98.9453,98.9453,0.0000,0.00,0,0
2330,BS,"Bahamas, The",,,SP.DYN.LE00.IN,"Life expectancy at birth, total (years)",Health,years,2018,74.0620,,,,0,0
2329,BS,"Bahamas, The",,,SP.DYN.LE00.IN,"Life expectancy at birth, total (years)",Health,years,2019,71.4080,74.0620,-2.6540,-3.58,0,0
2328,BS,"Bahamas, The",,,SP.DYN.LE00.IN,"Life expectancy at birth, total (years)",Health,years,2020,72.9940,71.4080,1.5860,2.22,0,0
2327,BS,"Bahamas, The",,,SP.DYN.LE00.IN,"Life expectancy at birth, total (years)",Health,years,2021,70.7520,72.9940,-2.2420,-3.07,0,0
6670,BS,"Bahamas, The",,,SP.DYN.LE00.IN,"Life expectancy at birth, total (years)",Health,years,2024,74.7100,70.7520,3.9580,5.59,0,0
1274,BS,"Bahamas, The",,,SP.POP.TOTL,"Population, total",Health: Population,people,2018,392717.0000,,,,0,0
1273,BS,"Bahamas, The",,,SP.POP.TOTL,"Population, total",Health: Population,people,2019,394675.0000,392717.0000,1958.0000,0.50,0,0
1272,BS,"Bahamas, The",,,SP.POP.TOTL,"Population, total",Health: Population,people,2020,395863.0000,394675.0000,1188.0000,0.30,0,0
1271,BS,"Bahamas, The",,,SP.POP.TOTL,"Population, total",Health: Population,people,2021,396373.0000,395863.0000,510.0000,0.13,0,0
6233,BS,"Bahamas, The",,,SP.POP.TOTL,"Population, total",Health: Population,people,2024,401283.0000,396373.0000,4910.0000,1.24,0,0
6232,BS,"Bahamas, The",,,SP.POP.TOTL,"Population, total",Health: Population,people,2025,403033.0000,401283.0000,1750.0000,0.44,0,0
280,BT,Bhutan,,,NY.GDP.PCAP.CD,GDP per capita (current US$),Economic Policy & Debt,current US$,2018,3400.2042,,,,0,0
279,BT,Bhutan,,,NY.GDP.PCAP.CD,GDP per capita (current US$),Economic Policy & Debt,current US$,2019,3576.8799,3400.2042,176.6757,5.20,0,0
278,BT,Bhutan,,,NY.GDP.PCAP.CD,GDP per capita (current US$),Economic Policy & Debt,current US$,2020,3191.6691,3576.8799,-385.2108,-10.77,1,-0.030875
277,BT,Bhutan,,,NY.GDP.PCAP.CD,GDP per capita (current US$),Economic Policy & Debt,current US$,2021,3570.6126,3191.6691,378.9435,11.87,0,0
5790,BT,Bhutan,,,NY.GDP.PCAP.CD,GDP per capita (current US$),Economic Policy & Debt,current US$,2024,4228.0510,3570.6126,657.4384,18.41,0,0
5789,BT,Bhutan,,,NY.GDP.PCAP.CD,GDP per capita (current US$),Economic Policy & Debt,current US$,2025,4492.7840,4228.0510,264.7330,6.26,1,-0.019862
3412,BT,Bhutan,,,SH.H2O.BASW.ZS,People using at least basic drinking water services (% of population),Environment: Water and sanitation,% of population,2018,98.4266,,,,0,0
3411,BT,Bhutan,,,SH.H2O.BASW.ZS,People using at least basic drinking water services (% of population),Environment: Water and sanitation,% of population,2019,98.9634,98.4266,0.5368,0.55,0,0
3410,BT,Bhutan,,,SH.H2O.BASW.ZS,People using at least basic drinking water services (% of population),Environment: Water and sanitation,% of population,2020,99.0775,98.9634,0.1141,0.12,0,0
3409,BT,Bhutan,,,SH.H2O.BASW.ZS,People using at least basic drinking water services (% of population),Environment: Water and sanitation,% of population,2021,99.1933,99.0775,0.1158,0.12,0,0
6925,BT,Bhutan,,,SH.H2O.BASW.ZS,People using at least basic drinking water services (% of population),Environment: Water and sanitation,% of population,2024,99.5466,99.1933,0.3533,0.36,0,0
2366,BT,Bhutan,,,SP.DYN.LE00.IN,"Life expectancy at birth, total (years)",Health,years,2018,71.7110,,,,0,0
2365,BT,Bhutan,,,SP.DYN.LE00.IN,"Life expectancy at birth, total (years)",Health,years,2019,72.0050,71.7110,0.2940,0.41,0,0
2364,BT,Bhutan,,,SP.DYN.LE00.IN,"Life expectancy at birth, total (years)",Health,years,2020,72.2530,72.0050,0.2480,0.34,0,0
2363,BT,Bhutan,,,SP.DYN.LE00.IN,"Life expectancy at birth, total (years)",Health,years,2021,72.4480,72.2530,0.1950,0.27,0,0
6679,BT,Bhutan,,,SP.DYN.LE00.IN,"Life expectancy at birth, total (years)",Health,years,2024,73.2620,72.4480,0.8140,1.12,0,0
1310,BT,Bhutan,,,SP.POP.TOTL,"Population, total",Health: Population,people,2018,759759.0000,,,,0,0
1309,BT,Bhutan,,,SP.POP.TOTL,"Population, total",Health: Population,people,2019,764824.0000,759759.0000,5065.0000,0.67,0,0
1308,BT,Bhutan,,,SP.POP.TOTL,"Population, total",Health: Population,people,2020,770006.0000,764824.0000,5182.0000,0.68,0,0
1307,BT,Bhutan,,,SP.POP.TOTL,"Population, total",Health: Population,people,2021,775442.0000,770006.0000,5436.0000,0.71,0,0
6251,BT,Bhutan,,,SP.POP.TOTL,"Population, total",Health: Population,people,2024,791524.0000,775442.0000,16082.0000,2.07,0,0
6250,BT,Bhutan,,,SP.POP.TOTL,"Population, total",Health: Population,people,2025,796682.0000,791524.0000,5158.0000,0.65,0,0
292,BW,Botswana,,,NY.GDP.PCAP.CD,GDP per capita (current US$),Economic Policy & Debt,current US$,2018,7407.9594,,,,0,0
291,BW,Botswana,,,NY.GDP.PCAP.CD,GDP per capita (current US$),Economic Policy & Debt,current US$,2019,7172.0896,7407.9594,-235.8698,-3.18,0,0
290,BW,Botswana,,,NY.GDP.PCAP.CD,GDP per capita (current US$),Economic Policy & Debt,current US$,2020,6323.2975,7172.0896,-848.7921,-11.83,1,-0.086715
290,BW,Botswana,,,NY.GDP.PCAP.CD,GDP per capita (current US$),Economic Policy & Debt,current US$,2020,6323.2975,7172.0896,-848.7921,-11.83,1,-0.021737
289,BW,Botswana,,,NY.GDP.PCAP.CD,GDP per capita (current US$),Economic Policy & Debt,current US$,2021,7807.8879,6323.2975,1484.5904,23.48,1,-0.047922
5796,BW,Botswana,,,NY.GDP.PCAP.CD,GDP per capita (current US$),Economic Policy & Debt,current US$,2024,7649.8166,7807.8879,-158.0713,-2.02,0,0
5795,BW,Botswana,,,NY.GDP.PCAP.CD,GDP per capita (current US$),Economic Policy & Debt,current US$,2025,7778.1151,7649.8166,128.2985,1.68,0,0
3424,BW,Botswana,,,SH.H2O.BASW.ZS,People using at least basic drinking water services (% of population),Environment: Water and sanitation,% of population,2018,90.6438,,,,0,0
3423,BW,Botswana,,,SH.H2O.BASW.ZS,People using at least basic drinking water services (% of population),Environment: Water and sanitation,% of population,2019,91.4749,90.6438,0.8311,0.92,0,0
3422,BW,Botswana,,,SH.H2O.BASW.ZS,People using at least basic drinking water services (% of population),Environment: Water and sanitation,% of population,2020,91.5461,91.4749,0.0712,0.08,0,0
3421,BW,Botswana,,,SH.H2O.BASW.ZS,People using at least basic drinking water services (% of population),Environment: Water and sanitation,% of population,2021,91.6110,91.5461,0.0649,0.07,0,0
6928,BW,Botswana,,,SH.H2O.BASW.ZS,People using at least basic drinking water services (% of population),Environment: Water and sanitation,% of population,2024,91.7714,91.6110,0.1604,0.18,0,0
2378,BW,Botswana,,,SP.DYN.LE00.IN,"Life expectancy at birth, total (years)",Health,years,2018,66.3710,,,,0,0
2377,BW,Botswana,,,SP.DYN.LE00.IN,"Life expectancy at birth, total (years)",Health,years,2019,67.1670,66.3710,0.7960,1.20,0,0
2376,BW,Botswana,,,SP.DYN.LE00.IN,"Life expectancy at birth, total (years)",Health,years,2020,67.6430,67.1670,0.4760,0.71,0,0
2375,BW,Botswana,,,SP.DYN.LE00.IN,"Life expectancy at birth, total (years)",Health,years,2021,63.3030,67.6430,-4.3400,-6.42,1,-0.037334
6682,BW,Botswana,,,SP.DYN.LE00.IN,"Life expectancy at birth, total (years)",Health,years,2024,69.2930,63.3030,5.9900,9.46,0,0
1322,BW,Botswana,,,SP.POP.TOTL,"Population, total",Health: Population,people,2018,2299141.0000,,,,0,0
1321,BW,Botswana,,,SP.POP.TOTL,"Population, total",Health: Population,people,2019,2332083.0000,2299141.0000,32942.0000,1.43,0,0
1320,BW,Botswana,,,SP.POP.TOTL,"Population, total",Health: Population,people,2020,2365894.0000,2332083.0000,33811.0000,1.45,0,0
1319,BW,Botswana,,,SP.POP.TOTL,"Population, total",Health: Population,people,2021,2401441.0000,2365894.0000,35547.0000,1.50,0,0
6257,BW,Botswana,,,SP.POP.TOTL,"Population, total",Health: Population,people,2024,2521139.0000,2401441.0000,119698.0000,4.98,0,0
6256,BW,Botswana,,,SP.POP.TOTL,"Population, total",Health: Population,people,2025,2562122.0000,2521139.0000,40983.0000,1.63,0,0
260,BY,Belarus,,,NY.GDP.PCAP.CD,GDP per capita (current US$),Economic Policy & Debt,current US$,2018,6360.0375,,,,0,0
259,BY,Belarus,,,NY.GDP.PCAP.CD,GDP per capita (current US$),Economic Policy & Debt,current US$,2019,6837.7734,6360.0375,477.7359,7.51,0,0
258,BY,Belarus,,,NY.GDP.PCAP.CD,GDP per capita (current US$),Economic Policy & Debt,current US$,2020,6542.8558,6837.7734,-294.9176,-4.31,0,0
257,BY,Belarus,,,NY.GDP.PCAP.CD,GDP per capita (current US$),Economic Policy & Debt,current US$,2021,7489.7189,6542.8558,946.8631,14.47,0,0
5781,BY,Belarus,,,NY.GDP.PCAP.CD,GDP per capita (current US$),Economic Policy & Debt,current US$,2024,8605.6095,7489.7189,1115.8906,14.90,0,0
5780,BY,Belarus,,,NY.GDP.PCAP.CD,GDP per capita (current US$),Economic Policy & Debt,current US$,2025,10279.2547,8605.6095,1673.6452,19.45,1,-0.163645
5780,BY,Belarus,,,NY.GDP.PCAP.CD,GDP per capita (current US$),Economic Policy & Debt,current US$,2025,10279.2547,8605.6095,1673.6452,19.45,1,-0.098668
3392,BY,Belarus,,,SH.H2O.BASW.ZS,People using at least basic drinking water services (% of population),Environment: Water and sanitation,% of population,2018,99.0880,,,,0,0
3391,BY,Belarus,,,SH.H2O.BASW.ZS,People using at least basic drinking water services (% of population),Environment: Water and sanitation,% of population,2019,99.1750,99.0880,0.0870,0.09,0,0
3390,BY,Belarus,,,SH.H2O.BASW.ZS,People using at least basic drinking water services (% of population),Environment: Water and sanitation,% of population,2020,99.2623,99.1750,0.0873,0.09,0,0
3389,BY,Belarus,,,SH.H2O.BASW.ZS,People using at least basic drinking water services (% of population),Environment: Water and sanitation,% of population,2021,99.3932,99.2623,0.1309,0.13,0,0
6920,BY,Belarus,,,SH.H2O.BASW.ZS,People using at least basic drinking water services (% of population),Environment: Water and sanitation,% of population,2024,99.8925,99.3932,0.4993,0.50,0,0
2346,BY,Belarus,,,SP.DYN.LE00.IN,"Life expectancy at birth, total (years)",Health,years,2018,74.1756,,,,0,0
2345,BY,Belarus,,,SP.DYN.LE00.IN,"Life expectancy at birth, total (years)",Health,years,2019,74.2268,74.1756,0.0512,0.07,0,0
2344,BY,Belarus,,,SP.DYN.LE00.IN,"Life expectancy at birth, total (years)",Health,years,2020,72.1386,74.2268,-2.0882,-2.81,0,0
2343,BY,Belarus,,,SP.DYN.LE00.IN,"Life expectancy at birth, total (years)",Health,years,2021,72.0715,72.1386,-0.0671,-0.09,0,0
6674,BY,Belarus,,,SP.DYN.LE00.IN,"Life expectancy at birth, total (years)",Health,years,2024,74.3653,72.0715,2.2938,3.18,0,0
1290,BY,Belarus,,,SP.POP.TOTL,"Population, total",Health: Population,people,2018,9438785.0000,,,,0,0
1289,BY,Belarus,,,SP.POP.TOTL,"Population, total",Health: Population,people,2019,9419758.0000,9438785.0000,-19027.0000,-0.20,0,0
1288,BY,Belarus,,,SP.POP.TOTL,"Population, total",Health: Population,people,2020,9379952.0000,9419758.0000,-39806.0000,-0.42,0,0
1287,BY,Belarus,,,SP.POP.TOTL,"Population, total",Health: Population,people,2021,9302585.0000,9379952.0000,-77367.0000,-0.82,0,0
6241,BY,Belarus,,,SP.POP.TOTL,"Population, total",Health: Population,people,2024,9132629.0000,9302585.0000,-169956.0000,-1.83,0,0
6240,BY,Belarus,,,SP.POP.TOTL,"Population, total",Health: Population,people,2025,9085991.0000,9132629.0000,-46638.0000,-0.51,0,0
268,BZ,Belize,,,NY.GDP.PCAP.CD,GDP per capita (current US$),Economic Policy & Debt,current US$,2018,6011.9904,,,,0,0
267,BZ,Belize,,,NY.GDP.PCAP.CD,GDP per capita (current US$),Economic Policy & Debt,current US$,2019,6171.6145,6011.9904,159.6241,2.66,0,0
266,BZ,Belize,,,NY.GDP.PCAP.CD,GDP per capita (current US$),Economic Policy & Debt,current US$,2020,5238.5408,6171.6145,-933.0737,-15.12,1,-0.083092
266,BZ,Belize,,,NY.GDP.PCAP.CD,GDP per capita (current US$),Economic Policy & Debt,current US$,2020,5238.5408,6171.6145,-933.0737,-15.12,1,-0.018115
265,BZ,Belize,,,NY.GDP.PCAP.CD,GDP per capita (current US$),Economic Policy & Debt,current US$,2021,6142.9893,5238.5408,904.4485,17.27,1,-0.002548
5785,BZ,Belize,,,NY.GDP.PCAP.CD,GDP per capita (current US$),Economic Policy & Debt,current US$,2024,7681.2440,6142.9893,1538.2547,25.04,0,0
5784,BZ,Belize,,,NY.GDP.PCAP.CD,GDP per capita (current US$),Economic Policy & Debt,current US$,2025,7865.4794,7681.2440,184.2354,2.40,0,0
3400,BZ,Belize,,,SH.H2O.BASW.ZS,People using at least basic drinking water services (% of population),Environment: Water and sanitation,% of population,2018,93.8732,,,,0,0
3399,BZ,Belize,,,SH.H2O.BASW.ZS,People using at least basic drinking water services (% of population),Environment: Water and sanitation,% of population,2019,94.1316,93.8732,0.2584,0.28,0,0
3398,BZ,Belize,,,SH.H2O.BASW.ZS,People using at least basic drinking water services (% of population),Environment: Water and sanitation,% of population,2020,94.3919,94.1316,0.2603,0.28,0,0
3397,BZ,Belize,,,SH.H2O.BASW.ZS,People using at least basic drinking water services (% of population),Environment: Water and sanitation,% of population,2021,94.6148,94.3919,0.2229,0.24,0,0
6922,BZ,Belize,,,SH.H2O.BASW.ZS,People using at least basic drinking water services (% of population),Environment: Water and sanitation,% of population,2024,94.8473,94.6148,0.2325,0.25,0,0
2354,BZ,Belize,,,SP.DYN.LE00.IN,"Life expectancy at birth, total (years)",Health,years,2018,72.3220,,,,0,0
2353,BZ,Belize,,,SP.DYN.LE00.IN,"Life expectancy at birth, total (years)",Health,years,2019,72.5770,72.3220,0.2550,0.35,0,0
2352,BZ,Belize,,,SP.DYN.LE00.IN,"Life expectancy at birth, total (years)",Health,years,2020,71.5800,72.5770,-0.9970,-1.37,0,0
2351,BZ,Belize,,,SP.DYN.LE00.IN,"Life expectancy at birth, total (years)",Health,years,2021,70.9170,71.5800,-0.6630,-0.93,0,0
6676,BZ,Belize,,,SP.DYN.LE00.IN,"Life expectancy at birth, total (years)",Health,years,2024,73.7390,70.9170,2.8220,3.98,0,0
1298,BZ,Belize,,,SP.POP.TOTL,"Population, total",Health: Population,people,2018,380226.0000,,,,0,0
1297,BZ,Belize,,,SP.POP.TOTL,"Population, total",Health: Population,people,2019,385829.0000,380226.0000,5603.0000,1.47,0,0
1296,BZ,Belize,,,SP.POP.TOTL,"Population, total",Health: Population,people,2020,390812.0000,385829.0000,4983.0000,1.29,0,0
1295,BZ,Belize,,,SP.POP.TOTL,"Population, total",Health: Population,people,2021,395346.0000,390812.0000,4534.0000,1.16,0,0
6245,BZ,Belize,,,SP.POP.TOTL,"Population, total",Health: Population,people,2024,417072.0000,395346.0000,21726.0000,5.50,0,0
6244,BZ,Belize,,,SP.POP.TOTL,"Population, total",Health: Population,people,2025,422924.0000,417072.0000,5852.0000,1.40,0,0
328,CA,Canada,,,NY.GDP.PCAP.CD,GDP per capita (current US$),Economic Policy & Debt,current US$,2018,46539.2178,,,,0,0
327,CA,Canada,,,NY.GDP.PCAP.CD,GDP per capita (current US$),Economic Policy & Debt,current US$,2019,46352.9695,46539.2178,-186.2483,-0.40,0,0
326,CA,Canada,,,NY.GDP.PCAP.CD,GDP per capita (current US$),Economic Policy & Debt,current US$,2020,43537.8981,46352.9695,-2815.0714,-6.07,1,-0.036790
325,CA,Canada,,,NY.GDP.PCAP.CD,GDP per capita (current US$),Economic Policy & Debt,current US$,2021,52886.6408,43537.8981,9348.7427,21.47,1,-0.081218
325,CA,Canada,,,NY.GDP.PCAP.CD,GDP per capita (current US$),Economic Policy & Debt,current US$,2021,52886.6408,43537.8981,9348.7427,21.47,1,-0.016240
5814,CA,Canada,,,NY.GDP.PCAP.CD,GDP per capita (current US$),Economic Policy & Debt,current US$,2024,55015.7067,52886.6408,2129.0659,4.03,0,0
5813,CA,Canada,,,NY.GDP.PCAP.CD,GDP per capita (current US$),Economic Policy & Debt,current US$,2025,55697.6640,55015.7067,681.9573,1.24,0,0
3464,CA,Canada,,,SH.H2O.BASW.ZS,People using at least basic drinking water services (% of population),Environment: Water and sanitation,% of population,2018,98.6310,,,,0,0
3463,CA,Canada,,,SH.H2O.BASW.ZS,People using at least basic drinking water services (% of population),Environment: Water and sanitation,% of population,2019,98.5632,98.6310,-0.0678,-0.07,0,0
3462,CA,Canada,,,SH.H2O.BASW.ZS,People using at least basic drinking water services (% of population),Environment: Water and sanitation,% of population,2020,98.4952,98.5632,-0.0680,-0.07,0,0
3461,CA,Canada,,,SH.H2O.BASW.ZS,People using at least basic drinking water services (% of population),Environment: Water and sanitation,% of population,2021,98.4272,98.4952,-0.0680,-0.07,0,0
6938,CA,Canada,,,SH.H2O.BASW.ZS,People using at least basic drinking water services (% of population),Environment: Water and sanitation,% of population,2024,98.2903,98.4272,-0.1369,-0.14,0,0
2418,CA,Canada,,,SP.DYN.LE00.IN,"Life expectancy at birth, total (years)",Health,years,2018,81.8037,,,,0,0
2417,CA,Canada,,,SP.DYN.LE00.IN,"Life expectancy at birth, total (years)",Health,years,2019,82.1585,81.8037,0.3548,0.43,0,0
2416,CA,Canada,,,SP.DYN.LE00.IN,"Life expectancy at birth, total (years)",Health,years,2020,81.5300,82.1585,-0.6285,-0.76,0,0
2415,CA,Canada,,,SP.DYN.LE00.IN,"Life expectancy at birth, total (years)",Health,years,2021,81.4515,81.5300,-0.0785,-0.10,0,0
6692,CA,Canada,,,SP.DYN.LE00.IN,"Life expectancy at birth, total (years)",Health,years,2024,82.1080,81.4515,0.6565,0.81,0,0
1362,CA,Canada,,,SP.POP.TOTL,"Population, total",Health: Population,people,2018,37072620.0000,,,,0,0
1361,CA,Canada,,,SP.POP.TOTL,"Population, total",Health: Population,people,2019,37618495.0000,37072620.0000,545875.0000,1.47,0,0
1360,CA,Canada,,,SP.POP.TOTL,"Population, total",Health: Population,people,2020,38028638.0000,37618495.0000,410143.0000,1.09,0,0
1359,CA,Canada,,,SP.POP.TOTL,"Population, total",Health: Population,people,2021,38239864.0000,38028638.0000,211226.0000,0.56,0,0
6277,CA,Canada,,,SP.POP.TOTL,"Population, total",Health: Population,people,2024,41262329.0000,38239864.0000,3022465.0000,7.90,0,0
6276,CA,Canada,,,SP.POP.TOTL,"Population, total",Health: Population,people,2025,41651653.0000,41262329.0000,389324.0000,0.94,0,0
364,CD,"Congo, Dem. Rep.",,,NY.GDP.PCAP.CD,GDP per capita (current US$),Economic Policy & Debt,current US$,2018,518.1696,,,,0,0
363,CD,"Congo, Dem. Rep.",,,NY.GDP.PCAP.CD,GDP per capita (current US$),Economic Policy & Debt,current US$,2019,504.0042,518.1696,-14.1654,-2.73,0,0
362,CD,"Congo, Dem. Rep.",,,NY.GDP.PCAP.CD,GDP per capita (current US$),Economic Policy & Debt,current US$,2020,486.4256,504.0042,-17.5786,-3.49,0,0
361,CD,"Congo, Dem. Rep.",,,NY.GDP.PCAP.CD,GDP per capita (current US$),Economic Policy & Debt,current US$,2021,595.7431,486.4256,109.3175,22.47,1,-0.026196
5829,CD,"Congo, Dem. Rep.",,,NY.GDP.PCAP.CD,GDP per capita (current US$),Economic Policy & Debt,current US$,2024,692.8877,595.7431,97.1446,16.31,0,0
5828,CD,"Congo, Dem. Rep.",,,NY.GDP.PCAP.CD,GDP per capita (current US$),Economic Policy & Debt,current US$,2025,806.7760,692.8877,113.8883,16.44,1,-0.153076
5828,CD,"Congo, Dem. Rep.",,,NY.GDP.PCAP.CD,GDP per capita (current US$),Economic Policy & Debt,current US$,2025,806.7760,692.8877,113.8883,16.44,1,-0.088098
3496,CD,"Congo, Dem. Rep.",,,SH.H2O.BASW.ZS,People using at least basic drinking water services (% of population),Environment: Water and sanitation,% of population,2018,35.8565,,,,1,-0.031442
3495,CD,"Congo, Dem. Rep.",,,SH.H2O.BASW.ZS,People using at least basic drinking water services (% of population),Environment: Water and sanitation,% of population,2019,35.6879,35.8565,-0.1686,-0.47,1,-0.012206
3494,CD,"Congo, Dem. Rep.",,,SH.H2O.BASW.ZS,People using at least basic drinking water services (% of population),Environment: Water and sanitation,% of population,2020,35.5104,35.6879,-0.1775,-0.50,0,0
3493,CD,"Congo, Dem. Rep.",,,SH.H2O.BASW.ZS,People using at least basic drinking water services (% of population),Environment: Water and sanitation,% of population,2021,35.3236,35.5104,-0.1868,-0.53,1,-0.026795
6946,CD,"Congo, Dem. Rep.",,,SH.H2O.BASW.ZS,People using at least basic drinking water services (% of population),Environment: Water and sanitation,% of population,2024,35.6814,35.3236,0.3578,1.01,1,-0.004138
2454,CD,"Congo, Dem. Rep.",,,SP.DYN.LE00.IN,"Life expectancy at birth, total (years)",Health,years,2018,59.9260,,,,0,0
2453,CD,"Congo, Dem. Rep.",,,SP.DYN.LE00.IN,"Life expectancy at birth, total (years)",Health,years,2019,60.2420,59.9260,0.3160,0.53,0,0
2452,CD,"Congo, Dem. Rep.",,,SP.DYN.LE00.IN,"Life expectancy at birth, total (years)",Health,years,2020,60.4280,60.2420,0.1860,0.31,0,0
2451,CD,"Congo, Dem. Rep.",,,SP.DYN.LE00.IN,"Life expectancy at birth, total (years)",Health,years,2021,60.0440,60.4280,-0.3840,-0.64,0,0
6701,CD,"Congo, Dem. Rep.",,,SP.DYN.LE00.IN,"Life expectancy at birth, total (years)",Health,years,2024,62.0740,60.0440,2.0300,3.38,1,-0.008959
1398,CD,"Congo, Dem. Rep.",,,SP.POP.TOTL,"Population, total",Health: Population,people,2018,90047644.0000,,,,0,0
1397,CD,"Congo, Dem. Rep.",,,SP.POP.TOTL,"Population, total",Health: Population,people,2019,92947442.0000,90047644.0000,2899798.0000,3.22,0,0
1396,CD,"Congo, Dem. Rep.",,,SP.POP.TOTL,"Population, total",Health: Population,people,2020,95989998.0000,92947442.0000,3042556.0000,3.27,0,0
1395,CD,"Congo, Dem. Rep.",,,SP.POP.TOTL,"Population, total",Health: Population,people,2021,99148932.0000,95989998.0000,3158934.0000,3.29,0,0
6295,CD,"Congo, Dem. Rep.",,,SP.POP.TOTL,"Population, total",Health: Population,people,2024,109276265.0000,99148932.0000,10127333.0000,10.21,0,0
6294,CD,"Congo, Dem. Rep.",,,SP.POP.TOTL,"Population, total",Health: Population,people,2025,112832473.0000,109276265.0000,3556208.0000,3.25,0,0
336,CF,Central African Republic,,,NY.GDP.PCAP.CD,GDP per capita (current US$),Economic Policy & Debt,current US$,2018,455.2440,,,,0,0
335,CF,Central African Republic,,,NY.GDP.PCAP.CD,GDP per capita (current US$),Economic Policy & Debt,current US$,2019,449.2285,455.2440,-6.0155,-1.32,0,0
334,CF,Central African Republic,,,NY.GDP.PCAP.CD,GDP per capita (current US$),Economic Policy & Debt,current US$,2020,462.8791,449.2285,13.6506,3.04,0,0
333,CF,Central African Republic,,,NY.GDP.PCAP.CD,GDP per capita (current US$),Economic Policy & Debt,current US$,2021,492.2631,462.8791,29.3840,6.35,0,0
5817,CF,Central African Republic,,,NY.GDP.PCAP.CD,GDP per capita (current US$),Economic Policy & Debt,current US$,2024,516.1610,492.2631,23.8979,4.85,0,0
5816,CF,Central African Republic,,,NY.GDP.PCAP.CD,GDP per capita (current US$),Economic Policy & Debt,current US$,2025,556.1314,516.1610,39.9704,7.74,1,-0.029553
3472,CF,Central African Republic,,,SH.H2O.BASW.ZS,People using at least basic drinking water services (% of population),Environment: Water and sanitation,% of population,2018,39.2275,,,,1,-0.049257
3471,CF,Central African Republic,,,SH.H2O.BASW.ZS,People using at least basic drinking water services (% of population),Environment: Water and sanitation,% of population,2019,38.2123,39.2275,-1.0152,-2.59,1,-0.044654
3470,CF,Central African Republic,,,SH.H2O.BASW.ZS,People using at least basic drinking water services (% of population),Environment: Water and sanitation,% of population,2020,37.2024,38.2123,-1.0099,-2.64,1,-0.006463
3469,CF,Central African Republic,,,SH.H2O.BASW.ZS,People using at least basic drinking water services (% of population),Environment: Water and sanitation,% of population,2021,36.1974,37.2024,-1.0050,-2.70,1,-0.034000
6940,CF,Central African Republic,,,SH.H2O.BASW.ZS,People using at least basic drinking water services (% of population),Environment: Water and sanitation,% of population,2024,36.5040,36.1974,0.3066,0.85,0,0
2426,CF,Central African Republic,,,SP.DYN.LE00.IN,"Life expectancy at birth, total (years)",Health,years,2018,52.2970,,,,1,-0.048719
2425,CF,Central African Republic,,,SP.DYN.LE00.IN,"Life expectancy at birth, total (years)",Health,years,2019,31.5300,52.2970,-20.7670,-39.71,1,-0.232022
2425,CF,Central African Republic,,,SP.DYN.LE00.IN,"Life expectancy at birth, total (years)",Health,years,2019,31.5300,52.2970,-20.7670,-39.71,1,-0.167045
2424,CF,Central African Republic,,,SP.DYN.LE00.IN,"Life expectancy at birth, total (years)",Health,years,2020,50.5960,31.5300,19.0660,60.47,1,-0.185644
2424,CF,Central African Republic,,,SP.DYN.LE00.IN,"Life expectancy at birth, total (years)",Health,years,2020,50.5960,31.5300,19.0660,60.47,1,-0.120667
2423,CF,Central African Republic,,,SP.DYN.LE00.IN,"Life expectancy at birth, total (years)",Health,years,2021,40.2790,50.5960,-10.3170,-20.39,1,-0.162141
2423,CF,Central African Republic,,,SP.DYN.LE00.IN,"Life expectancy at birth, total (years)",Health,years,2021,40.2790,50.5960,-10.3170,-20.39,1,-0.097164
6694,CF,Central African Republic,,,SP.DYN.LE00.IN,"Life expectancy at birth, total (years)",Health,years,2024,57.6710,40.2790,17.3920,43.18,1,-0.054034
1370,CF,Central African Republic,,,SP.POP.TOTL,"Population, total",Health: Population,people,2018,4878657.0000,,,,0,0
1369,CF,Central African Republic,,,SP.POP.TOTL,"Population, total",Health: Population,people,2019,4944703.0000,4878657.0000,66046.0000,1.35,0,0
1368,CF,Central African Republic,,,SP.POP.TOTL,"Population, total",Health: Population,people,2020,5026628.0000,4944703.0000,81925.0000,1.66,0,0
1367,CF,Central African Republic,,,SP.POP.TOTL,"Population, total",Health: Population,people,2021,5112100.0000,5026628.0000,85472.0000,1.70,0,0
6281,CF,Central African Republic,,,SP.POP.TOTL,"Population, total",Health: Population,people,2024,5330690.0000,5112100.0000,218590.0000,4.28,0,0
6280,CF,Central African Republic,,,SP.POP.TOTL,"Population, total",Health: Population,people,2025,5513282.0000,5330690.0000,182592.0000,3.43,0,0
368,CG,"Congo, Rep.",,,NY.GDP.PCAP.CD,GDP per capita (current US$),Economic Policy & Debt,current US$,2018,2694.4341,,,,0,0
367,CG,"Congo, Rep.",,,NY.GDP.PCAP.CD,GDP per capita (current US$),Economic Policy & Debt,current US$,2019,2488.4247,2694.4341,-206.0094,-7.65,0,0
366,CG,"Congo, Rep.",,,NY.GDP.PCAP.CD,GDP per capita (current US$),Economic Policy & Debt,current US$,2020,1993.5867,2488.4247,-494.8380,-19.89,1,-0.146907
366,CG,"Congo, Rep.",,,NY.GDP.PCAP.CD,GDP per capita (current US$),Economic Policy & Debt,current US$,2020,1993.5867,2488.4247,-494.8380,-19.89,1,-0.081930
365,CG,"Congo, Rep.",,,NY.GDP.PCAP.CD,GDP per capita (current US$),Economic Policy & Debt,current US$,2021,2516.1626,1993.5867,522.5759,26.21,1,-0.056302
5831,CG,"Congo, Rep.",,,NY.GDP.PCAP.CD,GDP per capita (current US$),Economic Policy & Debt,current US$,2024,2482.2490,2516.1626,-33.9136,-1.35,0,0
5830,CG,"Congo, Rep.",,,NY.GDP.PCAP.CD,GDP per capita (current US$),Economic Policy & Debt,current US$,2025,2514.7339,2482.2490,32.4849,1.31,0,0
3500,CG,"Congo, Rep.",,,SH.H2O.BASW.ZS,People using at least basic drinking water services (% of population),Environment: Water and sanitation,% of population,2018,72.9021,,,,0,0
3499,CG,"Congo, Rep.",,,SH.H2O.BASW.ZS,People using at least basic drinking water services (% of population),Environment: Water and sanitation,% of population,2019,73.0981,72.9021,0.1960,0.27,0,0
3498,CG,"Congo, Rep.",,,SH.H2O.BASW.ZS,People using at least basic drinking water services (% of population),Environment: Water and sanitation,% of population,2020,73.2937,73.0981,0.1956,0.27,0,0
3497,CG,"Congo, Rep.",,,SH.H2O.BASW.ZS,People using at least basic drinking water services (% of population),Environment: Water and sanitation,% of population,2021,73.4884,73.2937,0.1947,0.27,0,0
2458,CG,"Congo, Rep.",,,SP.DYN.LE00.IN,"Life expectancy at birth, total (years)",Health,years,2018,64.4720,,,,0,0
2457,CG,"Congo, Rep.",,,SP.DYN.LE00.IN,"Life expectancy at birth, total (years)",Health,years,2019,63.1520,64.4720,-1.3200,-2.05,0,0
2456,CG,"Congo, Rep.",,,SP.DYN.LE00.IN,"Life expectancy at birth, total (years)",Health,years,2020,64.3910,63.1520,1.2390,1.96,0,0
2455,CG,"Congo, Rep.",,,SP.DYN.LE00.IN,"Life expectancy at birth, total (years)",Health,years,2021,64.1920,64.3910,-0.1990,-0.31,0,0
6702,CG,"Congo, Rep.",,,SP.DYN.LE00.IN,"Life expectancy at birth, total (years)",Health,years,2024,66.0010,64.1920,1.8090,2.82,0,0
1402,CG,"Congo, Rep.",,,SP.POP.TOTL,"Population, total",Health: Population,people,2018,5483118.0000,,,,0,0
1401,CG,"Congo, Rep.",,,SP.POP.TOTL,"Population, total",Health: Population,people,2019,5616661.0000,5483118.0000,133543.0000,2.44,0,0
1400,CG,"Congo, Rep.",,,SP.POP.TOTL,"Population, total",Health: Population,people,2020,5752791.0000,5616661.0000,136130.0000,2.42,0,0
1399,CG,"Congo, Rep.",,,SP.POP.TOTL,"Population, total",Health: Population,people,2021,5892183.0000,5752791.0000,139392.0000,2.42,0,0
6297,CG,"Congo, Rep.",,,SP.POP.TOTL,"Population, total",Health: Population,people,2024,6332961.0000,5892183.0000,440778.0000,7.48,0,0
6296,CG,"Congo, Rep.",,,SP.POP.TOTL,"Population, total",Health: Population,people,2025,6484437.0000,6332961.0000,151476.0000,2.39,0,0
921,CH,Switzerland,,,NY.GDP.PCAP.CD,GDP per capita (current US$),Economic Policy & Debt,current US$,2018,87002.3382,,,,0,0
920,CH,Switzerland,,,NY.GDP.PCAP.CD,GDP per capita (current US$),Economic Policy & Debt,current US$,2019,85872.9702,87002.3382,-1129.3680,-1.30,1,-0.007609
919,CH,Switzerland,,,NY.GDP.PCAP.CD,GDP per capita (current US$),Economic Policy & Debt,current US$,2020,87529.7016,85872.9702,1656.7314,1.93,1,-0.016797
918,CH,Switzerland,,,NY.GDP.PCAP.CD,GDP per capita (current US$),Economic Policy & Debt,current US$,2021,96582.8687,87529.7016,9053.1671,10.34,1,-0.035610
6088,CH,Switzerland,,,NY.GDP.PCAP.CD,GDP per capita (current US$),Economic Policy & Debt,current US$,2024,107702.0659,96582.8687,11119.1972,11.51,1,-0.011765
6087,CH,Switzerland,,,NY.GDP.PCAP.CD,GDP per capita (current US$),Economic Policy & Debt,current US$,2025,114769.0123,107702.0659,7066.9464,6.56,1,-0.132197
6087,CH,Switzerland,,,NY.GDP.PCAP.CD,GDP per capita (current US$),Economic Policy & Debt,current US$,2025,114769.0123,107702.0659,7066.9464,6.56,1,-0.067219
4040,CH,Switzerland,,,SH.H2O.BASW.ZS,People using at least basic drinking water services (% of population),Environment: Water and sanitation,% of population,2018,100.0000,,,,0,0
4039,CH,Switzerland,,,SH.H2O.BASW.ZS,People using at least basic drinking water services (% of population),Environment: Water and sanitation,% of population,2019,100.0000,100.0000,0.0000,0.00,0,0
4038,CH,Switzerland,,,SH.H2O.BASW.ZS,People using at least basic drinking water services (% of population),Environment: Water and sanitation,% of population,2020,100.0000,100.0000,0.0000,0.00,0,0
4037,CH,Switzerland,,,SH.H2O.BASW.ZS,People using at least basic drinking water services (% of population),Environment: Water and sanitation,% of population,2021,100.0000,100.0000,0.0000,0.00,0,0
7079,CH,Switzerland,,,SH.H2O.BASW.ZS,People using at least basic drinking water services (% of population),Environment: Water and sanitation,% of population,2024,100.0000,100.0000,0.0000,0.00,0,0
3030,CH,Switzerland,,,SP.DYN.LE00.IN,"Life expectancy at birth, total (years)",Health,years,2018,83.7537,,,,0,0
3029,CH,Switzerland,,,SP.DYN.LE00.IN,"Life expectancy at birth, total (years)",Health,years,2019,83.9049,83.7537,0.1512,0.18,0,0
3028,CH,Switzerland,,,SP.DYN.LE00.IN,"Life expectancy at birth, total (years)",Health,years,2020,83.0000,83.9049,-0.9049,-1.08,0,0
3027,CH,Switzerland,,,SP.DYN.LE00.IN,"Life expectancy at birth, total (years)",Health,years,2021,83.7512,83.0000,0.7512,0.91,0,0
6845,CH,Switzerland,,,SP.DYN.LE00.IN,"Life expectancy at birth, total (years)",Health,years,2024,84.4073,83.7512,0.6561,0.78,0,0
1974,CH,Switzerland,,,SP.POP.TOTL,"Population, total",Health: Population,people,2018,8514329.0000,,,,0,0
1973,CH,Switzerland,,,SP.POP.TOTL,"Population, total",Health: Population,people,2019,8575280.0000,8514329.0000,60951.0000,0.72,0,0
1972,CH,Switzerland,,,SP.POP.TOTL,"Population, total",Health: Population,people,2020,8638167.0000,8575280.0000,62887.0000,0.73,0,0
1971,CH,Switzerland,,,SP.POP.TOTL,"Population, total",Health: Population,people,2021,8704546.0000,8638167.0000,66379.0000,0.77,0,0
6583,CH,Switzerland,,,SP.POP.TOTL,"Population, total",Health: Population,people,2024,9005582.0000,8704546.0000,301036.0000,3.46,0,0
6582,CH,Switzerland,,,SP.POP.TOTL,"Population, total",Health: Population,people,2025,9092436.0000,9005582.0000,86854.0000,0.96,0,0
376,CI,Cote d'Ivoire,,,NY.GDP.PCAP.CD,GDP per capita (current US$),Economic Policy & Debt,current US$,2018,2130.8662,,,,0,0
375,CI,Cote d'Ivoire,,,NY.GDP.PCAP.CD,GDP per capita (current US$),Economic Policy & Debt,current US$,2019,2141.7684,2130.8662,10.9022,0.51,0,0
374,CI,Cote d'Ivoire,,,NY.GDP.PCAP.CD,GDP per capita (current US$),Economic Policy & Debt,current US$,2020,2179.7293,2141.7684,37.9609,1.77,0,0
373,CI,Cote d'Ivoire,,,NY.GDP.PCAP.CD,GDP per capita (current US$),Economic Policy & Debt,current US$,2021,2455.9813,2179.7293,276.2520,12.67,0,0
5835,CI,Cote d'Ivoire,,,NY.GDP.PCAP.CD,GDP per capita (current US$),Economic Policy & Debt,current US$,2024,2727.8935,2455.9813,271.9122,11.07,0,0
5834,CI,Cote d'Ivoire,,,NY.GDP.PCAP.CD,GDP per capita (current US$),Economic Policy & Debt,current US$,2025,3050.1020,2727.8935,322.2085,11.81,1,-0.077448
5834,CI,Cote d'Ivoire,,,NY.GDP.PCAP.CD,GDP per capita (current US$),Economic Policy & Debt,current US$,2025,3050.1020,2727.8935,322.2085,11.81,1,-0.012471
3508,CI,Cote d'Ivoire,,,SH.H2O.BASW.ZS,People using at least basic drinking water services (% of population),Environment: Water and sanitation,% of population,2018,75.3090,,,,0,0
3507,CI,Cote d'Ivoire,,,SH.H2O.BASW.ZS,People using at least basic drinking water services (% of population),Environment: Water and sanitation,% of population,2019,75.6490,75.3090,0.3400,0.45,0,0
3506,CI,Cote d'Ivoire,,,SH.H2O.BASW.ZS,People using at least basic drinking water services (% of population),Environment: Water and sanitation,% of population,2020,75.9871,75.6490,0.3381,0.45,0,0
3505,CI,Cote d'Ivoire,,,SH.H2O.BASW.ZS,People using at least basic drinking water services (% of population),Environment: Water and sanitation,% of population,2021,76.3230,75.9871,0.3359,0.44,0,0
6948,CI,Cote d'Ivoire,,,SH.H2O.BASW.ZS,People using at least basic drinking water services (% of population),Environment: Water and sanitation,% of population,2024,77.2471,76.3230,0.9241,1.21,0,0
2466,CI,Cote d'Ivoire,,,SP.DYN.LE00.IN,"Life expectancy at birth, total (years)",Health,years,2018,59.7950,,,,0,0
2465,CI,Cote d'Ivoire,,,SP.DYN.LE00.IN,"Life expectancy at birth, total (years)",Health,years,2019,60.2740,59.7950,0.4790,0.80,0,0
2464,CI,Cote d'Ivoire,,,SP.DYN.LE00.IN,"Life expectancy at birth, total (years)",Health,years,2020,60.1400,60.2740,-0.1340,-0.22,0,0
2463,CI,Cote d'Ivoire,,,SP.DYN.LE00.IN,"Life expectancy at birth, total (years)",Health,years,2021,60.2900,60.1400,0.1500,0.25,0,0
6704,CI,Cote d'Ivoire,,,SP.DYN.LE00.IN,"Life expectancy at birth, total (years)",Health,years,2024,62.1100,60.2900,1.8200,3.02,1,-0.009651
1410,CI,Cote d'Ivoire,,,SP.POP.TOTL,"Population, total",Health: Population,people,2018,27464173.0000,,,,0,0
1409,CI,Cote d'Ivoire,,,SP.POP.TOTL,"Population, total",Health: Population,people,2019,28193009.0000,27464173.0000,728836.0000,2.65,0,0
1408,CI,Cote d'Ivoire,,,SP.POP.TOTL,"Population, total",Health: Population,people,2020,28915449.0000,28193009.0000,722440.0000,2.56,0,0
1407,CI,Cote d'Ivoire,,,SP.POP.TOTL,"Population, total",Health: Population,people,2021,29639736.0000,28915449.0000,724287.0000,2.50,0,0
6301,CI,Cote d'Ivoire,,,SP.POP.TOTL,"Population, total",Health: Population,people,2024,31934230.0000,29639736.0000,2294494.0000,7.74,0,0
6300,CI,Cote d'Ivoire,,,SP.POP.TOTL,"Population, total",Health: Population,people,2025,32711547.0000,31934230.0000,777317.0000,2.43,0,0
348,CL,Chile,,,NY.GDP.PCAP.CD,GDP per capita (current US$),Economic Policy & Debt,current US$,2018,15659.4809,,,,0,0
347,CL,Chile,,,NY.GDP.PCAP.CD,GDP per capita (current US$),Economic Policy & Debt,current US$,2019,14496.9346,15659.4809,-1162.5463,-7.42,0,0
346,CL,Chile,,,NY.GDP.PCAP.CD,GDP per capita (current US$),Economic Policy & Debt,current US$,2020,13117.9930,14496.9346,-1378.9416,-9.51,1,-0.070702
346,CL,Chile,,,NY.GDP.PCAP.CD,GDP per capita (current US$),Economic Policy & Debt,current US$,2020,13117.9930,14496.9346,-1378.9416,-9.51,1,-0.005725
345,CL,Chile,,,NY.GDP.PCAP.CD,GDP per capita (current US$),Economic Policy & Debt,current US$,2021,16216.1841,13117.9930,3098.1911,23.62,1,-0.049113
5821,CL,Chile,,,NY.GDP.PCAP.CD,GDP per capita (current US$),Economic Policy & Debt,current US$,2024,16658.9653,16216.1841,442.7812,2.73,0,0
5820,CL,Chile,,,NY.GDP.PCAP.CD,GDP per capita (current US$),Economic Policy & Debt,current US$,2025,17994.5912,16658.9653,1335.6259,8.02,1,-0.007252
3480,CL,Chile,,,SH.H2O.BASW.ZS,People using at least basic drinking water services (% of population),Environment: Water and sanitation,% of population,2018,98.4565,,,,0,0
3479,CL,Chile,,,SH.H2O.BASW.ZS,People using at least basic drinking water services (% of population),Environment: Water and sanitation,% of population,2019,98.5642,98.4565,0.1077,0.11,0,0
3478,CL,Chile,,,SH.H2O.BASW.ZS,People using at least basic drinking water services (% of population),Environment: Water and sanitation,% of population,2020,98.6714,98.5642,0.1072,0.11,0,0
3477,CL,Chile,,,SH.H2O.BASW.ZS,People using at least basic drinking water services (% of population),Environment: Water and sanitation,% of population,2021,98.7780,98.6714,0.1066,0.11,0,0
6942,CL,Chile,,,SH.H2O.BASW.ZS,People using at least basic drinking water services (% of population),Environment: Water and sanitation,% of population,2024,99.0812,98.7780,0.3032,0.31,0,0
2438,CL,Chile,,,SP.DYN.LE00.IN,"Life expectancy at birth, total (years)",Health,years,2018,80.5590,,,,0,0
2437,CL,Chile,,,SP.DYN.LE00.IN,"Life expectancy at birth, total (years)",Health,years,2019,80.3240,80.5590,-0.2350,-0.29,0,0
2436,CL,Chile,,,SP.DYN.LE00.IN,"Life expectancy at birth, total (years)",Health,years,2020,79.3490,80.3240,-0.9750,-1.21,0,0
2435,CL,Chile,,,SP.DYN.LE00.IN,"Life expectancy at birth, total (years)",Health,years,2021,78.8760,79.3490,-0.4730,-0.60,0,0
6697,CL,Chile,,,SP.DYN.LE00.IN,"Life expectancy at birth, total (years)",Health,years,2024,81.3590,78.8760,2.4830,3.15,0,0
1382,CL,Chile,,,SP.POP.TOTL,"Population, total",Health: Population,people,2018,18893191.0000,,,,0,0
1381,CL,Chile,,,SP.POP.TOTL,"Population, total",Health: Population,people,2019,19197744.0000,18893191.0000,304553.0000,1.61,0,0
1380,CL,Chile,,,SP.POP.TOTL,"Population, total",Health: Population,people,2020,19370624.0000,19197744.0000,172880.0000,0.90,0,0
1379,CL,Chile,,,SP.POP.TOTL,"Population, total",Health: Population,people,2021,19456334.0000,19370624.0000,85710.0000,0.44,0,0
6287,CL,Chile,,,SP.POP.TOTL,"Population, total",Health: Population,people,2024,19764771.0000,19456334.0000,308437.0000,1.59,0,0
6286,CL,Chile,,,SP.POP.TOTL,"Population, total",Health: Population,people,2025,19859921.0000,19764771.0000,95150.0000,0.48,0,0
324,CM,Cameroon,,,NY.GDP.PCAP.CD,GDP per capita (current US$),Economic Policy & Debt,current US$,2018,1610.6964,,,,0,0
323,CM,Cameroon,,,NY.GDP.PCAP.CD,GDP per capita (current US$),Economic Policy & Debt,current US$,2019,1555.2266,1610.6964,-55.4698,-3.44,0,0
322,CM,Cameroon,,,NY.GDP.PCAP.CD,GDP per capita (current US$),Economic Policy & Debt,current US$,2020,1555.6037,1555.2266,0.3771,0.02,0,0
321,CM,Cameroon,,,NY.GDP.PCAP.CD,GDP per capita (current US$),Economic Policy & Debt,current US$,2021,1672.3266,1555.6037,116.7229,7.50,0,0
5812,CM,Cameroon,,,NY.GDP.PCAP.CD,GDP per capita (current US$),Economic Policy & Debt,current US$,2024,1830.0083,1672.3266,157.6817,9.43,0,0
5811,CM,Cameroon,,,NY.GDP.PCAP.CD,GDP per capita (current US$),Economic Policy & Debt,current US$,2025,1972.3816,1830.0083,142.3733,7.78,1,-0.035731
3460,CM,Cameroon,,,SH.H2O.BASW.ZS,People using at least basic drinking water services (% of population),Environment: Water and sanitation,% of population,2018,68.2678,,,,0,0
3459,CM,Cameroon,,,SH.H2O.BASW.ZS,People using at least basic drinking water services (% of population),Environment: Water and sanitation,% of population,2019,68.7911,68.2678,0.5233,0.77,0,0
3458,CM,Cameroon,,,SH.H2O.BASW.ZS,People using at least basic drinking water services (% of population),Environment: Water and sanitation,% of population,2020,69.2976,68.7911,0.5065,0.74,0,0
3457,CM,Cameroon,,,SH.H2O.BASW.ZS,People using at least basic drinking water services (% of population),Environment: Water and sanitation,% of population,2021,69.7871,69.2976,0.4895,0.71,0,0
6937,CM,Cameroon,,,SH.H2O.BASW.ZS,People using at least basic drinking water services (% of population),Environment: Water and sanitation,% of population,2024,71.4102,69.7871,1.6231,2.33,0,0
2414,CM,Cameroon,,,SP.DYN.LE00.IN,"Life expectancy at birth, total (years)",Health,years,2018,61.1890,,,,0,0
2413,CM,Cameroon,,,SP.DYN.LE00.IN,"Life expectancy at birth, total (years)",Health,years,2019,61.6950,61.1890,0.5060,0.83,0,0
2412,CM,Cameroon,,,SP.DYN.LE00.IN,"Life expectancy at birth, total (years)",Health,years,2020,61.6740,61.6950,-0.0210,-0.03,0,0
2411,CM,Cameroon,,,SP.DYN.LE00.IN,"Life expectancy at birth, total (years)",Health,years,2021,61.1460,61.6740,-0.5280,-0.86,0,0
6691,CM,Cameroon,,,SP.DYN.LE00.IN,"Life expectancy at birth, total (years)",Health,years,2024,63.9680,61.1460,2.8220,4.62,0,0
1358,CM,Cameroon,,,SP.POP.TOTL,"Population, total",Health: Population,people,2018,24806383.0000,,,,0,0
1357,CM,Cameroon,,,SP.POP.TOTL,"Population, total",Health: Population,people,2019,25506095.0000,24806383.0000,699712.0000,2.82,0,0
1356,CM,Cameroon,,,SP.POP.TOTL,"Population, total",Health: Population,people,2020,26210558.0000,25506095.0000,704463.0000,2.76,0,0
1355,CM,Cameroon,,,SP.POP.TOTL,"Population, total",Health: Population,people,2021,26915758.0000,26210558.0000,705200.0000,2.69,0,0
6275,CM,Cameroon,,,SP.POP.TOTL,"Population, total",Health: Population,people,2024,29123744.0000,26915758.0000,2207986.0000,8.20,0,0
6274,CM,Cameroon,,,SP.POP.TOTL,"Population, total",Health: Population,people,2025,29879337.0000,29123744.0000,755593.0000,2.59,0,0
352,CN,China,,,NY.GDP.PCAP.CD,GDP per capita (current US$),Economic Policy & Debt,current US$,2018,10085.6638,,,,0,0
351,CN,China,,,NY.GDP.PCAP.CD,GDP per capita (current US$),Economic Policy & Debt,current US$,2019,10342.9010,10085.6638,257.2372,2.55,0,0
350,CN,China,,,NY.GDP.PCAP.CD,GDP per capita (current US$),Economic Policy & Debt,current US$,2020,10627.4638,10342.9010,284.5628,2.75,0,0
349,CN,China,,,NY.GDP.PCAP.CD,GDP per capita (current US$),Economic Policy & Debt,current US$,2021,12887.4357,10627.4638,2259.9719,21.27,1,-0.056020
5823,CN,China,,,NY.GDP.PCAP.CD,GDP per capita (current US$),Economic Policy & Debt,current US$,2024,13293.1162,12887.4357,405.6805,3.15,0,0
5822,CN,China,,,NY.GDP.PCAP.CD,GDP per capita (current US$),Economic Policy & Debt,current US$,2025,13861.9702,13293.1162,568.8540,4.28,0,0
3484,CN,China,,,SH.H2O.BASW.ZS,People using at least basic drinking water services (% of population),Environment: Water and sanitation,% of population,2018,93.0687,,,,0,0
3483,CN,China,,,SH.H2O.BASW.ZS,People using at least basic drinking water services (% of population),Environment: Water and sanitation,% of population,2019,93.5327,93.0687,0.4640,0.50,0,0
3482,CN,China,,,SH.H2O.BASW.ZS,People using at least basic drinking water services (% of population),Environment: Water and sanitation,% of population,2020,93.9705,93.5327,0.4378,0.47,0,0
3481,CN,China,,,SH.H2O.BASW.ZS,People using at least basic drinking water services (% of population),Environment: Water and sanitation,% of population,2021,94.6330,93.9705,0.6625,0.71,0,0
6943,CN,China,,,SH.H2O.BASW.ZS,People using at least basic drinking water services (% of population),Environment: Water and sanitation,% of population,2024,96.1224,94.6330,1.4894,1.57,0,0
2442,CN,China,,,SP.DYN.LE00.IN,"Life expectancy at birth, total (years)",Health,years,2018,77.7090,,,,0,0
2441,CN,China,,,SP.DYN.LE00.IN,"Life expectancy at birth, total (years)",Health,years,2019,77.9400,77.7090,0.2310,0.30,0,0
2440,CN,China,,,SP.DYN.LE00.IN,"Life expectancy at birth, total (years)",Health,years,2020,78.0190,77.9400,0.0790,0.10,0,0
2439,CN,China,,,SP.DYN.LE00.IN,"Life expectancy at birth, total (years)",Health,years,2021,78.1170,78.0190,0.0980,0.13,0,0
6698,CN,China,,,SP.DYN.LE00.IN,"Life expectancy at birth, total (years)",Health,years,2024,78.0170,78.1170,-0.1000,-0.13,0,0
1386,CN,China,,,SP.POP.TOTL,"Population, total",Health: Population,people,2018,1402760000.0000,,,,0,0
1385,CN,China,,,SP.POP.TOTL,"Population, total",Health: Population,people,2019,1407745000.0000,1402760000.0000,4985000.0000,0.36,0,0
1384,CN,China,,,SP.POP.TOTL,"Population, total",Health: Population,people,2020,1411100000.0000,1407745000.0000,3355000.0000,0.24,0,0
1383,CN,China,,,SP.POP.TOTL,"Population, total",Health: Population,people,2021,1412360000.0000,1411100000.0000,1260000.0000,0.09,0,0
6289,CN,China,,,SP.POP.TOTL,"Population, total",Health: Population,people,2024,1408975000.0000,1412360000.0000,-3385000.0000,-0.24,0,0
6288,CN,China,,,SP.POP.TOTL,"Population, total",Health: Population,people,2025,1406585000.0000,1408975000.0000,-2390000.0000,-0.17,0,0
356,CO,Colombia,,,NY.GDP.PCAP.CD,GDP per capita (current US$),Economic Policy & Debt,current US$,2018,6816.9682,,,,0,0
355,CO,Colombia,,,NY.GDP.PCAP.CD,GDP per capita (current US$),Economic Policy & Debt,current US$,2019,6472.5454,6816.9682,-344.4228,-5.05,0,0
354,CO,Colombia,,,NY.GDP.PCAP.CD,GDP per capita (current US$),Economic Policy & Debt,current US$,2020,5339.6871,6472.5454,-1132.8583,-17.50,1,-0.115634
354,CO,Colombia,,,NY.GDP.PCAP.CD,GDP per capita (current US$),Economic Policy & Debt,current US$,2020,5339.6871,6472.5454,-1132.8583,-17.50,1,-0.050657
353,CO,Colombia,,,NY.GDP.PCAP.CD,GDP per capita (current US$),Economic Policy & Debt,current US$,2021,6222.6216,5339.6871,882.9345,16.54,1,-0.011497
5825,CO,Colombia,,,NY.GDP.PCAP.CD,GDP per capita (current US$),Economic Policy & Debt,current US$,2024,7951.0862,6222.6216,1728.4646,27.78,0,0
5824,CO,Colombia,,,NY.GDP.PCAP.CD,GDP per capita (current US$),Economic Policy & Debt,current US$,2025,8561.6209,7951.0862,610.5347,7.68,1,-0.029426
3488,CO,Colombia,,,SH.H2O.BASW.ZS,People using at least basic drinking water services (% of population),Environment: Water and sanitation,% of population,2018,95.8504,,,,0,0
3487,CO,Colombia,,,SH.H2O.BASW.ZS,People using at least basic drinking water services (% of population),Environment: Water and sanitation,% of population,2019,96.0786,95.8504,0.2282,0.24,0,0
3486,CO,Colombia,,,SH.H2O.BASW.ZS,People using at least basic drinking water services (% of population),Environment: Water and sanitation,% of population,2020,96.3026,96.0786,0.2240,0.23,0,0
3485,CO,Colombia,,,SH.H2O.BASW.ZS,People using at least basic drinking water services (% of population),Environment: Water and sanitation,% of population,2021,96.5223,96.3026,0.2197,0.23,0,0
6944,CO,Colombia,,,SH.H2O.BASW.ZS,People using at least basic drinking water services (% of population),Environment: Water and sanitation,% of population,2024,97.0966,96.5223,0.5743,0.59,0,0
2446,CO,Colombia,,,SP.DYN.LE00.IN,"Life expectancy at birth, total (years)",Health,years,2018,76.5790,,,,0,0
2445,CO,Colombia,,,SP.DYN.LE00.IN,"Life expectancy at birth, total (years)",Health,years,2019,76.7930,76.5790,0.2140,0.28,0,0
2444,CO,Colombia,,,SP.DYN.LE00.IN,"Life expectancy at birth, total (years)",Health,years,2020,74.7570,76.7930,-2.0360,-2.65,0,0
2443,CO,Colombia,,,SP.DYN.LE00.IN,"Life expectancy at birth, total (years)",Health,years,2021,72.6980,74.7570,-2.0590,-2.75,0,0
6699,CO,Colombia,,,SP.DYN.LE00.IN,"Life expectancy at birth, total (years)",Health,years,2024,77.9130,72.6980,5.2150,7.17,0,0
1390,CO,Colombia,,,SP.POP.TOTL,"Population, total",Health: Population,people,2018,49024465.0000,,,,0,0
1389,CO,Colombia,,,SP.POP.TOTL,"Population, total",Health: Population,people,2019,49907985.0000,49024465.0000,883520.0000,1.80,0,0
1388,CO,Colombia,,,SP.POP.TOTL,"Population, total",Health: Population,people,2020,50629997.0000,49907985.0000,722012.0000,1.45,0,0
1387,CO,Colombia,,,SP.POP.TOTL,"Population, total",Health: Population,people,2021,51188173.0000,50629997.0000,558176.0000,1.10,0,0
6291,CO,Colombia,,,SP.POP.TOTL,"Population, total",Health: Population,people,2024,52886363.0000,51188173.0000,1698190.0000,3.32,0,0
6290,CO,Colombia,,,SP.POP.TOTL,"Population, total",Health: Population,people,2025,53425635.0000,52886363.0000,539272.0000,1.02,0,0
372,CR,Costa Rica,,,NY.GDP.PCAP.CD,GDP per capita (current US$),Economic Policy & Debt,current US$,2018,12620.0207,,,,0,0
371,CR,Costa Rica,,,NY.GDP.PCAP.CD,GDP per capita (current US$),Economic Policy & Debt,current US$,2019,12951.8588,12620.0207,331.8381,2.63,0,0
370,CR,Costa Rica,,,NY.GDP.PCAP.CD,GDP per capita (current US$),Economic Policy & Debt,current US$,2020,12475.6852,12951.8588,-476.1736,-3.68,0,0
369,CR,Costa Rica,,,NY.GDP.PCAP.CD,GDP per capita (current US$),Economic Policy & Debt,current US$,2021,12962.2716,12475.6852,486.5864,3.90,0,0
5833,CR,Costa Rica,,,NY.GDP.PCAP.CD,GDP per capita (current US$),Economic Policy & Debt,current US$,2024,18853.2829,12962.2716,5891.0113,45.45,1,-0.006170
5832,CR,Costa Rica,,,NY.GDP.PCAP.CD,GDP per capita (current US$),Economic Policy & Debt,current US$,2025,19970.0989,18853.2829,1116.8160,5.92,1,-0.068572
5832,CR,Costa Rica,,,NY.GDP.PCAP.CD,GDP per capita (current US$),Economic Policy & Debt,current US$,2025,19970.0989,18853.2829,1116.8160,5.92,1,-0.003594
3504,CR,Costa Rica,,,SH.H2O.BASW.ZS,People using at least basic drinking water services (% of population),Environment: Water and sanitation,% of population,2018,99.6853,,,,0,0
3503,CR,Costa Rica,,,SH.H2O.BASW.ZS,People using at least basic drinking water services (% of population),Environment: Water and sanitation,% of population,2019,99.7975,99.6853,0.1122,0.11,0,0
3502,CR,Costa Rica,,,SH.H2O.BASW.ZS,People using at least basic drinking water services (% of population),Environment: Water and sanitation,% of population,2020,99.8105,99.7975,0.0130,0.01,0,0
3501,CR,Costa Rica,,,SH.H2O.BASW.ZS,People using at least basic drinking water services (% of population),Environment: Water and sanitation,% of population,2021,99.8119,99.8105,0.0014,0.00,0,0
6947,CR,Costa Rica,,,SH.H2O.BASW.ZS,People using at least basic drinking water services (% of population),Environment: Water and sanitation,% of population,2024,99.8154,99.8119,0.0035,0.00,0,0
2462,CR,Costa Rica,,,SP.DYN.LE00.IN,"Life expectancy at birth, total (years)",Health,years,2018,80.0900,,,,0,0
2461,CR,Costa Rica,,,SP.DYN.LE00.IN,"Life expectancy at birth, total (years)",Health,years,2019,80.2960,80.0900,0.2060,0.26,0,0
2460,CR,Costa Rica,,,SP.DYN.LE00.IN,"Life expectancy at birth, total (years)",Health,years,2020,79.7250,80.2960,-0.5710,-0.71,0,0
2459,CR,Costa Rica,,,SP.DYN.LE00.IN,"Life expectancy at birth, total (years)",Health,years,2021,78.0500,79.7250,-1.6750,-2.10,0,0
6703,CR,Costa Rica,,,SP.DYN.LE00.IN,"Life expectancy at birth, total (years)",Health,years,2024,80.9960,78.0500,2.9460,3.77,0,0
1406,CR,Costa Rica,,,SP.POP.TOTL,"Population, total",Health: Population,people,2018,4957818.0000,,,,0,0
1405,CR,Costa Rica,,,SP.POP.TOTL,"Population, total",Health: Population,people,2019,4999553.0000,4957818.0000,41735.0000,0.84,0,0
1404,CR,Costa Rica,,,SP.POP.TOTL,"Population, total",Health: Population,people,2020,5034320.0000,4999553.0000,34767.0000,0.70,0,0
1403,CR,Costa Rica,,,SP.POP.TOTL,"Population, total",Health: Population,people,2021,5059988.0000,5034320.0000,25668.0000,0.51,0,0
6299,CR,Costa Rica,,,SP.POP.TOTL,"Population, total",Health: Population,people,2024,5129910.0000,5059988.0000,69922.0000,1.38,0,0
6298,CR,Costa Rica,,,SP.POP.TOTL,"Population, total",Health: Population,people,2025,5152950.0000,5129910.0000,23040.0000,0.45,0,0
383,CU,Cuba,,,NY.GDP.PCAP.CD,GDP per capita (current US$),Economic Policy & Debt,current US$,2018,8911.4621,,,,0,0
382,CU,Cuba,,,NY.GDP.PCAP.CD,GDP per capita (current US$),Economic Policy & Debt,current US$,2019,9232.2612,8911.4621,320.7991,3.60,0,0
381,CU,Cuba,,,NY.GDP.PCAP.CD,GDP per capita (current US$),Economic Policy & Debt,current US$,2020,9605.2791,9232.2612,373.0179,4.04,0,0
3516,CU,Cuba,,,SH.H2O.BASW.ZS,People using at least basic drinking water services (% of population),Environment: Water and sanitation,% of population,2018,94.0175,,,,0,0
3515,CU,Cuba,,,SH.H2O.BASW.ZS,People using at least basic drinking water services (% of population),Environment: Water and sanitation,% of population,2019,94.1322,94.0175,0.1147,0.12,0,0
3514,CU,Cuba,,,SH.H2O.BASW.ZS,People using at least basic drinking water services (% of population),Environment: Water and sanitation,% of population,2020,94.3125,94.1322,0.1803,0.19,0,0
3513,CU,Cuba,,,SH.H2O.BASW.ZS,People using at least basic drinking water services (% of population),Environment: Water and sanitation,% of population,2021,94.7764,94.3125,0.4639,0.49,0,0
6950,CU,Cuba,,,SH.H2O.BASW.ZS,People using at least basic drinking water services (% of population),Environment: Water and sanitation,% of population,2024,95.1464,94.7764,0.3700,0.39,0,0
2474,CU,Cuba,,,SP.DYN.LE00.IN,"Life expectancy at birth, total (years)",Health,years,2018,77.4260,,,,0,0
2473,CU,Cuba,,,SP.DYN.LE00.IN,"Life expectancy at birth, total (years)",Health,years,2019,77.4130,77.4260,-0.0130,-0.02,0,0
2472,CU,Cuba,,,SP.DYN.LE00.IN,"Life expectancy at birth, total (years)",Health,years,2020,77.4070,77.4130,-0.0060,-0.01,0,0
2471,CU,Cuba,,,SP.DYN.LE00.IN,"Life expectancy at birth, total (years)",Health,years,2021,73.2010,77.4070,-4.2060,-5.43,1,-0.003994
6706,CU,Cuba,,,SP.DYN.LE00.IN,"Life expectancy at birth, total (years)",Health,years,2024,78.2640,73.2010,5.0630,6.92,0,0
1418,CU,Cuba,,,SP.POP.TOTL,"Population, total",Health: Population,people,2018,11227118.0000,,,,0,0
1417,CU,Cuba,,,SP.POP.TOTL,"Population, total",Health: Population,people,2019,11202846.0000,11227118.0000,-24272.0000,-0.22,0,0
1416,CU,Cuba,,,SP.POP.TOTL,"Population, total",Health: Population,people,2020,11176354.0000,11202846.0000,-26492.0000,-0.24,0,0
1415,CU,Cuba,,,SP.POP.TOTL,"Population, total",Health: Population,people,2021,11122168.0000,11176354.0000,-54186.0000,-0.48,0,0
6305,CU,Cuba,,,SP.POP.TOTL,"Population, total",Health: Population,people,2024,10979783.0000,11122168.0000,-142385.0000,-1.28,0,0
6304,CU,Cuba,,,SP.POP.TOTL,"Population, total",Health: Population,people,2025,10937203.0000,10979783.0000,-42580.0000,-0.39,0,0
316,CV,Cabo Verde,,,NY.GDP.PCAP.CD,GDP per capita (current US$),Economic Policy & Debt,current US$,2018,4294.9651,,,,0,0
315,CV,Cabo Verde,,,NY.GDP.PCAP.CD,GDP per capita (current US$),Economic Policy & Debt,current US$,2019,4380.7812,4294.9651,85.8161,2.00,0,0
314,CV,Cabo Verde,,,NY.GDP.PCAP.CD,GDP per capita (current US$),Economic Policy & Debt,current US$,2020,3539.2266,4380.7812,-841.5546,-19.21,1,-0.104108
314,CV,Cabo Verde,,,NY.GDP.PCAP.CD,GDP per capita (current US$),Economic Policy & Debt,current US$,2020,3539.2266,4380.7812,-841.5546,-19.21,1,-0.039131
313,CV,Cabo Verde,,,NY.GDP.PCAP.CD,GDP per capita (current US$),Economic Policy & Debt,current US$,2021,3971.4441,3539.2266,432.2175,12.21,0,0
5808,CV,Cabo Verde,,,NY.GDP.PCAP.CD,GDP per capita (current US$),Economic Policy & Debt,current US$,2024,5170.2053,3971.4441,1198.7612,30.18,0,0
5807,CV,Cabo Verde,,,NY.GDP.PCAP.CD,GDP per capita (current US$),Economic Policy & Debt,current US$,2025,5796.4721,5170.2053,626.2668,12.11,1,-0.094068
5807,CV,Cabo Verde,,,NY.GDP.PCAP.CD,GDP per capita (current US$),Economic Policy & Debt,current US$,2025,5796.4721,5170.2053,626.2668,12.11,1,-0.029091
3452,CV,Cabo Verde,,,SH.H2O.BASW.ZS,People using at least basic drinking water services (% of population),Environment: Water and sanitation,% of population,2018,87.0755,,,,0,0
3451,CV,Cabo Verde,,,SH.H2O.BASW.ZS,People using at least basic drinking water services (% of population),Environment: Water and sanitation,% of population,2019,87.8086,87.0755,0.7331,0.84,0,0
3450,CV,Cabo Verde,,,SH.H2O.BASW.ZS,People using at least basic drinking water services (% of population),Environment: Water and sanitation,% of population,2020,88.5326,87.8086,0.7240,0.82,0,0
3449,CV,Cabo Verde,,,SH.H2O.BASW.ZS,People using at least basic drinking water services (% of population),Environment: Water and sanitation,% of population,2021,89.2475,88.5326,0.7149,0.81,0,0
6935,CV,Cabo Verde,,,SH.H2O.BASW.ZS,People using at least basic drinking water services (% of population),Environment: Water and sanitation,% of population,2024,92.2801,89.2475,3.0326,3.40,0,0
2406,CV,Cabo Verde,,,SP.DYN.LE00.IN,"Life expectancy at birth, total (years)",Health,years,2018,74.8400,,,,0,0
2405,CV,Cabo Verde,,,SP.DYN.LE00.IN,"Life expectancy at birth, total (years)",Health,years,2019,75.4490,74.8400,0.6090,0.81,0,0
2404,CV,Cabo Verde,,,SP.DYN.LE00.IN,"Life expectancy at birth, total (years)",Health,years,2020,73.8180,75.4490,-1.6310,-2.16,0,0
2403,CV,Cabo Verde,,,SP.DYN.LE00.IN,"Life expectancy at birth, total (years)",Health,years,2021,74.4240,73.8180,0.6060,0.82,0,0
6689,CV,Cabo Verde,,,SP.DYN.LE00.IN,"Life expectancy at birth, total (years)",Health,years,2024,76.2240,74.4240,1.8000,2.42,0,0
1350,CV,Cabo Verde,,,SP.POP.TOTL,"Population, total",Health: Population,people,2018,513415.0000,,,,0,0
1349,CV,Cabo Verde,,,SP.POP.TOTL,"Population, total",Health: Population,people,2019,514104.0000,513415.0000,689.0000,0.13,0,0
1348,CV,Cabo Verde,,,SP.POP.TOTL,"Population, total",Health: Population,people,2020,514679.0000,514104.0000,575.0000,0.11,0,0
1347,CV,Cabo Verde,,,SP.POP.TOTL,"Population, total",Health: Population,people,2021,516649.0000,514679.0000,1970.0000,0.38,0,0
6271,CV,Cabo Verde,,,SP.POP.TOTL,"Population, total",Health: Population,people,2024,524877.0000,516649.0000,8228.0000,1.59,0,0
6270,CV,Cabo Verde,,,SP.POP.TOTL,"Population, total",Health: Population,people,2025,527326.0000,524877.0000,2449.0000,0.47,0,0
387,CW,Curacao,,,NY.GDP.PCAP.CD,GDP per capita (current US$),Economic Policy & Debt,current US$,2018,19119.1244,,,,0,0
386,CW,Curacao,,,NY.GDP.PCAP.CD,GDP per capita (current US$),Economic Policy & Debt,current US$,2019,19220.6867,19119.1244,101.5623,0.53,0,0
385,CW,Curacao,,,NY.GDP.PCAP.CD,GDP per capita (current US$),Economic Policy & Debt,current US$,2020,16299.8135,19220.6867,-2920.8732,-15.20,1,-0.062491
384,CW,Curacao,,,NY.GDP.PCAP.CD,GDP per capita (current US$),Economic Policy & Debt,current US$,2021,17795.5826,16299.8135,1495.7691,9.18,0,0
5838,CW,Curacao,,,NY.GDP.PCAP.CD,GDP per capita (current US$),Economic Policy & Debt,current US$,2024,22832.8955,17795.5826,5037.3129,28.31,0,0
3520,CW,Curacao,,,SH.H2O.BASW.ZS,People using at least basic drinking water services (% of population),Environment: Water and sanitation,% of population,2018,100.0000,,,,0,0
3519,CW,Curacao,,,SH.H2O.BASW.ZS,People using at least basic drinking water services (% of population),Environment: Water and sanitation,% of population,2019,100.0000,100.0000,0.0000,0.00,0,0
3518,CW,Curacao,,,SH.H2O.BASW.ZS,People using at least basic drinking water services (% of population),Environment: Water and sanitation,% of population,2020,100.0000,100.0000,0.0000,0.00,0,0
3517,CW,Curacao,,,SH.H2O.BASW.ZS,People using at least basic drinking water services (% of population),Environment: Water and sanitation,% of population,2021,100.0000,100.0000,0.0000,0.00,0,0
6951,CW,Curacao,,,SH.H2O.BASW.ZS,People using at least basic drinking water services (% of population),Environment: Water and sanitation,% of population,2024,100.0000,100.0000,0.0000,0.00,0,0
2478,CW,Curacao,,,SP.DYN.LE00.IN,"Life expectancy at birth, total (years)",Health,years,2018,76.4930,,,,0,0
2477,CW,Curacao,,,SP.DYN.LE00.IN,"Life expectancy at birth, total (years)",Health,years,2019,76.4920,76.4930,-0.0010,0.00,0,0
2476,CW,Curacao,,,SP.DYN.LE00.IN,"Life expectancy at birth, total (years)",Health,years,2020,76.5010,76.4920,0.0090,0.01,0,0
2475,CW,Curacao,,,SP.DYN.LE00.IN,"Life expectancy at birth, total (years)",Health,years,2021,75.6860,76.5010,-0.8150,-1.07,0,0
6707,CW,Curacao,,,SP.DYN.LE00.IN,"Life expectancy at birth, total (years)",Health,years,2024,76.9890,75.6860,1.3030,1.72,0,0
1422,CW,Curacao,,,SP.POP.TOTL,"Population, total",Health: Population,people,2018,159336.0000,,,,0,0
1421,CW,Curacao,,,SP.POP.TOTL,"Population, total",Health: Population,people,2019,157441.0000,159336.0000,-1895.0000,-1.19,0,0
1420,CW,Curacao,,,SP.POP.TOTL,"Population, total",Health: Population,people,2020,155482.0000,157441.0000,-1959.0000,-1.24,0,0
1419,CW,Curacao,,,SP.POP.TOTL,"Population, total",Health: Population,people,2021,153948.0000,155482.0000,-1534.0000,-0.99,0,0
6307,CW,Curacao,,,SP.POP.TOTL,"Population, total",Health: Population,people,2024,155967.0000,153948.0000,2019.0000,1.31,0,0
6306,CW,Curacao,,,SP.POP.TOTL,"Population, total",Health: Population,people,2025,156263.0000,155967.0000,296.0000,0.19,0,0
391,CY,Cyprus,,,NY.GDP.PCAP.CD,GDP per capita (current US$),Economic Policy & Debt,current US$,2018,29120.3867,,,,0,0
390,CY,Cyprus,,,NY.GDP.PCAP.CD,GDP per capita (current US$),Economic Policy & Debt,current US$,2019,29227.1680,29120.3867,106.7813,0.37,0,0
389,CY,Cyprus,,,NY.GDP.PCAP.CD,GDP per capita (current US$),Economic Policy & Debt,current US$,2020,28130.3301,29227.1680,-1096.8379,-3.75,0,0
388,CY,Cyprus,,,NY.GDP.PCAP.CD,GDP per capita (current US$),Economic Policy & Debt,current US$,2021,32937.8359,28130.3301,4807.5058,17.09,1,-0.011730
5840,CY,Cyprus,,,NY.GDP.PCAP.CD,GDP per capita (current US$),Economic Policy & Debt,current US$,2024,38674.3125,32937.8359,5736.4766,17.42,0,0
5839,CY,Cyprus,,,NY.GDP.PCAP.CD,GDP per capita (current US$),Economic Policy & Debt,current US$,2025,41783.0898,38674.3125,3108.7773,8.04,1,-0.092089
5839,CY,Cyprus,,,NY.GDP.PCAP.CD,GDP per capita (current US$),Economic Policy & Debt,current US$,2025,41783.0898,38674.3125,3108.7773,8.04,1,-0.027112
3524,CY,Cyprus,,,SH.H2O.BASW.ZS,People using at least basic drinking water services (% of population),Environment: Water and sanitation,% of population,2018,99.7619,,,,0,0
3523,CY,Cyprus,,,SH.H2O.BASW.ZS,People using at least basic drinking water services (% of population),Environment: Water and sanitation,% of population,2019,99.7537,99.7619,-0.0082,-0.01,0,0
3522,CY,Cyprus,,,SH.H2O.BASW.ZS,People using at least basic drinking water services (% of population),Environment: Water and sanitation,% of population,2020,99.7455,99.7537,-0.0082,-0.01,0,0
3521,CY,Cyprus,,,SH.H2O.BASW.ZS,People using at least basic drinking water services (% of population),Environment: Water and sanitation,% of population,2021,99.7374,99.7455,-0.0081,-0.01,0,0
6952,CY,Cyprus,,,SH.H2O.BASW.ZS,People using at least basic drinking water services (% of population),Environment: Water and sanitation,% of population,2024,99.7211,99.7374,-0.0163,-0.02,0,0
2482,CY,Cyprus,,,SP.DYN.LE00.IN,"Life expectancy at birth, total (years)",Health,years,2018,81.5560,,,,0,0
2481,CY,Cyprus,,,SP.DYN.LE00.IN,"Life expectancy at birth, total (years)",Health,years,2019,81.4540,81.5560,-0.1020,-0.13,0,0
2480,CY,Cyprus,,,SP.DYN.LE00.IN,"Life expectancy at birth, total (years)",Health,years,2020,81.2300,81.4540,-0.2240,-0.28,0,0
2479,CY,Cyprus,,,SP.DYN.LE00.IN,"Life expectancy at birth, total (years)",Health,years,2021,80.5730,81.2300,-0.6570,-0.81,0,0
6708,CY,Cyprus,,,SP.DYN.LE00.IN,"Life expectancy at birth, total (years)",Health,years,2024,81.8210,80.5730,1.2480,1.55,0,0
1426,CY,Cyprus,,,SP.POP.TOTL,"Population, total",Health: Population,people,2018,1270737.0000,,,,0,0
1425,CY,Cyprus,,,SP.POP.TOTL,"Population, total",Health: Population,people,2019,1286671.0000,1270737.0000,15934.0000,1.25,0,0
1424,CY,Cyprus,,,SP.POP.TOTL,"Population, total",Health: Population,people,2020,1302247.0000,1286671.0000,15576.0000,1.21,0,0
1423,CY,Cyprus,,,SP.POP.TOTL,"Population, total",Health: Population,people,2021,1317309.0000,1302247.0000,15062.0000,1.16,0,0
6309,CY,Cyprus,,,SP.POP.TOTL,"Population, total",Health: Population,people,2024,1358282.0000,1317309.0000,40973.0000,3.11,0,0
6308,CY,Cyprus,,,SP.POP.TOTL,"Population, total",Health: Population,people,2025,1370754.0000,1358282.0000,12472.0000,0.92,0,0
395,CZ,Czechia,,,NY.GDP.PCAP.CD,GDP per capita (current US$),Economic Policy & Debt,current US$,2018,23705.9330,,,,0,0
394,CZ,Czechia,,,NY.GDP.PCAP.CD,GDP per capita (current US$),Economic Policy & Debt,current US$,2019,24062.7190,23705.9330,356.7860,1.51,0,0
393,CZ,Czechia,,,NY.GDP.PCAP.CD,GDP per capita (current US$),Economic Policy & Debt,current US$,2020,23472.8915,24062.7190,-589.8275,-2.45,0,0
392,CZ,Czechia,,,NY.GDP.PCAP.CD,GDP per capita (current US$),Economic Policy & Debt,current US$,2021,27696.4620,23472.8915,4223.5705,17.99,1,-0.016607
5842,CZ,Czechia,,,NY.GDP.PCAP.CD,GDP per capita (current US$),Economic Policy & Debt,current US$,2024,31827.7553,27696.4620,4131.2933,14.92,0,0
5841,CZ,Czechia,,,NY.GDP.PCAP.CD,GDP per capita (current US$),Economic Policy & Debt,current US$,2025,35917.2724,31827.7553,4089.5171,12.85,1,-0.135264
5841,CZ,Czechia,,,NY.GDP.PCAP.CD,GDP per capita (current US$),Economic Policy & Debt,current US$,2025,35917.2724,31827.7553,4089.5171,12.85,1,-0.070287
3528,CZ,Czechia,,,SH.H2O.BASW.ZS,People using at least basic drinking water services (% of population),Environment: Water and sanitation,% of population,2018,98.7314,,,,0,0
3527,CZ,Czechia,,,SH.H2O.BASW.ZS,People using at least basic drinking water services (% of population),Environment: Water and sanitation,% of population,2019,98.7318,98.7314,0.0004,0.00,0,0
3526,CZ,Czechia,,,SH.H2O.BASW.ZS,People using at least basic drinking water services (% of population),Environment: Water and sanitation,% of population,2020,98.7322,98.7318,0.0004,0.00,0,0
3525,CZ,Czechia,,,SH.H2O.BASW.ZS,People using at least basic drinking water services (% of population),Environment: Water and sanitation,% of population,2021,98.7326,98.7322,0.0004,0.00,0,0
6953,CZ,Czechia,,,SH.H2O.BASW.ZS,People using at least basic drinking water services (% of population),Environment: Water and sanitation,% of population,2024,98.7341,98.7326,0.0015,0.00,0,0
2486,CZ,Czechia,,,SP.DYN.LE00.IN,"Life expectancy at birth, total (years)",Health,years,2018,79.0293,,,,0,0
2485,CZ,Czechia,,,SP.DYN.LE00.IN,"Life expectancy at birth, total (years)",Health,years,2019,79.2293,79.0293,0.2000,0.25,0,0
2484,CZ,Czechia,,,SP.DYN.LE00.IN,"Life expectancy at birth, total (years)",Health,years,2020,78.2268,79.2293,-1.0025,-1.27,0,0
2483,CZ,Czechia,,,SP.DYN.LE00.IN,"Life expectancy at birth, total (years)",Health,years,2021,77.2220,78.2268,-1.0048,-1.28,0,0
6709,CZ,Czechia,,,SP.DYN.LE00.IN,"Life expectancy at birth, total (years)",Health,years,2024,79.9780,77.2220,2.7560,3.57,0,0
1430,CZ,Czechia,,,SP.POP.TOTL,"Population, total",Health: Population,people,2018,10629928.0000,,,,0,0
1429,CZ,Czechia,,,SP.POP.TOTL,"Population, total",Health: Population,people,2019,10671870.0000,10629928.0000,41942.0000,0.39,0,0
1428,CZ,Czechia,,,SP.POP.TOTL,"Population, total",Health: Population,people,2020,10697858.0000,10671870.0000,25988.0000,0.24,0,0
1427,CZ,Czechia,,,SP.POP.TOTL,"Population, total",Health: Population,people,2021,10505772.0000,10697858.0000,-192086.0000,-1.80,0,0
6311,CZ,Czechia,,,SP.POP.TOTL,"Population, total",Health: Population,people,2024,10905028.0000,10505772.0000,399256.0000,3.80,0,0
6310,CZ,Czechia,,,SP.POP.TOTL,"Population, total",Health: Population,people,2025,10886878.0000,10905028.0000,-18150.0000,-0.17,0,0
475,DE,Germany,,,NY.GDP.PCAP.CD,GDP per capita (current US$),Economic Policy & Debt,current US$,2018,48916.1687,,,,0,0
474,DE,Germany,,,NY.GDP.PCAP.CD,GDP per capita (current US$),Economic Policy & Debt,current US$,2019,47656.1997,48916.1687,-1259.9690,-2.58,0,0
473,DE,Germany,,,NY.GDP.PCAP.CD,GDP per capita (current US$),Economic Policy & Debt,current US$,2020,47394.8735,47656.1997,-261.3262,-0.55,0,0
472,DE,Germany,,,NY.GDP.PCAP.CD,GDP per capita (current US$),Economic Policy & Debt,current US$,2021,52349.2460,47394.8735,4954.3725,10.45,0,0
5880,DE,Germany,,,NY.GDP.PCAP.CD,GDP per capita (current US$),Economic Policy & Debt,current US$,2024,56103.7323,52349.2460,3754.4863,7.17,0,0
5879,DE,Germany,,,NY.GDP.PCAP.CD,GDP per capita (current US$),Economic Policy & Debt,current US$,2025,60496.4351,56103.7323,4392.7028,7.83,1,-0.085059
5879,DE,Germany,,,NY.GDP.PCAP.CD,GDP per capita (current US$),Economic Policy & Debt,current US$,2025,60496.4351,56103.7323,4392.7028,7.83,1,-0.020081
3604,DE,Germany,,,SH.H2O.BASW.ZS,People using at least basic drinking water services (% of population),Environment: Water and sanitation,% of population,2018,100.0000,,,,0,0
3603,DE,Germany,,,SH.H2O.BASW.ZS,People using at least basic drinking water services (% of population),Environment: Water and sanitation,% of population,2019,100.0000,100.0000,0.0000,0.00,0,0
3602,DE,Germany,,,SH.H2O.BASW.ZS,People using at least basic drinking water services (% of population),Environment: Water and sanitation,% of population,2020,100.0000,100.0000,0.0000,0.00,0,0
3601,DE,Germany,,,SH.H2O.BASW.ZS,People using at least basic drinking water services (% of population),Environment: Water and sanitation,% of population,2021,100.0000,100.0000,0.0000,0.00,0,0
6972,DE,Germany,,,SH.H2O.BASW.ZS,People using at least basic drinking water services (% of population),Environment: Water and sanitation,% of population,2024,100.0000,100.0000,0.0000,0.00,0,0
2570,DE,Germany,,,SP.DYN.LE00.IN,"Life expectancy at birth, total (years)",Health,years,2018,80.8927,,,,0,0
2569,DE,Germany,,,SP.DYN.LE00.IN,"Life expectancy at birth, total (years)",Health,years,2019,81.2927,80.8927,0.4000,0.49,0,0
2568,DE,Germany,,,SP.DYN.LE00.IN,"Life expectancy at birth, total (years)",Health,years,2020,81.0415,81.2927,-0.2512,-0.31,0,0
2567,DE,Germany,,,SP.DYN.LE00.IN,"Life expectancy at birth, total (years)",Health,years,2021,80.7902,81.0415,-0.2513,-0.31,0,0
6730,DE,Germany,,,SP.DYN.LE00.IN,"Life expectancy at birth, total (years)",Health,years,2024,80.7927,80.7902,0.0025,0.00,0,0
1514,DE,Germany,,,SP.POP.TOTL,"Population, total",Health: Population,people,2018,82905782.0000,,,,0,0
1513,DE,Germany,,,SP.POP.TOTL,"Population, total",Health: Population,people,2019,83092962.0000,82905782.0000,187180.0000,0.23,0,0
1512,DE,Germany,,,SP.POP.TOTL,"Population, total",Health: Population,people,2020,83160871.0000,83092962.0000,67909.0000,0.08,0,0
1511,DE,Germany,,,SP.POP.TOTL,"Population, total",Health: Population,people,2021,83196078.0000,83160871.0000,35207.0000,0.04,0,0
6353,DE,Germany,,,SP.POP.TOTL,"Population, total",Health: Population,people,2024,83516593.0000,83196078.0000,320515.0000,0.39,0,0
6352,DE,Germany,,,SP.POP.TOTL,"Population, total",Health: Population,people,2025,83491249.0000,83516593.0000,-25344.0000,-0.03,0,0
403,DJ,Djibouti,,,NY.GDP.PCAP.CD,GDP per capita (current US$),Economic Policy & Debt,current US$,2018,2718.0834,,,,0,0
402,DJ,Djibouti,,,NY.GDP.PCAP.CD,GDP per capita (current US$),Economic Policy & Debt,current US$,2019,2837.1690,2718.0834,119.0856,4.38,0,0
401,DJ,Djibouti,,,NY.GDP.PCAP.CD,GDP per capita (current US$),Economic Policy & Debt,current US$,2020,2844.8881,2837.1690,7.7191,0.27,0,0
400,DJ,Djibouti,,,NY.GDP.PCAP.CD,GDP per capita (current US$),Economic Policy & Debt,current US$,2021,3025.9113,2844.8881,181.0232,6.36,0,0
5846,DJ,Djibouti,,,NY.GDP.PCAP.CD,GDP per capita (current US$),Economic Policy & Debt,current US$,2024,3552.7234,3025.9113,526.8121,17.41,0,0
5845,DJ,Djibouti,,,NY.GDP.PCAP.CD,GDP per capita (current US$),Economic Policy & Debt,current US$,2025,3905.6050,3552.7234,352.8816,9.93,1,-0.066411
5845,DJ,Djibouti,,,NY.GDP.PCAP.CD,GDP per capita (current US$),Economic Policy & Debt,current US$,2025,3905.6050,3552.7234,352.8816,9.93,1,-0.001434
3536,DJ,Djibouti,,,SH.H2O.BASW.ZS,People using at least basic drinking water services (% of population),Environment: Water and sanitation,% of population,2018,78.2699,,,,0,0
3535,DJ,Djibouti,,,SH.H2O.BASW.ZS,People using at least basic drinking water services (% of population),Environment: Water and sanitation,% of population,2019,78.5004,78.2699,0.2305,0.29,0,0
3534,DJ,Djibouti,,,SH.H2O.BASW.ZS,People using at least basic drinking water services (% of population),Environment: Water and sanitation,% of population,2020,78.7318,78.5004,0.2314,0.29,0,0
3533,DJ,Djibouti,,,SH.H2O.BASW.ZS,People using at least basic drinking water services (% of population),Environment: Water and sanitation,% of population,2021,78.9636,78.7318,0.2318,0.29,0,0
6955,DJ,Djibouti,,,SH.H2O.BASW.ZS,People using at least basic drinking water services (% of population),Environment: Water and sanitation,% of population,2024,79.6615,78.9636,0.6979,0.88,0,0
2494,DJ,Djibouti,,,SP.DYN.LE00.IN,"Life expectancy at birth, total (years)",Health,years,2018,64.1050,,,,0,0
2493,DJ,Djibouti,,,SP.DYN.LE00.IN,"Life expectancy at birth, total (years)",Health,years,2019,64.3810,64.1050,0.2760,0.43,0,0
2492,DJ,Djibouti,,,SP.DYN.LE00.IN,"Life expectancy at birth, total (years)",Health,years,2020,64.2000,64.3810,-0.1810,-0.28,0,0
2491,DJ,Djibouti,,,SP.DYN.LE00.IN,"Life expectancy at birth, total (years)",Health,years,2021,63.8300,64.2000,-0.3700,-0.58,0,0
6711,DJ,Djibouti,,,SP.DYN.LE00.IN,"Life expectancy at birth, total (years)",Health,years,2024,66.2020,63.8300,2.3720,3.72,0,0
1438,DJ,Djibouti,,,SP.POP.TOTL,"Population, total",Health: Population,people,2018,1071882.0000,,,,0,0
1437,DJ,Djibouti,,,SP.POP.TOTL,"Population, total",Health: Population,people,2019,1088709.0000,1071882.0000,16827.0000,1.57,0,0
1436,DJ,Djibouti,,,SP.POP.TOTL,"Population, total",Health: Population,people,2020,1105188.0000,1088709.0000,16479.0000,1.51,0,0
1435,DJ,Djibouti,,,SP.POP.TOTL,"Population, total",Health: Population,people,2021,1121248.0000,1105188.0000,16060.0000,1.45,0,0
6315,DJ,Djibouti,,,SP.POP.TOTL,"Population, total",Health: Population,people,2024,1168722.0000,1121248.0000,47474.0000,4.23,0,0
6314,DJ,Djibouti,,,SP.POP.TOTL,"Population, total",Health: Population,people,2025,1184076.0000,1168722.0000,15354.0000,1.31,0,0
399,DK,Denmark,,,NY.GDP.PCAP.CD,GDP per capita (current US$),Economic Policy & Debt,current US$,2018,61324.7665,,,,0,0
398,DK,Denmark,,,NY.GDP.PCAP.CD,GDP per capita (current US$),Economic Policy & Debt,current US$,2019,59404.2663,61324.7665,-1920.5002,-3.13,0,0
397,DK,Denmark,,,NY.GDP.PCAP.CD,GDP per capita (current US$),Economic Policy & Debt,current US$,2020,60985.4886,59404.2663,1581.2223,2.66,0,0
396,DK,Denmark,,,NY.GDP.PCAP.CD,GDP per capita (current US$),Economic Policy & Debt,current US$,2021,69340.7335,60985.4886,8355.2449,13.70,1,-0.045342
5844,DK,Denmark,,,NY.GDP.PCAP.CD,GDP per capita (current US$),Economic Policy & Debt,current US$,2024,71026.4832,69340.7335,1685.7497,2.43,0,0
5843,DK,Denmark,,,NY.GDP.PCAP.CD,GDP per capita (current US$),Economic Policy & Debt,current US$,2025,76970.1535,71026.4832,5943.6703,8.37,1,-0.096816
5843,DK,Denmark,,,NY.GDP.PCAP.CD,GDP per capita (current US$),Economic Policy & Debt,current US$,2025,76970.1535,71026.4832,5943.6703,8.37,1,-0.031838
3532,DK,Denmark,,,SH.H2O.BASW.ZS,People using at least basic drinking water services (% of population),Environment: Water and sanitation,% of population,2018,100.0000,,,,0,0
3531,DK,Denmark,,,SH.H2O.BASW.ZS,People using at least basic drinking water services (% of population),Environment: Water and sanitation,% of population,2019,100.0000,100.0000,0.0000,0.00,0,0
3530,DK,Denmark,,,SH.H2O.BASW.ZS,People using at least basic drinking water services (% of population),Environment: Water and sanitation,% of population,2020,100.0000,100.0000,0.0000,0.00,0,0
3529,DK,Denmark,,,SH.H2O.BASW.ZS,People using at least basic drinking water services (% of population),Environment: Water and sanitation,% of population,2021,100.0000,100.0000,0.0000,0.00,0,0
6954,DK,Denmark,,,SH.H2O.BASW.ZS,People using at least basic drinking water services (% of population),Environment: Water and sanitation,% of population,2024,100.0000,100.0000,0.0000,0.00,0,0
2490,DK,Denmark,,,SP.DYN.LE00.IN,"Life expectancy at birth, total (years)",Health,years,2018,80.9537,,,,0,0
2489,DK,Denmark,,,SP.DYN.LE00.IN,"Life expectancy at birth, total (years)",Health,years,2019,81.4512,80.9537,0.4975,0.61,0,0
2488,DK,Denmark,,,SP.DYN.LE00.IN,"Life expectancy at birth, total (years)",Health,years,2020,81.6024,81.4512,0.1512,0.19,0,0
2487,DK,Denmark,,,SP.DYN.LE00.IN,"Life expectancy at birth, total (years)",Health,years,2021,81.4049,81.6024,-0.1975,-0.24,0,0
6710,DK,Denmark,,,SP.DYN.LE00.IN,"Life expectancy at birth, total (years)",Health,years,2024,82.2537,81.4049,0.8488,1.04,0,0
1434,DK,Denmark,,,SP.POP.TOTL,"Population, total",Health: Population,people,2018,5793636.0000,,,,0,0
1433,DK,Denmark,,,SP.POP.TOTL,"Population, total",Health: Population,people,2019,5814422.0000,5793636.0000,20786.0000,0.36,0,0
1432,DK,Denmark,,,SP.POP.TOTL,"Population, total",Health: Population,people,2020,5831404.0000,5814422.0000,16982.0000,0.29,0,0
1431,DK,Denmark,,,SP.POP.TOTL,"Population, total",Health: Population,people,2021,5856733.0000,5831404.0000,25329.0000,0.43,0,0
6313,DK,Denmark,,,SP.POP.TOTL,"Population, total",Health: Population,people,2024,5976992.0000,5856733.0000,120259.0000,2.05,0,0
6312,DK,Denmark,,,SP.POP.TOTL,"Population, total",Health: Population,people,2025,6009169.0000,5976992.0000,32177.0000,0.54,0,0
407,DM,Dominica,,,NY.GDP.PCAP.CD,GDP per capita (current US$),Economic Policy & Debt,current US$,2018,9215.3085,,,,0,0
406,DM,Dominica,,,NY.GDP.PCAP.CD,GDP per capita (current US$),Economic Policy & Debt,current US$,2019,9491.1500,9215.3085,275.8415,2.99,0,0
405,DM,Dominica,,,NY.GDP.PCAP.CD,GDP per capita (current US$),Economic Policy & Debt,current US$,2020,7827.7484,9491.1500,-1663.4016,-17.53,1,-0.097009
405,DM,Dominica,,,NY.GDP.PCAP.CD,GDP per capita (current US$),Economic Policy & Debt,current US$,2020,7827.7484,9491.1500,-1663.4016,-17.53,1,-0.032032
404,DM,Dominica,,,NY.GDP.PCAP.CD,GDP per capita (current US$),Economic Policy & Debt,current US$,2021,8376.4041,7827.7484,548.6557,7.01,0,0
5848,DM,Dominica,,,NY.GDP.PCAP.CD,GDP per capita (current US$),Economic Policy & Debt,current US$,2024,10405.2788,8376.4041,2028.8747,24.22,0,0
5847,DM,Dominica,,,NY.GDP.PCAP.CD,GDP per capita (current US$),Economic Policy & Debt,current US$,2025,10989.0431,10405.2788,583.7643,5.61,0,0
3540,DM,Dominica,,,SH.H2O.BASW.ZS,People using at least basic drinking water services (% of population),Environment: Water and sanitation,% of population,2018,96.3593,,,,0,0
3539,DM,Dominica,,,SH.H2O.BASW.ZS,People using at least basic drinking water services (% of population),Environment: Water and sanitation,% of population,2019,96.4675,96.3593,0.1082,0.11,0,0
3538,DM,Dominica,,,SH.H2O.BASW.ZS,People using at least basic drinking water services (% of population),Environment: Water and sanitation,% of population,2020,96.5749,96.4675,0.1074,0.11,0,0
3537,DM,Dominica,,,SH.H2O.BASW.ZS,People using at least basic drinking water services (% of population),Environment: Water and sanitation,% of population,2021,96.6813,96.5749,0.1064,0.11,0,0
6956,DM,Dominica,,,SH.H2O.BASW.ZS,People using at least basic drinking water services (% of population),Environment: Water and sanitation,% of population,2024,96.9953,96.6813,0.3140,0.32,0,0
2498,DM,Dominica,,,SP.DYN.LE00.IN,"Life expectancy at birth, total (years)",Health,years,2018,71.3780,,,,0,0
2497,DM,Dominica,,,SP.DYN.LE00.IN,"Life expectancy at birth, total (years)",Health,years,2019,71.3050,71.3780,-0.0730,-0.10,0,0
2496,DM,Dominica,,,SP.DYN.LE00.IN,"Life expectancy at birth, total (years)",Health,years,2020,71.2690,71.3050,-0.0360,-0.05,0,0
2495,DM,Dominica,,,SP.DYN.LE00.IN,"Life expectancy at birth, total (years)",Health,years,2021,69.8320,71.2690,-1.4370,-2.02,0,0
6712,DM,Dominica,,,SP.DYN.LE00.IN,"Life expectancy at birth, total (years)",Health,years,2024,71.2940,69.8320,1.4620,2.09,0,0
1442,DM,Dominica,,,SP.POP.TOTL,"Population, total",Health: Population,people,2018,68174.0000,,,,0,0
1441,DM,Dominica,,,SP.POP.TOTL,"Population, total",Health: Population,people,2019,67880.0000,68174.0000,-294.0000,-0.43,0,0
1440,DM,Dominica,,,SP.POP.TOTL,"Population, total",Health: Population,people,2020,67573.0000,67880.0000,-307.0000,-0.45,0,0
1439,DM,Dominica,,,SP.POP.TOTL,"Population, total",Health: Population,people,2021,67202.0000,67573.0000,-371.0000,-0.55,0,0
6317,DM,Dominica,,,SP.POP.TOTL,"Population, total",Health: Population,people,2024,66205.0000,67202.0000,-997.0000,-1.48,0,0
6316,DM,Dominica,,,SP.POP.TOTL,"Population, total",Health: Population,people,2025,65871.0000,66205.0000,-334.0000,-0.50,0,0
411,DO,Dominican Republic,,,NY.GDP.PCAP.CD,GDP per capita (current US$),Economic Policy & Debt,current US$,2018,7882.9822,,,,0,0
410,DO,Dominican Republic,,,NY.GDP.PCAP.CD,GDP per capita (current US$),Economic Policy & Debt,current US$,2019,8183.0162,7882.9822,300.0340,3.81,0,0
409,DO,Dominican Republic,,,NY.GDP.PCAP.CD,GDP per capita (current US$),Economic Policy & Debt,current US$,2020,7135.2227,8183.0162,-1047.7935,-12.80,1,-0.054132
408,DO,Dominican Republic,,,NY.GDP.PCAP.CD,GDP per capita (current US$),Economic Policy & Debt,current US$,2021,8527.0755,7135.2227,1391.8528,19.51,1,-0.014964
5850,DO,Dominican Republic,,,NY.GDP.PCAP.CD,GDP per capita (current US$),Economic Policy & Debt,current US$,2024,10875.6618,8527.0755,2348.5863,27.54,0,0
5849,DO,Dominican Republic,,,NY.GDP.PCAP.CD,GDP per capita (current US$),Economic Policy & Debt,current US$,2025,11059.2082,10875.6618,183.5464,1.69,1,-0.003759
3544,DO,Dominican Republic,,,SH.H2O.BASW.ZS,People using at least basic drinking water services (% of population),Environment: Water and sanitation,% of population,2018,96.5420,,,,0,0
3543,DO,Dominican Republic,,,SH.H2O.BASW.ZS,People using at least basic drinking water services (% of population),Environment: Water and sanitation,% of population,2019,96.7259,96.5420,0.1839,0.19,0,0
3542,DO,Dominican Republic,,,SH.H2O.BASW.ZS,People using at least basic drinking water services (% of population),Environment: Water and sanitation,% of population,2020,96.8999,96.7259,0.1740,0.18,0,0
3541,DO,Dominican Republic,,,SH.H2O.BASW.ZS,People using at least basic drinking water services (% of population),Environment: Water and sanitation,% of population,2021,97.3055,96.8999,0.4056,0.42,0,0
6957,DO,Dominican Republic,,,SH.H2O.BASW.ZS,People using at least basic drinking water services (% of population),Environment: Water and sanitation,% of population,2024,97.4571,97.3055,0.1516,0.16,0,0
2502,DO,Dominican Republic,,,SP.DYN.LE00.IN,"Life expectancy at birth, total (years)",Health,years,2018,73.5550,,,,0,0
2501,DO,Dominican Republic,,,SP.DYN.LE00.IN,"Life expectancy at birth, total (years)",Health,years,2019,73.1120,73.5550,-0.4430,-0.60,0,0
2500,DO,Dominican Republic,,,SP.DYN.LE00.IN,"Life expectancy at birth, total (years)",Health,years,2020,72.6360,73.1120,-0.4760,-0.65,0,0
2499,DO,Dominican Republic,,,SP.DYN.LE00.IN,"Life expectancy at birth, total (years)",Health,years,2021,71.7570,72.6360,-0.8790,-1.21,0,0
6713,DO,Dominican Republic,,,SP.DYN.LE00.IN,"Life expectancy at birth, total (years)",Health,years,2024,73.8680,71.7570,2.1110,2.94,0,0
1446,DO,Dominican Republic,,,SP.POP.TOTL,"Population, total",Health: Population,people,2018,10782053.0000,,,,0,0
1445,DO,Dominican Republic,,,SP.POP.TOTL,"Population, total",Health: Population,people,2019,10894043.0000,10782053.0000,111990.0000,1.04,0,0
1444,DO,Dominican Republic,,,SP.POP.TOTL,"Population, total",Health: Population,people,2020,11008300.0000,10894043.0000,114257.0000,1.05,0,0
1443,DO,Dominican Republic,,,SP.POP.TOTL,"Population, total",Health: Population,people,2021,11123476.0000,11008300.0000,115176.0000,1.05,0,0
6319,DO,Dominican Republic,,,SP.POP.TOTL,"Population, total",Health: Population,people,2024,11427557.0000,11123476.0000,304081.0000,2.73,0,0
6318,DO,Dominican Republic,,,SP.POP.TOTL,"Population, total",Health: Population,people,2025,11520487.0000,11427557.0000,92930.0000,0.81,0,0
200,DZ,Algeria,,,NY.GDP.PCAP.CD,GDP per capita (current US$),Economic Policy & Debt,current US$,2018,4577.2103,,,,0,0
199,DZ,Algeria,,,NY.GDP.PCAP.CD,GDP per capita (current US$),Economic Policy & Debt,current US$,2019,4468.4534,4577.2103,-108.7569,-2.38,0,0
198,DZ,Algeria,,,NY.GDP.PCAP.CD,GDP per capita (current US$),Economic Policy & Debt,current US$,2020,3743.5420,4468.4534,-724.9114,-16.22,1,-0.086306
198,DZ,Algeria,,,NY.GDP.PCAP.CD,GDP per capita (current US$),Economic Policy & Debt,current US$,2020,3743.5420,4468.4534,-724.9114,-16.22,1,-0.021329
197,DZ,Algeria,,,NY.GDP.PCAP.CD,GDP per capita (current US$),Economic Policy & Debt,current US$,2021,4160.5593,3743.5420,417.0173,11.14,0,0
5755,DZ,Algeria,,,NY.GDP.PCAP.CD,GDP per capita (current US$),Economic Policy & Debt,current US$,2024,5752.9908,4160.5593,1592.4315,38.27,0,0
5754,DZ,Algeria,,,NY.GDP.PCAP.CD,GDP per capita (current US$),Economic Policy & Debt,current US$,2025,6051.0032,5752.9908,298.0124,5.18,1,-0.030272
3342,DZ,Algeria,,,SH.H2O.BASW.ZS,People using at least basic drinking water services (% of population),Environment: Water and sanitation,% of population,2018,91.8591,,,,0,0
3341,DZ,Algeria,,,SH.H2O.BASW.ZS,People using at least basic drinking water services (% of population),Environment: Water and sanitation,% of population,2019,91.9998,91.8591,0.1407,0.15,0,0
3340,DZ,Algeria,,,SH.H2O.BASW.ZS,People using at least basic drinking water services (% of population),Environment: Water and sanitation,% of population,2020,92.1378,91.9998,0.1380,0.15,0,0
3339,DZ,Algeria,,,SH.H2O.BASW.ZS,People using at least basic drinking water services (% of population),Environment: Water and sanitation,% of population,2021,92.2732,92.1378,0.1354,0.15,0,0
6908,DZ,Algeria,,,SH.H2O.BASW.ZS,People using at least basic drinking water services (% of population),Environment: Water and sanitation,% of population,2024,92.4200,92.2732,0.1468,0.16,0,0
2286,DZ,Algeria,,,SP.DYN.LE00.IN,"Life expectancy at birth, total (years)",Health,years,2018,75.5550,,,,0,0
2285,DZ,Algeria,,,SP.DYN.LE00.IN,"Life expectancy at birth, total (years)",Health,years,2019,75.6820,75.5550,0.1270,0.17,0,0
2284,DZ,Algeria,,,SP.DYN.LE00.IN,"Life expectancy at birth, total (years)",Health,years,2020,73.2570,75.6820,-2.4250,-3.20,0,0
2283,DZ,Algeria,,,SP.DYN.LE00.IN,"Life expectancy at birth, total (years)",Health,years,2021,75.2080,73.2570,1.9510,2.66,0,0
6659,DZ,Algeria,,,SP.DYN.LE00.IN,"Life expectancy at birth, total (years)",Health,years,2024,76.4750,75.2080,1.2670,1.68,0,0
1230,DZ,Algeria,,,SP.POP.TOTL,"Population, total",Health: Population,people,2018,42505035.0000,,,,0,0
1229,DZ,Algeria,,,SP.POP.TOTL,"Population, total",Health: Population,people,2019,43294546.0000,42505035.0000,789511.0000,1.86,0,0
1228,DZ,Algeria,,,SP.POP.TOTL,"Population, total",Health: Population,people,2020,44042091.0000,43294546.0000,747545.0000,1.73,0,0
1227,DZ,Algeria,,,SP.POP.TOTL,"Population, total",Health: Population,people,2021,44761099.0000,44042091.0000,719008.0000,1.63,0,0
6211,DZ,Algeria,,,SP.POP.TOTL,"Population, total",Health: Population,people,2024,46814308.0000,44761099.0000,2053209.0000,4.59,0,0
6210,DZ,Algeria,,,SP.POP.TOTL,"Population, total",Health: Population,people,2025,47435312.0000,46814308.0000,621004.0000,1.33,0,0
415,EC,Ecuador,,,NY.GDP.PCAP.CD,GDP per capita (current US$),Economic Policy & Debt,current US$,2018,6303.9189,,,,0,0
414,EC,Ecuador,,,NY.GDP.PCAP.CD,GDP per capita (current US$),Economic Policy & Debt,current US$,2019,6205.0577,6303.9189,-98.8612,-1.57,0,0
413,EC,Ecuador,,,NY.GDP.PCAP.CD,GDP per capita (current US$),Economic Policy & Debt,current US$,2020,5463.6452,6205.0577,-741.4125,-11.95,1,-0.064455
412,EC,Ecuador,,,NY.GDP.PCAP.CD,GDP per capita (current US$),Economic Policy & Debt,current US$,2021,6061.3235,5463.6452,597.6783,10.94,0,0
5852,EC,Ecuador,,,NY.GDP.PCAP.CD,GDP per capita (current US$),Economic Policy & Debt,current US$,2024,6826.5294,6061.3235,765.2059,12.62,0,0
5851,EC,Ecuador,,,NY.GDP.PCAP.CD,GDP per capita (current US$),Economic Policy & Debt,current US$,2025,7125.2762,6826.5294,298.7468,4.38,0,0
3548,EC,Ecuador,,,SH.H2O.BASW.ZS,People using at least basic drinking water services (% of population),Environment: Water and sanitation,% of population,2018,90.9349,,,,0,0
3547,EC,Ecuador,,,SH.H2O.BASW.ZS,People using at least basic drinking water services (% of population),Environment: Water and sanitation,% of population,2019,91.2047,90.9349,0.2698,0.30,0,0
3546,EC,Ecuador,,,SH.H2O.BASW.ZS,People using at least basic drinking water services (% of population),Environment: Water and sanitation,% of population,2020,91.4743,91.2047,0.2696,0.30,0,0
3545,EC,Ecuador,,,SH.H2O.BASW.ZS,People using at least basic drinking water services (% of population),Environment: Water and sanitation,% of population,2021,91.6680,91.4743,0.1937,0.21,0,0
6958,EC,Ecuador,,,SH.H2O.BASW.ZS,People using at least basic drinking water services (% of population),Environment: Water and sanitation,% of population,2024,92.0709,91.6680,0.4029,0.44,0,0
2506,EC,Ecuador,,,SP.DYN.LE00.IN,"Life expectancy at birth, total (years)",Health,years,2018,77.2480,,,,0,0
2505,EC,Ecuador,,,SP.DYN.LE00.IN,"Life expectancy at birth, total (years)",Health,years,2019,77.2860,77.2480,0.0380,0.05,0,0
2504,EC,Ecuador,,,SP.DYN.LE00.IN,"Life expectancy at birth, total (years)",Health,years,2020,72.0040,77.2860,-5.2820,-6.83,0,0
2503,EC,Ecuador,,,SP.DYN.LE00.IN,"Life expectancy at birth, total (years)",Health,years,2021,72.7460,72.0040,0.7420,1.03,0,0
6714,EC,Ecuador,,,SP.DYN.LE00.IN,"Life expectancy at birth, total (years)",Health,years,2024,77.5790,72.7460,4.8330,6.64,0,0
1450,EC,Ecuador,,,SP.POP.TOTL,"Population, total",Health: Population,people,2018,17049547.0000,,,,0,0
1449,EC,Ecuador,,,SP.POP.TOTL,"Population, total",Health: Population,people,2019,17340021.0000,17049547.0000,290474.0000,1.70,0,0
1448,EC,Ecuador,,,SP.POP.TOTL,"Population, total",Health: Population,people,2020,17546065.0000,17340021.0000,206044.0000,1.19,0,0
1447,EC,Ecuador,,,SP.POP.TOTL,"Population, total",Health: Population,people,2021,17682454.0000,17546065.0000,136389.0000,0.78,0,0
6321,EC,Ecuador,,,SP.POP.TOTL,"Population, total",Health: Population,people,2024,18135478.0000,17682454.0000,453024.0000,2.56,0,0
6320,EC,Ecuador,,,SP.POP.TOTL,"Population, total",Health: Population,people,2025,18289896.0000,18135478.0000,154418.0000,0.85,0,0
431,EE,Estonia,,,NY.GDP.PCAP.CD,GDP per capita (current US$),Economic Policy & Debt,current US$,2018,23618.1361,,,,0,0
430,EE,Estonia,,,NY.GDP.PCAP.CD,GDP per capita (current US$),Economic Policy & Debt,current US$,2019,24021.2501,23618.1361,403.1140,1.71,0,0
429,EE,Estonia,,,NY.GDP.PCAP.CD,GDP per capita (current US$),Economic Policy & Debt,current US$,2020,23933.9939,24021.2501,-87.2562,-0.36,0,0
428,EE,Estonia,,,NY.GDP.PCAP.CD,GDP per capita (current US$),Economic Policy & Debt,current US$,2021,27951.1659,23933.9939,4017.1720,16.78,1,-0.007861
5860,EE,Estonia,,,NY.GDP.PCAP.CD,GDP per capita (current US$),Economic Policy & Debt,current US$,2024,31428.3548,27951.1659,3477.1889,12.44,0,0
5859,EE,Estonia,,,NY.GDP.PCAP.CD,GDP per capita (current US$),Economic Policy & Debt,current US$,2025,34417.6321,31428.3548,2989.2773,9.51,1,-0.080290
5859,EE,Estonia,,,NY.GDP.PCAP.CD,GDP per capita (current US$),Economic Policy & Debt,current US$,2025,34417.6321,31428.3548,2989.2773,9.51,1,-0.015313
3560,EE,Estonia,,,SH.H2O.BASW.ZS,People using at least basic drinking water services (% of population),Environment: Water and sanitation,% of population,2018,99.9485,,,,0,0
3559,EE,Estonia,,,SH.H2O.BASW.ZS,People using at least basic drinking water services (% of population),Environment: Water and sanitation,% of population,2019,99.9715,99.9485,0.0230,0.02,0,0
3558,EE,Estonia,,,SH.H2O.BASW.ZS,People using at least basic drinking water services (% of population),Environment: Water and sanitation,% of population,2020,99.9945,99.9715,0.0230,0.02,0,0
3557,EE,Estonia,,,SH.H2O.BASW.ZS,People using at least basic drinking water services (% of population),Environment: Water and sanitation,% of population,2021,100.0000,99.9945,0.0055,0.01,0,0
6961,EE,Estonia,,,SH.H2O.BASW.ZS,People using at least basic drinking water services (% of population),Environment: Water and sanitation,% of population,2024,100.0000,100.0000,0.0000,0.00,0,0
2526,EE,Estonia,,,SP.DYN.LE00.IN,"Life expectancy at birth, total (years)",Health,years,2018,78.2439,,,,0,0
2525,EE,Estonia,,,SP.DYN.LE00.IN,"Life expectancy at birth, total (years)",Health,years,2019,78.6463,78.2439,0.4024,0.51,0,0
2524,EE,Estonia,,,SP.DYN.LE00.IN,"Life expectancy at birth, total (years)",Health,years,2020,78.5951,78.6463,-0.0512,-0.07,0,0
2523,EE,Estonia,,,SP.DYN.LE00.IN,"Life expectancy at birth, total (years)",Health,years,2021,76.9439,78.5951,-1.6512,-2.10,0,0
6719,EE,Estonia,,,SP.DYN.LE00.IN,"Life expectancy at birth, total (years)",Health,years,2024,79.2951,76.9439,2.3512,3.06,0,0
1470,EE,Estonia,,,SP.POP.TOTL,"Population, total",Health: Population,people,2018,1321977.0000,,,,0,0
1469,EE,Estonia,,,SP.POP.TOTL,"Population, total",Health: Population,people,2019,1326898.0000,1321977.0000,4921.0000,0.37,0,0
1468,EE,Estonia,,,SP.POP.TOTL,"Population, total",Health: Population,people,2020,1329522.0000,1326898.0000,2624.0000,0.20,0,0
1467,EE,Estonia,,,SP.POP.TOTL,"Population, total",Health: Population,people,2021,1330932.0000,1329522.0000,1410.0000,0.11,0,0
6331,EE,Estonia,,,SP.POP.TOTL,"Population, total",Health: Population,people,2024,1372341.0000,1330932.0000,41409.0000,3.11,0,0
6330,EE,Estonia,,,SP.POP.TOTL,"Population, total",Health: Population,people,2025,1366475.0000,1372341.0000,-5866.0000,-0.43,0,0
419,EG,"Egypt, Arab Rep.",,,NY.GDP.PCAP.CD,GDP per capita (current US$),Economic Policy & Debt,current US$,2018,2484.7032,,,,1,-0.044655
418,EG,"Egypt, Arab Rep.",,,NY.GDP.PCAP.CD,GDP per capita (current US$),Economic Policy & Debt,current US$,2019,2962.9889,2484.7032,478.2857,19.25,1,-0.025299
417,EG,"Egypt, Arab Rep.",,,NY.GDP.PCAP.CD,GDP per capita (current US$),Economic Policy & Debt,current US$,2020,3511.1138,2962.9889,548.1249,18.50,1,-0.041150
416,EG,"Egypt, Arab Rep.",,,NY.GDP.PCAP.CD,GDP per capita (current US$),Economic Policy & Debt,current US$,2021,3827.3542,3511.1138,316.2404,9.01,1,-0.032512
5854,EG,"Egypt, Arab Rep.",,,NY.GDP.PCAP.CD,GDP per capita (current US$),Economic Policy & Debt,current US$,2024,3338.4737,3827.3542,-488.8805,-12.77,0,0
5853,EG,"Egypt, Arab Rep.",,,NY.GDP.PCAP.CD,GDP per capita (current US$),Economic Policy & Debt,current US$,2025,3085.8071,3338.4737,-252.6666,-7.57,0,0
3552,EG,"Egypt, Arab Rep.",,,SH.H2O.BASW.ZS,People using at least basic drinking water services (% of population),Environment: Water and sanitation,% of population,2018,97.7108,,,,0,0
3551,EG,"Egypt, Arab Rep.",,,SH.H2O.BASW.ZS,People using at least basic drinking water services (% of population),Environment: Water and sanitation,% of population,2019,97.6404,97.7108,-0.0704,-0.07,0,0
3550,EG,"Egypt, Arab Rep.",,,SH.H2O.BASW.ZS,People using at least basic drinking water services (% of population),Environment: Water and sanitation,% of population,2020,97.5705,97.6404,-0.0699,-0.07,0,0
3549,EG,"Egypt, Arab Rep.",,,SH.H2O.BASW.ZS,People using at least basic drinking water services (% of population),Environment: Water and sanitation,% of population,2021,97.5014,97.5705,-0.0691,-0.07,0,0
6959,EG,"Egypt, Arab Rep.",,,SH.H2O.BASW.ZS,People using at least basic drinking water services (% of population),Environment: Water and sanitation,% of population,2024,97.2982,97.5014,-0.2032,-0.21,0,0
2510,EG,"Egypt, Arab Rep.",,,SP.DYN.LE00.IN,"Life expectancy at birth, total (years)",Health,years,2018,70.9740,,,,0,0
2509,EG,"Egypt, Arab Rep.",,,SP.DYN.LE00.IN,"Life expectancy at birth, total (years)",Health,years,2019,71.2130,70.9740,0.2390,0.34,0,0
2508,EG,"Egypt, Arab Rep.",,,SP.DYN.LE00.IN,"Life expectancy at birth, total (years)",Health,years,2020,69.7900,71.2130,-1.4230,-2.00,0,0
2507,EG,"Egypt, Arab Rep.",,,SP.DYN.LE00.IN,"Life expectancy at birth, total (years)",Health,years,2021,68.9760,69.7900,-0.8140,-1.17,0,0
6715,EG,"Egypt, Arab Rep.",,,SP.DYN.LE00.IN,"Life expectancy at birth, total (years)",Health,years,2024,71.8060,68.9760,2.8300,4.10,0,0
1454,EG,"Egypt, Arab Rep.",,,SP.POP.TOTL,"Population, total",Health: Population,people,2018,105682094.0000,,,,0,0
1453,EG,"Egypt, Arab Rep.",,,SP.POP.TOTL,"Population, total",Health: Population,people,2019,107553158.0000,105682094.0000,1871064.0000,1.77,0,0
1452,EG,"Egypt, Arab Rep.",,,SP.POP.TOTL,"Population, total",Health: Population,people,2020,109315124.0000,107553158.0000,1761966.0000,1.64,0,0
1451,EG,"Egypt, Arab Rep.",,,SP.POP.TOTL,"Population, total",Health: Population,people,2021,110957008.0000,109315124.0000,1641884.0000,1.50,0,0
6323,EG,"Egypt, Arab Rep.",,,SP.POP.TOTL,"Population, total",Health: Population,people,2024,116538258.0000,110957008.0000,5581250.0000,5.03,0,0
6322,EG,"Egypt, Arab Rep.",,,SP.POP.TOTL,"Population, total",Health: Population,people,2025,118365995.0000,116538258.0000,1827737.0000,1.57,0,0
2522,ER,Eritrea,,,SP.DYN.LE00.IN,"Life expectancy at birth, total (years)",Health,years,2018,66.9790,,,,0,0
2521,ER,Eritrea,,,SP.DYN.LE00.IN,"Life expectancy at birth, total (years)",Health,years,2019,67.3060,66.9790,0.3270,0.49,0,0
2520,ER,Eritrea,,,SP.DYN.LE00.IN,"Life expectancy at birth, total (years)",Health,years,2020,66.9800,67.3060,-0.3260,-0.48,0,0
2519,ER,Eritrea,,,SP.DYN.LE00.IN,"Life expectancy at birth, total (years)",Health,years,2021,66.9400,66.9800,-0.0400,-0.06,0,0
6718,ER,Eritrea,,,SP.DYN.LE00.IN,"Life expectancy at birth, total (years)",Health,years,2024,68.8930,66.9400,1.9530,2.92,0,0
1466,ER,Eritrea,,,SP.POP.TOTL,"Population, total",Health: Population,people,2018,3192760.0000,,,,0,0
1465,ER,Eritrea,,,SP.POP.TOTL,"Population, total",Health: Population,people,2019,3240194.0000,3192760.0000,47434.0000,1.49,0,0
1464,ER,Eritrea,,,SP.POP.TOTL,"Population, total",Health: Population,people,2020,3291271.0000,3240194.0000,51077.0000,1.58,0,0
1463,ER,Eritrea,,,SP.POP.TOTL,"Population, total",Health: Population,people,2021,3350183.0000,3291271.0000,58912.0000,1.79,0,0
6329,ER,Eritrea,,,SP.POP.TOTL,"Population, total",Health: Population,people,2024,3535603.0000,3350183.0000,185420.0000,5.53,0,0
6328,ER,Eritrea,,,SP.POP.TOTL,"Population, total",Health: Population,people,2025,3607003.0000,3535603.0000,71400.0000,2.02,0,0
887,ES,Spain,,,NY.GDP.PCAP.CD,GDP per capita (current US$),Economic Policy & Debt,current US$,2018,30602.4213,,,,0,0
886,ES,Spain,,,NY.GDP.PCAP.CD,GDP per capita (current US$),Economic Policy & Debt,current US$,2019,29786.5246,30602.4213,-815.8967,-2.67,0,0
885,ES,Spain,,,NY.GDP.PCAP.CD,GDP per capita (current US$),Economic Policy & Debt,current US$,2020,27233.9426,29786.5246,-2552.5820,-8.57,1,-0.027702
884,ES,Spain,,,NY.GDP.PCAP.CD,GDP per capita (current US$),Economic Policy & Debt,current US$,2021,30799.4776,27233.9426,3565.5350,13.09,1,-0.010602
6072,ES,Spain,,,NY.GDP.PCAP.CD,GDP per capita (current US$),Economic Policy & Debt,current US$,2024,35326.7683,30799.4776,4527.2907,14.70,0,0
6071,ES,Spain,,,NY.GDP.PCAP.CD,GDP per capita (current US$),Economic Policy & Debt,current US$,2025,38627.2472,35326.7683,3300.4789,9.34,1,-0.088166
6071,ES,Spain,,,NY.GDP.PCAP.CD,GDP per capita (current US$),Economic Policy & Debt,current US$,2025,38627.2472,35326.7683,3300.4789,9.34,1,-0.023189
4011,ES,Spain,,,SH.H2O.BASW.ZS,People using at least basic drinking water services (% of population),Environment: Water and sanitation,% of population,2018,99.9261,,,,0,0
4010,ES,Spain,,,SH.H2O.BASW.ZS,People using at least basic drinking water services (% of population),Environment: Water and sanitation,% of population,2019,99.9258,99.9261,-0.0003,0.00,0,0
4009,ES,Spain,,,SH.H2O.BASW.ZS,People using at least basic drinking water services (% of population),Environment: Water and sanitation,% of population,2020,99.9256,99.9258,-0.0002,0.00,0,0
4008,ES,Spain,,,SH.H2O.BASW.ZS,People using at least basic drinking water services (% of population),Environment: Water and sanitation,% of population,2021,99.9254,99.9256,-0.0002,0.00,0,0
7072,ES,Spain,,,SH.H2O.BASW.ZS,People using at least basic drinking water services (% of population),Environment: Water and sanitation,% of population,2024,99.9247,99.9254,-0.0007,0.00,0,0
2994,ES,Spain,,,SP.DYN.LE00.IN,"Life expectancy at birth, total (years)",Health,years,2018,83.4317,,,,0,0
2993,ES,Spain,,,SP.DYN.LE00.IN,"Life expectancy at birth, total (years)",Health,years,2019,83.8317,83.4317,0.4000,0.48,0,0
2992,ES,Spain,,,SP.DYN.LE00.IN,"Life expectancy at birth, total (years)",Health,years,2020,82.2317,83.8317,-1.6000,-1.91,0,0
2991,ES,Spain,,,SP.DYN.LE00.IN,"Life expectancy at birth, total (years)",Health,years,2021,83.1780,82.2317,0.9463,1.15,0,0
6836,ES,Spain,,,SP.DYN.LE00.IN,"Life expectancy at birth, total (years)",Health,years,2024,83.8878,83.1780,0.7098,0.85,0,0
1938,ES,Spain,,,SP.POP.TOTL,"Population, total",Health: Population,people,2018,46782011.0000,,,,0,0
1937,ES,Spain,,,SP.POP.TOTL,"Population, total",Health: Population,people,2019,47118501.0000,46782011.0000,336490.0000,0.72,0,0
1936,ES,Spain,,,SP.POP.TOTL,"Population, total",Health: Population,people,2020,47359424.0000,47118501.0000,240923.0000,0.51,0,0
1935,ES,Spain,,,SP.POP.TOTL,"Population, total",Health: Population,people,2021,47443821.0000,47359424.0000,84397.0000,0.18,0,0
6565,ES,Spain,,,SP.POP.TOTL,"Population, total",Health: Population,people,2024,48848840.0000,47443821.0000,1405019.0000,2.96,0,0
6564,ES,Spain,,,SP.POP.TOTL,"Population, total",Health: Population,people,2025,49355143.0000,48848840.0000,506303.0000,1.04,0,0
439,ET,Ethiopia,,,NY.GDP.PCAP.CD,GDP per capita (current US$),Economic Policy & Debt,current US$,2018,739.7020,,,,0,0
438,ET,Ethiopia,,,NY.GDP.PCAP.CD,GDP per capita (current US$),Economic Policy & Debt,current US$,2019,793.4732,739.7020,53.7712,7.27,0,0
437,ET,Ethiopia,,,NY.GDP.PCAP.CD,GDP per capita (current US$),Economic Policy & Debt,current US$,2020,829.7910,793.4732,36.3178,4.58,0,0
436,ET,Ethiopia,,,NY.GDP.PCAP.CD,GDP per capita (current US$),Economic Policy & Debt,current US$,2021,893.0098,829.7910,63.2188,7.62,0,0
5864,ET,Ethiopia,,,NY.GDP.PCAP.CD,GDP per capita (current US$),Economic Policy & Debt,current US$,2024,1133.8828,893.0098,240.8730,26.97,1,-0.072539
5864,ET,Ethiopia,,,NY.GDP.PCAP.CD,GDP per capita (current US$),Economic Policy & Debt,current US$,2024,1133.8828,893.0098,240.8730,26.97,1,-0.007562
5863,ET,Ethiopia,,,NY.GDP.PCAP.CD,GDP per capita (current US$),Economic Policy & Debt,current US$,2025,932.7294,1133.8828,-201.1534,-17.74,1,-0.050986
3568,ET,Ethiopia,,,SH.H2O.BASW.ZS,People using at least basic drinking water services (% of population),Environment: Water and sanitation,% of population,2018,46.6290,,,,0,0
3567,ET,Ethiopia,,,SH.H2O.BASW.ZS,People using at least basic drinking water services (% of population),Environment: Water and sanitation,% of population,2019,48.1465,46.6290,1.5175,3.25,0,0
3566,ET,Ethiopia,,,SH.H2O.BASW.ZS,People using at least basic drinking water services (% of population),Environment: Water and sanitation,% of population,2020,49.6550,48.1465,1.5085,3.13,0,0
3565,ET,Ethiopia,,,SH.H2O.BASW.ZS,People using at least basic drinking water services (% of population),Environment: Water and sanitation,% of population,2021,51.1548,49.6550,1.4998,3.02,1,-0.000852
6963,ET,Ethiopia,,,SH.H2O.BASW.ZS,People using at least basic drinking water services (% of population),Environment: Water and sanitation,% of population,2024,55.5961,51.1548,4.4413,8.68,1,-0.044001
2534,ET,Ethiopia,,,SP.DYN.LE00.IN,"Life expectancy at birth, total (years)",Health,years,2018,65.2570,,,,0,0
2533,ET,Ethiopia,,,SP.DYN.LE00.IN,"Life expectancy at birth, total (years)",Health,years,2019,65.7410,65.2570,0.4840,0.74,0,0
2532,ET,Ethiopia,,,SP.DYN.LE00.IN,"Life expectancy at birth, total (years)",Health,years,2020,65.9690,65.7410,0.2280,0.35,0,0
2531,ET,Ethiopia,,,SP.DYN.LE00.IN,"Life expectancy at birth, total (years)",Health,years,2021,65.3300,65.9690,-0.6390,-0.97,0,0
6721,ET,Ethiopia,,,SP.DYN.LE00.IN,"Life expectancy at birth, total (years)",Health,years,2024,67.6030,65.3300,2.2730,3.48,0,0
1478,ET,Ethiopia,,,SP.POP.TOTL,"Population, total",Health: Population,people,2018,112664152.0000,,,,0,0
1477,ET,Ethiopia,,,SP.POP.TOTL,"Population, total",Health: Population,people,2019,115737383.0000,112664152.0000,3073231.0000,2.73,0,0
1476,ET,Ethiopia,,,SP.POP.TOTL,"Population, total",Health: Population,people,2020,118917671.0000,115737383.0000,3180288.0000,2.75,0,0
1475,ET,Ethiopia,,,SP.POP.TOTL,"Population, total",Health: Population,people,2021,122138588.0000,118917671.0000,3220917.0000,2.71,0,0
6335,ET,Ethiopia,,,SP.POP.TOTL,"Population, total",Health: Population,people,2024,132059767.0000,122138588.0000,9921179.0000,8.12,0,0
6334,ET,Ethiopia,,,SP.POP.TOTL,"Population, total",Health: Population,people,2025,135472051.0000,132059767.0000,3412284.0000,2.58,0,0
56,EU,European Union,,,NY.GDP.PCAP.CD,GDP per capita (current US$),Economic Policy & Debt,current US$,2018,36076.9018,,,,0,0
55,EU,European Union,,,NY.GDP.PCAP.CD,GDP per capita (current US$),Economic Policy & Debt,current US$,2019,35374.1494,36076.9018,-702.7524,-1.95,0,0
54,EU,European Union,,,NY.GDP.PCAP.CD,GDP per capita (current US$),Economic Policy & Debt,current US$,2020,34694.7105,35374.1494,-679.4389,-1.92,0,0
53,EU,European Union,,,NY.GDP.PCAP.CD,GDP per capita (current US$),Economic Policy & Debt,current US$,2021,39206.9663,34694.7105,4512.2558,13.01,0,0
5684,EU,European Union,,,NY.GDP.PCAP.CD,GDP per capita (current US$),Economic Policy & Debt,current US$,2024,43313.7668,39206.9663,4106.8005,10.47,0,0
5683,EU,European Union,,,NY.GDP.PCAP.CD,GDP per capita (current US$),Economic Policy & Debt,current US$,2025,47089.1638,43313.7668,3775.3970,8.72,1,-0.094295
5683,EU,European Union,,,NY.GDP.PCAP.CD,GDP per capita (current US$),Economic Policy & Debt,current US$,2025,47089.1638,43313.7668,3775.3970,8.72,1,-0.029317
3198,EU,European Union,,,SH.H2O.BASW.ZS,People using at least basic drinking water services (% of population),Environment: Water and sanitation,% of population,2018,99.2727,,,,0,0
3197,EU,European Union,,,SH.H2O.BASW.ZS,People using at least basic drinking water services (% of population),Environment: Water and sanitation,% of population,2019,99.2370,99.2727,-0.0357,-0.04,0,0
3196,EU,European Union,,,SH.H2O.BASW.ZS,People using at least basic drinking water services (% of population),Environment: Water and sanitation,% of population,2020,99.2071,99.2370,-0.0299,-0.03,0,0
3195,EU,European Union,,,SH.H2O.BASW.ZS,People using at least basic drinking water services (% of population),Environment: Water and sanitation,% of population,2021,99.1785,99.2071,-0.0286,-0.03,0,0
6872,EU,European Union,,,SH.H2O.BASW.ZS,People using at least basic drinking water services (% of population),Environment: Water and sanitation,% of population,2024,99.0676,99.1785,-0.1109,-0.11,0,0
2142,EU,European Union,,,SP.DYN.LE00.IN,"Life expectancy at birth, total (years)",Health,years,2018,81.0303,,,,0,0
2141,EU,European Union,,,SP.DYN.LE00.IN,"Life expectancy at birth, total (years)",Health,years,2019,81.3195,81.0303,0.2892,0.36,0,0
2140,EU,European Union,,,SP.DYN.LE00.IN,"Life expectancy at birth, total (years)",Health,years,2020,80.4415,81.3195,-0.8780,-1.08,0,0
2139,EU,European Union,,,SP.DYN.LE00.IN,"Life expectancy at birth, total (years)",Health,years,2021,80.3072,80.4415,-0.1343,-0.17,0,0
6623,EU,European Union,,,SP.DYN.LE00.IN,"Life expectancy at birth, total (years)",Health,years,2024,81.5608,80.3072,1.2536,1.56,0,0
1086,EU,European Union,,,SP.POP.TOTL,"Population, total",Health: Population,people,2018,446058453.0000,,,,0,0
1085,EU,European Union,,,SP.POP.TOTL,"Population, total",Health: Population,people,2019,446910453.0000,446058453.0000,852000.0000,0.19,0,0
1084,EU,European Union,,,SP.POP.TOTL,"Population, total",Health: Population,people,2020,446870959.0000,446910453.0000,-39494.0000,-0.01,0,0
1083,EU,European Union,,,SP.POP.TOTL,"Population, total",Health: Population,people,2021,446228281.0000,446870959.0000,-642678.0000,-0.14,0,0
6139,EU,European Union,,,SP.POP.TOTL,"Population, total",Health: Population,people,2024,450228188.0000,446228281.0000,3999907.0000,0.90,0,0
6138,EU,European Union,,,SP.POP.TOTL,"Population, total",Health: Population,people,2025,451127411.0000,450228188.0000,899223.0000,0.20,0,0
451,FI,Finland,,,NY.GDP.PCAP.CD,GDP per capita (current US$),Economic Policy & Debt,current US$,2018,49654.2497,,,,0,0
450,FI,Finland,,,NY.GDP.PCAP.CD,GDP per capita (current US$),Economic Policy & Debt,current US$,2019,48358.1808,49654.2497,-1296.0689,-2.61,0,0
449,FI,Finland,,,NY.GDP.PCAP.CD,GDP per capita (current US$),Economic Policy & Debt,current US$,2020,48828.6847,48358.1808,470.5039,0.97,0,0
448,FI,Finland,,,NY.GDP.PCAP.CD,GDP per capita (current US$),Economic Policy & Debt,current US$,2021,53099.1351,48828.6847,4270.4504,8.75,0,0
5869,FI,Finland,,,NY.GDP.PCAP.CD,GDP per capita (current US$),Economic Policy & Debt,current US$,2024,53155.5451,53099.1351,56.4100,0.11,0,0
5868,FI,Finland,,,NY.GDP.PCAP.CD,GDP per capita (current US$),Economic Policy & Debt,current US$,2025,56148.5809,53155.5451,2993.0358,5.63,1,-0.034084
3580,FI,Finland,,,SH.H2O.BASW.ZS,People using at least basic drinking water services (% of population),Environment: Water and sanitation,% of population,2018,100.0000,,,,0,0
3579,FI,Finland,,,SH.H2O.BASW.ZS,People using at least basic drinking water services (% of population),Environment: Water and sanitation,% of population,2019,100.0000,100.0000,0.0000,0.00,0,0
3578,FI,Finland,,,SH.H2O.BASW.ZS,People using at least basic drinking water services (% of population),Environment: Water and sanitation,% of population,2020,100.0000,100.0000,0.0000,0.00,0,0
3577,FI,Finland,,,SH.H2O.BASW.ZS,People using at least basic drinking water services (% of population),Environment: Water and sanitation,% of population,2021,100.0000,100.0000,0.0000,0.00,0,0
6966,FI,Finland,,,SH.H2O.BASW.ZS,People using at least basic drinking water services (% of population),Environment: Water and sanitation,% of population,2024,100.0000,100.0000,0.0000,0.00,0,0
2546,FI,Finland,,,SP.DYN.LE00.IN,"Life expectancy at birth, total (years)",Health,years,2018,81.7341,,,,0,0
2545,FI,Finland,,,SP.DYN.LE00.IN,"Life expectancy at birth, total (years)",Health,years,2019,81.9829,81.7341,0.2488,0.30,0,0
2544,FI,Finland,,,SP.DYN.LE00.IN,"Life expectancy at birth, total (years)",Health,years,2020,81.9317,81.9829,-0.0512,-0.06,0,0
2543,FI,Finland,,,SP.DYN.LE00.IN,"Life expectancy at birth, total (years)",Health,years,2021,81.8854,81.9317,-0.0463,-0.06,0,0
6724,FI,Finland,,,SP.DYN.LE00.IN,"Life expectancy at birth, total (years)",Health,years,2024,82.3366,81.8854,0.4512,0.55,0,0
1490,FI,Finland,,,SP.POP.TOTL,"Population, total",Health: Population,people,2018,5515525.0000,,,,0,0
1489,FI,Finland,,,SP.POP.TOTL,"Population, total",Health: Population,people,2019,5521606.0000,5515525.0000,6081.0000,0.11,0,0
1488,FI,Finland,,,SP.POP.TOTL,"Population, total",Health: Population,people,2020,5529543.0000,5521606.0000,7937.0000,0.14,0,0
1487,FI,Finland,,,SP.POP.TOTL,"Population, total",Health: Population,people,2021,5541017.0000,5529543.0000,11474.0000,0.21,0,0
6341,FI,Finland,,,SP.POP.TOTL,"Population, total",Health: Population,people,2024,5619911.0000,5541017.0000,78894.0000,1.42,0,0
6340,FI,Finland,,,SP.POP.TOTL,"Population, total",Health: Population,people,2025,5646436.0000,5619911.0000,26525.0000,0.47,0,0
447,FJ,Fiji,,,NY.GDP.PCAP.CD,GDP per capita (current US$),Economic Policy & Debt,current US$,2018,6085.4198,,,,0,0
446,FJ,Fiji,,,NY.GDP.PCAP.CD,GDP per capita (current US$),Economic Policy & Debt,current US$,2019,5842.0734,6085.4198,-243.3464,-4.00,0,0
445,FJ,Fiji,,,NY.GDP.PCAP.CD,GDP per capita (current US$),Economic Policy & Debt,current US$,2020,4620.6457,5842.0734,-1221.4277,-20.91,1,-0.097235
445,FJ,Fiji,,,NY.GDP.PCAP.CD,GDP per capita (current US$),Economic Policy & Debt,current US$,2020,4620.6457,5842.0734,-1221.4277,-20.91,1,-0.032257
444,FJ,Fiji,,,NY.GDP.PCAP.CD,GDP per capita (current US$),Economic Policy & Debt,current US$,2021,4536.7331,4620.6457,-83.9126,-1.82,1,-0.004674
5867,FJ,Fiji,,,NY.GDP.PCAP.CD,GDP per capita (current US$),Economic Policy & Debt,current US$,2024,6425.7415,4536.7331,1889.0084,41.64,0,0
5866,FJ,Fiji,,,NY.GDP.PCAP.CD,GDP per capita (current US$),Economic Policy & Debt,current US$,2025,6642.0045,6425.7415,216.2630,3.37,0,0
3576,FJ,Fiji,,,SH.H2O.BASW.ZS,People using at least basic drinking water services (% of population),Environment: Water and sanitation,% of population,2018,95.3483,,,,0,0
3575,FJ,Fiji,,,SH.H2O.BASW.ZS,People using at least basic drinking water services (% of population),Environment: Water and sanitation,% of population,2019,95.3833,95.3483,0.0350,0.04,0,0
3574,FJ,Fiji,,,SH.H2O.BASW.ZS,People using at least basic drinking water services (% of population),Environment: Water and sanitation,% of population,2020,95.4184,95.3833,0.0351,0.04,0,0
3573,FJ,Fiji,,,SH.H2O.BASW.ZS,People using at least basic drinking water services (% of population),Environment: Water and sanitation,% of population,2021,95.4535,95.4184,0.0351,0.04,0,0
6965,FJ,Fiji,,,SH.H2O.BASW.ZS,People using at least basic drinking water services (% of population),Environment: Water and sanitation,% of population,2024,95.5604,95.4535,0.1069,0.11,0,0
2542,FJ,Fiji,,,SP.DYN.LE00.IN,"Life expectancy at birth, total (years)",Health,years,2018,66.9650,,,,0,0
2541,FJ,Fiji,,,SP.DYN.LE00.IN,"Life expectancy at birth, total (years)",Health,years,2019,67.0090,66.9650,0.0440,0.07,0,0
2540,FJ,Fiji,,,SP.DYN.LE00.IN,"Life expectancy at birth, total (years)",Health,years,2020,66.9240,67.0090,-0.0850,-0.13,0,0
2539,FJ,Fiji,,,SP.DYN.LE00.IN,"Life expectancy at birth, total (years)",Health,years,2021,64.9040,66.9240,-2.0200,-3.02,0,0
6723,FJ,Fiji,,,SP.DYN.LE00.IN,"Life expectancy at birth, total (years)",Health,years,2024,67.4630,64.9040,2.5590,3.94,0,0
1486,FJ,Fiji,,,SP.POP.TOTL,"Population, total",Health: Population,people,2018,917180.0000,,,,0,0
1485,FJ,Fiji,,,SP.POP.TOTL,"Population, total",Health: Population,people,2019,914899.0000,917180.0000,-2281.0000,-0.25,0,0
1484,FJ,Fiji,,,SP.POP.TOTL,"Population, total",Health: Population,people,2020,914963.0000,914899.0000,64.0000,0.01,0,0
1483,FJ,Fiji,,,SP.POP.TOTL,"Population, total",Health: Population,people,2021,916711.0000,914963.0000,1748.0000,0.19,0,0
6339,FJ,Fiji,,,SP.POP.TOTL,"Population, total",Health: Population,people,2024,928784.0000,916711.0000,12073.0000,1.32,0,0
6338,FJ,Fiji,,,SP.POP.TOTL,"Population, total",Health: Population,people,2025,933154.0000,928784.0000,4370.0000,0.47,0,0
687,FM,"Micronesia, Fed. Sts.",,,NY.GDP.PCAP.CD,GDP per capita (current US$),Economic Policy & Debt,current US$,2018,3584.7838,,,,0,0
686,FM,"Micronesia, Fed. Sts.",,,NY.GDP.PCAP.CD,GDP per capita (current US$),Economic Policy & Debt,current US$,2019,3581.7268,3584.7838,-3.0570,-0.09,0,0
685,FM,"Micronesia, Fed. Sts.",,,NY.GDP.PCAP.CD,GDP per capita (current US$),Economic Policy & Debt,current US$,2020,3362.0280,3581.7268,-219.6988,-6.13,0,0
684,FM,"Micronesia, Fed. Sts.",,,NY.GDP.PCAP.CD,GDP per capita (current US$),Economic Policy & Debt,current US$,2021,3508.2231,3362.0280,146.1951,4.35,0,0
5978,FM,"Micronesia, Fed. Sts.",,,NY.GDP.PCAP.CD,GDP per capita (current US$),Economic Policy & Debt,current US$,2024,4251.6905,3508.2231,743.4674,21.19,0,0
5977,FM,"Micronesia, Fed. Sts.",,,NY.GDP.PCAP.CD,GDP per capita (current US$),Economic Policy & Debt,current US$,2025,4414.0074,4251.6905,162.3169,3.82,0,0
3815,FM,"Micronesia, Fed. Sts.",,,SH.H2O.BASW.ZS,People using at least basic drinking water services (% of population),Environment: Water and sanitation,% of population,2018,89.8820,,,,0,0
3814,FM,"Micronesia, Fed. Sts.",,,SH.H2O.BASW.ZS,People using at least basic drinking water services (% of population),Environment: Water and sanitation,% of population,2019,89.8820,89.8820,0.0000,0.00,0,0
3813,FM,"Micronesia, Fed. Sts.",,,SH.H2O.BASW.ZS,People using at least basic drinking water services (% of population),Environment: Water and sanitation,% of population,2020,89.8820,89.8820,0.0000,0.00,0,0
2790,FM,"Micronesia, Fed. Sts.",,,SP.DYN.LE00.IN,"Life expectancy at birth, total (years)",Health,years,2018,65.9430,,,,0,0
2789,FM,"Micronesia, Fed. Sts.",,,SP.DYN.LE00.IN,"Life expectancy at birth, total (years)",Health,years,2019,66.1960,65.9430,0.2530,0.38,0,0
2788,FM,"Micronesia, Fed. Sts.",,,SP.DYN.LE00.IN,"Life expectancy at birth, total (years)",Health,years,2020,65.8780,66.1960,-0.3180,-0.48,0,0
2787,FM,"Micronesia, Fed. Sts.",,,SP.DYN.LE00.IN,"Life expectancy at birth, total (years)",Health,years,2021,66.1520,65.8780,0.2740,0.42,0,0
6785,FM,"Micronesia, Fed. Sts.",,,SP.DYN.LE00.IN,"Life expectancy at birth, total (years)",Health,years,2024,67.3570,66.1520,1.2050,1.82,0,0
1734,FM,"Micronesia, Fed. Sts.",,,SP.POP.TOTL,"Population, total",Health: Population,people,2018,109909.0000,,,,0,0
1733,FM,"Micronesia, Fed. Sts.",,,SP.POP.TOTL,"Population, total",Health: Population,people,2019,110282.0000,109909.0000,373.0000,0.34,0,0
1732,FM,"Micronesia, Fed. Sts.",,,SP.POP.TOTL,"Population, total",Health: Population,people,2020,110916.0000,110282.0000,634.0000,0.57,0,0
1731,FM,"Micronesia, Fed. Sts.",,,SP.POP.TOTL,"Population, total",Health: Population,people,2021,111624.0000,110916.0000,708.0000,0.64,0,0
6463,FM,"Micronesia, Fed. Sts.",,,SP.POP.TOTL,"Population, total",Health: Population,people,2024,113160.0000,111624.0000,1536.0000,1.38,0,0
6462,FM,"Micronesia, Fed. Sts.",,,SP.POP.TOTL,"Population, total",Health: Population,people,2025,113683.0000,113160.0000,523.0000,0.46,0,0
443,FO,Faroe Islands,,,NY.GDP.PCAP.CD,GDP per capita (current US$),Economic Policy & Debt,current US$,2018,62525.2648,,,,0,0
442,FO,Faroe Islands,,,NY.GDP.PCAP.CD,GDP per capita (current US$),Economic Policy & Debt,current US$,2019,63070.7228,62525.2648,545.4580,0.87,0,0
441,FO,Faroe Islands,,,NY.GDP.PCAP.CD,GDP per capita (current US$),Economic Policy & Debt,current US$,2020,62247.9274,63070.7228,-822.7954,-1.30,0,0
440,FO,Faroe Islands,,,NY.GDP.PCAP.CD,GDP per capita (current US$),Economic Policy & Debt,current US$,2021,69421.6982,62247.9274,7173.7708,11.52,1,-0.039288
5865,FO,Faroe Islands,,,NY.GDP.PCAP.CD,GDP per capita (current US$),Economic Policy & Debt,current US$,2024,74175.2776,69421.6982,4753.5794,6.85,0,0
3572,FO,Faroe Islands,,,SH.H2O.BASW.ZS,People using at least basic drinking water services (% of population),Environment: Water and sanitation,% of population,2018,100.0000,,,,0,0
3571,FO,Faroe Islands,,,SH.H2O.BASW.ZS,People using at least basic drinking water services (% of population),Environment: Water and sanitation,% of population,2019,100.0000,100.0000,0.0000,0.00,0,0
3570,FO,Faroe Islands,,,SH.H2O.BASW.ZS,People using at least basic drinking water services (% of population),Environment: Water and sanitation,% of population,2020,100.0000,100.0000,0.0000,0.00,0,0
3569,FO,Faroe Islands,,,SH.H2O.BASW.ZS,People using at least basic drinking water services (% of population),Environment: Water and sanitation,% of population,2021,100.0000,100.0000,0.0000,0.00,0,0
6964,FO,Faroe Islands,,,SH.H2O.BASW.ZS,People using at least basic drinking water services (% of population),Environment: Water and sanitation,% of population,2024,100.0000,100.0000,0.0000,0.00,0,0
2538,FO,Faroe Islands,,,SP.DYN.LE00.IN,"Life expectancy at birth, total (years)",Health,years,2018,82.2486,,,,0,0
2537,FO,Faroe Islands,,,SP.DYN.LE00.IN,"Life expectancy at birth, total (years)",Health,years,2019,82.3913,82.2486,0.1427,0.17,0,0
2536,FO,Faroe Islands,,,SP.DYN.LE00.IN,"Life expectancy at birth, total (years)",Health,years,2020,82.5342,82.3913,0.1429,0.17,0,0
2535,FO,Faroe Islands,,,SP.DYN.LE00.IN,"Life expectancy at birth, total (years)",Health,years,2021,82.6763,82.5342,0.1421,0.17,0,0
6722,FO,Faroe Islands,,,SP.DYN.LE00.IN,"Life expectancy at birth, total (years)",Health,years,2024,83.0832,82.6763,0.4069,0.49,0,0
1482,FO,Faroe Islands,,,SP.POP.TOTL,"Population, total",Health: Population,people,2018,50997.0000,,,,0,0
1481,FO,Faroe Islands,,,SP.POP.TOTL,"Population, total",Health: Population,people,2019,51790.0000,50997.0000,793.0000,1.55,0,0
1480,FO,Faroe Islands,,,SP.POP.TOTL,"Population, total",Health: Population,people,2020,52561.0000,51790.0000,771.0000,1.49,0,0
1479,FO,Faroe Islands,,,SP.POP.TOTL,"Population, total",Health: Population,people,2021,53291.0000,52561.0000,730.0000,1.39,0,0
6337,FO,Faroe Islands,,,SP.POP.TOTL,"Population, total",Health: Population,people,2024,54640.0000,53291.0000,1349.0000,2.53,0,0
6336,FO,Faroe Islands,,,SP.POP.TOTL,"Population, total",Health: Population,people,2025,54900.0000,54640.0000,260.0000,0.48,0,0
455,FR,France,,,NY.GDP.PCAP.CD,GDP per capita (current US$),Economic Policy & Debt,current US$,2018,41418.1766,,,,0,0
454,FR,France,,,NY.GDP.PCAP.CD,GDP per capita (current US$),Economic Policy & Debt,current US$,2019,40408.2849,41418.1766,-1009.8917,-2.44,0,0
453,FR,France,,,NY.GDP.PCAP.CD,GDP per capita (current US$),Economic Policy & Debt,current US$,2020,39169.8606,40408.2849,-1238.4243,-3.06,0,0
452,FR,France,,,NY.GDP.PCAP.CD,GDP per capita (current US$),Economic Policy & Debt,current US$,2021,43725.1000,39169.8606,4555.2394,11.63,0,0
5871,FR,France,,,NY.GDP.PCAP.CD,GDP per capita (current US$),Economic Policy & Debt,current US$,2024,46103.0841,43725.1000,2377.9841,5.44,0,0
5870,FR,France,,,NY.GDP.PCAP.CD,GDP per capita (current US$),Economic Policy & Debt,current US$,2025,48985.7308,46103.0841,2882.6467,6.25,1,-0.037186
3584,FR,France,,,SH.H2O.BASW.ZS,People using at least basic drinking water services (% of population),Environment: Water and sanitation,% of population,2018,100.0000,,,,0,0
3583,FR,France,,,SH.H2O.BASW.ZS,People using at least basic drinking water services (% of population),Environment: Water and sanitation,% of population,2019,100.0000,100.0000,0.0000,0.00,0,0
3582,FR,France,,,SH.H2O.BASW.ZS,People using at least basic drinking water services (% of population),Environment: Water and sanitation,% of population,2020,100.0000,100.0000,0.0000,0.00,0,0
3581,FR,France,,,SH.H2O.BASW.ZS,People using at least basic drinking water services (% of population),Environment: Water and sanitation,% of population,2021,100.0000,100.0000,0.0000,0.00,0,0
6967,FR,France,,,SH.H2O.BASW.ZS,People using at least basic drinking water services (% of population),Environment: Water and sanitation,% of population,2024,100.0000,100.0000,0.0000,0.00,0,0
2550,FR,France,,,SP.DYN.LE00.IN,"Life expectancy at birth, total (years)",Health,years,2018,82.6756,,,,0,0
2549,FR,France,,,SP.DYN.LE00.IN,"Life expectancy at birth, total (years)",Health,years,2019,82.8268,82.6756,0.1512,0.18,0,0
2548,FR,France,,,SP.DYN.LE00.IN,"Life expectancy at birth, total (years)",Health,years,2020,82.1756,82.8268,-0.6512,-0.79,0,0
2547,FR,France,,,SP.DYN.LE00.IN,"Life expectancy at birth, total (years)",Health,years,2021,82.3244,82.1756,0.1488,0.18,0,0
6725,FR,France,,,SP.DYN.LE00.IN,"Life expectancy at birth, total (years)",Health,years,2024,82.9805,82.3244,0.6561,0.80,0,0
1494,FR,France,,,SP.POP.TOTL,"Population, total",Health: Population,people,2018,67158348.0000,,,,0,0
1493,FR,France,,,SP.POP.TOTL,"Population, total",Health: Population,people,2019,67382061.0000,67158348.0000,223713.0000,0.33,0,0
1492,FR,France,,,SP.POP.TOTL,"Population, total",Health: Population,people,2020,67601110.0000,67382061.0000,219049.0000,0.33,0,0
1491,FR,France,,,SP.POP.TOTL,"Population, total",Health: Population,people,2021,67842811.0000,67601110.0000,241701.0000,0.36,0,0
6343,FR,France,,,SP.POP.TOTL,"Population, total",Health: Population,people,2024,68551653.0000,67842811.0000,708842.0000,1.04,0,0
6342,FR,France,,,SP.POP.TOTL,"Population, total",Health: Population,people,2025,68720337.0000,68551653.0000,168684.0000,0.25,0,0
463,GA,Gabon,,,NY.GDP.PCAP.CD,GDP per capita (current US$),Economic Policy & Debt,current US$,2018,7624.2775,,,,0,0
462,GA,Gabon,,,NY.GDP.PCAP.CD,GDP per capita (current US$),Economic Policy & Debt,current US$,2019,7441.1786,7624.2775,-183.0989,-2.40,0,0
461,GA,Gabon,,,NY.GDP.PCAP.CD,GDP per capita (current US$),Economic Policy & Debt,current US$,2020,6605.8035,7441.1786,-835.3751,-11.23,1,-0.080188
461,GA,Gabon,,,NY.GDP.PCAP.CD,GDP per capita (current US$),Economic Policy & Debt,current US$,2020,6605.8035,7441.1786,-835.3751,-11.23,1,-0.015210
460,GA,Gabon,,,NY.GDP.PCAP.CD,GDP per capita (current US$),Economic Policy & Debt,current US$,2021,8181.4091,6605.8035,1575.6056,23.85,1,-0.053643
5874,GA,Gabon,,,NY.GDP.PCAP.CD,GDP per capita (current US$),Economic Policy & Debt,current US$,2024,8230.0431,8181.4091,48.6340,0.59,0,0
5873,GA,Gabon,,,NY.GDP.PCAP.CD,GDP per capita (current US$),Economic Policy & Debt,current US$,2025,8263.0332,8230.0431,32.9901,0.40,0,0
3592,GA,Gabon,,,SH.H2O.BASW.ZS,People using at least basic drinking water services (% of population),Environment: Water and sanitation,% of population,2018,87.1960,,,,0,0
3591,GA,Gabon,,,SH.H2O.BASW.ZS,People using at least basic drinking water services (% of population),Environment: Water and sanitation,% of population,2019,87.4728,87.1960,0.2768,0.32,0,0
3590,GA,Gabon,,,SH.H2O.BASW.ZS,People using at least basic drinking water services (% of population),Environment: Water and sanitation,% of population,2020,87.7393,87.4728,0.2665,0.30,0,0
3589,GA,Gabon,,,SH.H2O.BASW.ZS,People using at least basic drinking water services (% of population),Environment: Water and sanitation,% of population,2021,87.9955,87.7393,0.2562,0.29,0,0
6969,GA,Gabon,,,SH.H2O.BASW.ZS,People using at least basic drinking water services (% of population),Environment: Water and sanitation,% of population,2024,88.5995,87.9955,0.6040,0.69,0,0
2558,GA,Gabon,,,SP.DYN.LE00.IN,"Life expectancy at birth, total (years)",Health,years,2018,67.0430,,,,0,0
2557,GA,Gabon,,,SP.DYN.LE00.IN,"Life expectancy at birth, total (years)",Health,years,2019,67.3370,67.0430,0.2940,0.44,0,0
2556,GA,Gabon,,,SP.DYN.LE00.IN,"Life expectancy at birth, total (years)",Health,years,2020,67.0730,67.3370,-0.2640,-0.39,0,0
2555,GA,Gabon,,,SP.DYN.LE00.IN,"Life expectancy at birth, total (years)",Health,years,2021,67.0720,67.0730,-0.0010,0.00,0,0
6727,GA,Gabon,,,SP.DYN.LE00.IN,"Life expectancy at birth, total (years)",Health,years,2024,68.5110,67.0720,1.4390,2.15,0,0
1502,GA,Gabon,,,SP.POP.TOTL,"Population, total",Health: Population,people,2018,2212318.0000,,,,0,0
1501,GA,Gabon,,,SP.POP.TOTL,"Population, total",Health: Population,people,2019,2267706.0000,2212318.0000,55388.0000,2.50,0,0
1500,GA,Gabon,,,SP.POP.TOTL,"Population, total",Health: Population,people,2020,2322539.0000,2267706.0000,54833.0000,2.42,0,0
1499,GA,Gabon,,,SP.POP.TOTL,"Population, total",Health: Population,people,2021,2376722.0000,2322539.0000,54183.0000,2.33,0,0
6347,GA,Gabon,,,SP.POP.TOTL,"Population, total",Health: Population,people,2024,2538952.0000,2376722.0000,162230.0000,6.83,0,0
6346,GA,Gabon,,,SP.POP.TOTL,"Population, total",Health: Population,people,2025,2593130.0000,2538952.0000,54178.0000,2.13,0,0
989,GB,United Kingdom,,,NY.GDP.PCAP.CD,GDP per capita (current US$),Economic Policy & Debt,current US$,2018,43704.3162,,,,0,0
988,GB,United Kingdom,,,NY.GDP.PCAP.CD,GDP per capita (current US$),Economic Policy & Debt,current US$,2019,43160.6844,43704.3162,-543.6318,-1.24,0,0
987,GB,United Kingdom,,,NY.GDP.PCAP.CD,GDP per capita (current US$),Economic Policy & Debt,current US$,2020,40815.1255,43160.6844,-2345.5589,-5.43,0,0
986,GB,United Kingdom,,,NY.GDP.PCAP.CD,GDP per capita (current US$),Economic Policy & Debt,current US$,2021,47695.6492,40815.1255,6880.5237,16.86,1,-0.091668
986,GB,United Kingdom,,,NY.GDP.PCAP.CD,GDP per capita (current US$),Economic Policy & Debt,current US$,2021,47695.6492,40815.1255,6880.5237,16.86,1,-0.026691
4108,GB,United Kingdom,,,SH.H2O.BASW.ZS,People using at least basic drinking water services (% of population),Environment: Water and sanitation,% of population,2018,100.0000,,,,0,0
4107,GB,United Kingdom,,,SH.H2O.BASW.ZS,People using at least basic drinking water services (% of population),Environment: Water and sanitation,% of population,2019,100.0000,100.0000,0.0000,0.00,0,0
4106,GB,United Kingdom,,,SH.H2O.BASW.ZS,People using at least basic drinking water services (% of population),Environment: Water and sanitation,% of population,2020,100.0000,100.0000,0.0000,0.00,0,0
4105,GB,United Kingdom,,,SH.H2O.BASW.ZS,People using at least basic drinking water services (% of population),Environment: Water and sanitation,% of population,2021,100.0000,100.0000,0.0000,0.00,0,0
3098,GB,United Kingdom,,,SP.DYN.LE00.IN,"Life expectancy at birth, total (years)",Health,years,2018,81.2561,,,,0,0
3097,GB,United Kingdom,,,SP.DYN.LE00.IN,"Life expectancy at birth, total (years)",Health,years,2019,81.3691,81.2561,0.1130,0.14,0,0
3096,GB,United Kingdom,,,SP.DYN.LE00.IN,"Life expectancy at birth, total (years)",Health,years,2020,80.3318,81.3691,-1.0373,-1.27,0,0
3095,GB,United Kingdom,,,SP.DYN.LE00.IN,"Life expectancy at birth, total (years)",Health,years,2021,80.6473,80.3318,0.3155,0.39,0,0
2042,GB,United Kingdom,,,SP.POP.TOTL,"Population, total",Health: Population,people,2018,66287000.0000,,,,0,0
2041,GB,United Kingdom,,,SP.POP.TOTL,"Population, total",Health: Population,people,2019,66628000.0000,66287000.0000,341000.0000,0.51,0,0
2040,GB,United Kingdom,,,SP.POP.TOTL,"Population, total",Health: Population,people,2020,66740000.0000,66628000.0000,112000.0000,0.17,0,0
2039,GB,United Kingdom,,,SP.POP.TOTL,"Population, total",Health: Population,people,2021,66978000.0000,66740000.0000,238000.0000,0.36,0,0
491,GD,Grenada,,,NY.GDP.PCAP.CD,GDP per capita (current US$),Economic Policy & Debt,current US$,2018,10083.0213,,,,0,0
490,GD,Grenada,,,NY.GDP.PCAP.CD,GDP per capita (current US$),Economic Policy & Debt,current US$,2019,10462.7929,10083.0213,379.7716,3.77,0,0
489,GD,Grenada,,,NY.GDP.PCAP.CD,GDP per capita (current US$),Economic Policy & Debt,current US$,2020,8968.5589,10462.7929,-1494.2340,-14.28,1,-0.050213
488,GD,Grenada,,,NY.GDP.PCAP.CD,GDP per capita (current US$),Economic Policy & Debt,current US$,2021,9617.2890,8968.5589,648.7301,7.23,0,0
5886,GD,Grenada,,,NY.GDP.PCAP.CD,GDP per capita (current US$),Economic Policy & Debt,current US$,2024,11528.9221,9617.2890,1911.6331,19.88,0,0
5885,GD,Grenada,,,NY.GDP.PCAP.CD,GDP per capita (current US$),Economic Policy & Debt,current US$,2025,12106.8790,11528.9221,577.9569,5.01,0,0
2590,GD,Grenada,,,SP.DYN.LE00.IN,"Life expectancy at birth, total (years)",Health,years,2018,74.9570,,,,0,0
2589,GD,Grenada,,,SP.DYN.LE00.IN,"Life expectancy at birth, total (years)",Health,years,2019,74.9710,74.9570,0.0140,0.02,0,0
2588,GD,Grenada,,,SP.DYN.LE00.IN,"Life expectancy at birth, total (years)",Health,years,2020,75.0190,74.9710,0.0480,0.06,0,0
2587,GD,Grenada,,,SP.DYN.LE00.IN,"Life expectancy at birth, total (years)",Health,years,2021,74.5220,75.0190,-0.4970,-0.66,0,0
6735,GD,Grenada,,,SP.DYN.LE00.IN,"Life expectancy at birth, total (years)",Health,years,2024,75.3670,74.5220,0.8450,1.13,0,0
1534,GD,Grenada,,,SP.POP.TOTL,"Population, total",Health: Population,people,2018,115691.0000,,,,0,0
1533,GD,Grenada,,,SP.POP.TOTL,"Population, total",Health: Population,people,2019,115981.0000,115691.0000,290.0000,0.25,0,0
1532,GD,Grenada,,,SP.POP.TOTL,"Population, total",Health: Population,people,2020,116341.0000,115981.0000,360.0000,0.31,0,0
1531,GD,Grenada,,,SP.POP.TOTL,"Population, total",Health: Population,people,2021,116688.0000,116341.0000,347.0000,0.30,0,0
6363,GD,Grenada,,,SP.POP.TOTL,"Population, total",Health: Population,people,2024,117207.0000,116688.0000,519.0000,0.44,0,0
6362,GD,Grenada,,,SP.POP.TOTL,"Population, total",Health: Population,people,2025,117303.0000,117207.0000,96.0000,0.08,0,0
471,GE,Georgia,,,NY.GDP.PCAP.CD,GDP per capita (current US$),Economic Policy & Debt,current US$,2018,4804.0546,,,,0,0
470,GE,Georgia,,,NY.GDP.PCAP.CD,GDP per capita (current US$),Economic Policy & Debt,current US$,2019,4741.2833,4804.0546,-62.7713,-1.31,0,0
469,GE,Georgia,,,NY.GDP.PCAP.CD,GDP per capita (current US$),Economic Policy & Debt,current US$,2020,4300.8570,4741.2833,-440.4263,-9.29,1,-0.070634
469,GE,Georgia,,,NY.GDP.PCAP.CD,GDP per capita (current US$),Economic Policy & Debt,current US$,2020,4300.8570,4741.2833,-440.4263,-9.29,1,-0.005656
468,GE,Georgia,,,NY.GDP.PCAP.CD,GDP per capita (current US$),Economic Policy & Debt,current US$,2021,5083.6070,4300.8570,782.7500,18.20,1,-0.062880
5878,GE,Georgia,,,NY.GDP.PCAP.CD,GDP per capita (current US$),Economic Policy & Debt,current US$,2024,8967.6753,5083.6070,3884.0683,76.40,1,-0.063044
5877,GE,Georgia,,,NY.GDP.PCAP.CD,GDP per capita (current US$),Economic Policy & Debt,current US$,2025,9691.5347,8967.6753,723.8594,8.07,1,-0.109741
5877,GE,Georgia,,,NY.GDP.PCAP.CD,GDP per capita (current US$),Economic Policy & Debt,current US$,2025,9691.5347,8967.6753,723.8594,8.07,1,-0.044764
3600,GE,Georgia,,,SH.H2O.BASW.ZS,People using at least basic drinking water services (% of population),Environment: Water and sanitation,% of population,2018,96.4863,,,,0,0
3599,GE,Georgia,,,SH.H2O.BASW.ZS,People using at least basic drinking water services (% of population),Environment: Water and sanitation,% of population,2019,96.6127,96.4863,0.1264,0.13,0,0
3598,GE,Georgia,,,SH.H2O.BASW.ZS,People using at least basic drinking water services (% of population),Environment: Water and sanitation,% of population,2020,96.7383,96.6127,0.1256,0.13,0,0
3597,GE,Georgia,,,SH.H2O.BASW.ZS,People using at least basic drinking water services (% of population),Environment: Water and sanitation,% of population,2021,96.8779,96.7383,0.1396,0.14,0,0
6971,GE,Georgia,,,SH.H2O.BASW.ZS,People using at least basic drinking water services (% of population),Environment: Water and sanitation,% of population,2024,97.2900,96.8779,0.4121,0.43,0,0
2566,GE,Georgia,,,SP.DYN.LE00.IN,"Life expectancy at birth, total (years)",Health,years,2018,73.9850,,,,0,0
2565,GE,Georgia,,,SP.DYN.LE00.IN,"Life expectancy at birth, total (years)",Health,years,2019,74.1650,73.9850,0.1800,0.24,0,0
2564,GE,Georgia,,,SP.DYN.LE00.IN,"Life expectancy at birth, total (years)",Health,years,2020,73.5090,74.1650,-0.6560,-0.88,0,0
2563,GE,Georgia,,,SP.DYN.LE00.IN,"Life expectancy at birth, total (years)",Health,years,2021,71.6350,73.5090,-1.8740,-2.55,0,0
6729,GE,Georgia,,,SP.DYN.LE00.IN,"Life expectancy at birth, total (years)",Health,years,2024,74.6570,71.6350,3.0220,4.22,0,0
1510,GE,Georgia,,,SP.POP.TOTL,"Population, total",Health: Population,people,2018,3726549.0000,,,,0,0
1509,GE,Georgia,,,SP.POP.TOTL,"Population, total",Health: Population,people,2019,3720161.0000,3726549.0000,-6388.0000,-0.17,0,0
1508,GE,Georgia,,,SP.POP.TOTL,"Population, total",Health: Population,people,2020,3722716.0000,3720161.0000,2555.0000,0.07,0,0
1507,GE,Georgia,,,SP.POP.TOTL,"Population, total",Health: Population,people,2021,3708610.0000,3722716.0000,-14106.0000,-0.38,0,0
6351,GE,Georgia,,,SP.POP.TOTL,"Population, total",Health: Population,people,2024,3812518.0000,3708610.0000,103908.0000,2.80,0,0
6350,GE,Georgia,,,SP.POP.TOTL,"Population, total",Health: Population,people,2025,3935766.0000,3812518.0000,123248.0000,3.23,0,0
479,GH,Ghana,,,NY.GDP.PCAP.CD,GDP per capita (current US$),Economic Policy & Debt,current US$,2018,2195.3217,,,,0,0
478,GH,Ghana,,,NY.GDP.PCAP.CD,GDP per capita (current US$),Economic Policy & Debt,current US$,2019,2186.6582,2195.3217,-8.6635,-0.39,0,0
477,GH,Ghana,,,NY.GDP.PCAP.CD,GDP per capita (current US$),Economic Policy & Debt,current US$,2020,2195.4548,2186.6582,8.7966,0.40,0,0
476,GH,Ghana,,,NY.GDP.PCAP.CD,GDP per capita (current US$),Economic Policy & Debt,current US$,2021,2445.1866,2195.4548,249.7318,11.37,0,0
5882,GH,Ghana,,,NY.GDP.PCAP.CD,GDP per capita (current US$),Economic Policy & Debt,current US$,2024,2419.2519,2445.1866,-25.9347,-1.06,0,0
5881,GH,Ghana,,,NY.GDP.PCAP.CD,GDP per capita (current US$),Economic Policy & Debt,current US$,2025,3257.1589,2419.2519,837.9070,34.63,1,-0.195766
5881,GH,Ghana,,,NY.GDP.PCAP.CD,GDP per capita (current US$),Economic Policy & Debt,current US$,2025,3257.1589,2419.2519,837.9070,34.63,1,-0.130788
3608,GH,Ghana,,,SH.H2O.BASW.ZS,People using at least basic drinking water services (% of population),Environment: Water and sanitation,% of population,2018,83.7345,,,,0,0
3607,GH,Ghana,,,SH.H2O.BASW.ZS,People using at least basic drinking water services (% of population),Environment: Water and sanitation,% of population,2019,84.7696,83.7345,1.0351,1.24,0,0
3606,GH,Ghana,,,SH.H2O.BASW.ZS,People using at least basic drinking water services (% of population),Environment: Water and sanitation,% of population,2020,85.8053,84.7696,1.0357,1.22,0,0
3605,GH,Ghana,,,SH.H2O.BASW.ZS,People using at least basic drinking water services (% of population),Environment: Water and sanitation,% of population,2021,86.8413,85.8053,1.0360,1.21,0,0
6973,GH,Ghana,,,SH.H2O.BASW.ZS,People using at least basic drinking water services (% of population),Environment: Water and sanitation,% of population,2024,89.9220,86.8413,3.0807,3.55,0,0
2574,GH,Ghana,,,SP.DYN.LE00.IN,"Life expectancy at birth, total (years)",Health,years,2018,64.1380,,,,0,0
2573,GH,Ghana,,,SP.DYN.LE00.IN,"Life expectancy at birth, total (years)",Health,years,2019,64.4550,64.1380,0.3170,0.49,0,0
2572,GH,Ghana,,,SP.DYN.LE00.IN,"Life expectancy at birth, total (years)",Health,years,2020,64.3090,64.4550,-0.1460,-0.23,0,0
2571,GH,Ghana,,,SP.DYN.LE00.IN,"Life expectancy at birth, total (years)",Health,years,2021,64.2860,64.3090,-0.0230,-0.04,0,0
6731,GH,Ghana,,,SP.DYN.LE00.IN,"Life expectancy at birth, total (years)",Health,years,2024,65.6950,64.2860,1.4090,2.19,0,0
1518,GH,Ghana,,,SP.POP.TOTL,"Population, total",Health: Population,people,2018,30637585.0000,,,,0,0
1517,GH,Ghana,,,SP.POP.TOTL,"Population, total",Health: Population,people,2019,31258945.0000,30637585.0000,621360.0000,2.03,0,0
1516,GH,Ghana,,,SP.POP.TOTL,"Population, total",Health: Population,people,2020,31887809.0000,31258945.0000,628864.0000,2.01,0,0
1515,GH,Ghana,,,SP.POP.TOTL,"Population, total",Health: Population,people,2021,32518665.0000,31887809.0000,630856.0000,1.98,0,0
6355,GH,Ghana,,,SP.POP.TOTL,"Population, total",Health: Population,people,2024,34427414.0000,32518665.0000,1908749.0000,5.87,0,0
6354,GH,Ghana,,,SP.POP.TOTL,"Population, total",Health: Population,people,2025,35064272.0000,34427414.0000,636858.0000,1.85,0,0
3612,GI,Gibraltar,,,SH.H2O.BASW.ZS,People using at least basic drinking water services (% of population),Environment: Water and sanitation,% of population,2018,100.0000,,,,0,0
3611,GI,Gibraltar,,,SH.H2O.BASW.ZS,People using at least basic drinking water services (% of population),Environment: Water and sanitation,% of population,2019,100.0000,100.0000,0.0000,0.00,0,0
3610,GI,Gibraltar,,,SH.H2O.BASW.ZS,People using at least basic drinking water services (% of population),Environment: Water and sanitation,% of population,2020,100.0000,100.0000,0.0000,0.00,0,0
3609,GI,Gibraltar,,,SH.H2O.BASW.ZS,People using at least basic drinking water services (% of population),Environment: Water and sanitation,% of population,2021,100.0000,100.0000,0.0000,0.00,0,0
6974,GI,Gibraltar,,,SH.H2O.BASW.ZS,People using at least basic drinking water services (% of population),Environment: Water and sanitation,% of population,2024,100.0000,100.0000,0.0000,0.00,0,0
2578,GI,Gibraltar,,,SP.DYN.LE00.IN,"Life expectancy at birth, total (years)",Health,years,2018,83.0280,,,,0,0
2577,GI,Gibraltar,,,SP.DYN.LE00.IN,"Life expectancy at birth, total (years)",Health,years,2019,83.1830,83.0280,0.1550,0.19,0,0
2576,GI,Gibraltar,,,SP.DYN.LE00.IN,"Life expectancy at birth, total (years)",Health,years,2020,83.0700,83.1830,-0.1130,-0.14,0,0
2575,GI,Gibraltar,,,SP.DYN.LE00.IN,"Life expectancy at birth, total (years)",Health,years,2021,80.2740,83.0700,-2.7960,-3.37,1,-0.013862
6732,GI,Gibraltar,,,SP.DYN.LE00.IN,"Life expectancy at birth, total (years)",Health,years,2024,83.6300,80.2740,3.3560,4.18,0,0
1522,GI,Gibraltar,,,SP.POP.TOTL,"Population, total",Health: Population,people,2018,34854.0000,,,,0,0
1521,GI,Gibraltar,,,SP.POP.TOTL,"Population, total",Health: Population,people,2019,35494.0000,34854.0000,640.0000,1.84,0,0
1520,GI,Gibraltar,,,SP.POP.TOTL,"Population, total",Health: Population,people,2020,36173.0000,35494.0000,679.0000,1.91,0,0
1519,GI,Gibraltar,,,SP.POP.TOTL,"Population, total",Health: Population,people,2021,36858.0000,36173.0000,685.0000,1.89,0,0
6357,GI,Gibraltar,,,SP.POP.TOTL,"Population, total",Health: Population,people,2024,39329.0000,36858.0000,2471.0000,6.70,0,0
6356,GI,Gibraltar,,,SP.POP.TOTL,"Population, total",Health: Population,people,2025,40126.0000,39329.0000,797.0000,2.03,0,0
487,GL,Greenland,,,NY.GDP.PCAP.CD,GDP per capita (current US$),Economic Policy & Debt,current US$,2018,54545.1359,,,,0,0
486,GL,Greenland,,,NY.GDP.PCAP.CD,GDP per capita (current US$),Economic Policy & Debt,current US$,2019,53309.2036,54545.1359,-1235.9323,-2.27,0,0
485,GL,Greenland,,,NY.GDP.PCAP.CD,GDP per capita (current US$),Economic Policy & Debt,current US$,2020,54812.6662,53309.2036,1503.4626,2.82,0,0
484,GL,Greenland,,,NY.GDP.PCAP.CD,GDP per capita (current US$),Economic Policy & Debt,current US$,2021,58135.9940,54812.6662,3323.3278,6.06,1,-0.017916
3620,GL,Greenland,,,SH.H2O.BASW.ZS,People using at least basic drinking water services (% of population),Environment: Water and sanitation,% of population,2018,100.0000,,,,0,0
3619,GL,Greenland,,,SH.H2O.BASW.ZS,People using at least basic drinking water services (% of population),Environment: Water and sanitation,% of population,2019,100.0000,100.0000,0.0000,0.00,0,0
3618,GL,Greenland,,,SH.H2O.BASW.ZS,People using at least basic drinking water services (% of population),Environment: Water and sanitation,% of population,2020,100.0000,100.0000,0.0000,0.00,0,0
3617,GL,Greenland,,,SH.H2O.BASW.ZS,People using at least basic drinking water services (% of population),Environment: Water and sanitation,% of population,2021,100.0000,100.0000,0.0000,0.00,0,0
6976,GL,Greenland,,,SH.H2O.BASW.ZS,People using at least basic drinking water services (% of population),Environment: Water and sanitation,% of population,2024,100.0000,100.0000,0.0000,0.00,0,0
2586,GL,Greenland,,,SP.DYN.LE00.IN,"Life expectancy at birth, total (years)",Health,years,2018,71.3610,,,,0,0
2585,GL,Greenland,,,SP.DYN.LE00.IN,"Life expectancy at birth, total (years)",Health,years,2019,71.4093,71.3610,0.0483,0.07,0,0
2584,GL,Greenland,,,SP.DYN.LE00.IN,"Life expectancy at birth, total (years)",Health,years,2020,71.2859,71.4093,-0.1234,-0.17,0,0
2583,GL,Greenland,,,SP.DYN.LE00.IN,"Life expectancy at birth, total (years)",Health,years,2021,71.2615,71.2859,-0.0244,-0.03,0,0
6734,GL,Greenland,,,SP.DYN.LE00.IN,"Life expectancy at birth, total (years)",Health,years,2024,70.2734,71.2615,-0.9881,-1.39,0,0
1530,GL,Greenland,,,SP.POP.TOTL,"Population, total",Health: Population,people,2018,56023.0000,,,,0,0
1529,GL,Greenland,,,SP.POP.TOTL,"Population, total",Health: Population,people,2019,56225.0000,56023.0000,202.0000,0.36,0,0
1528,GL,Greenland,,,SP.POP.TOTL,"Population, total",Health: Population,people,2020,56367.0000,56225.0000,142.0000,0.25,0,0
1527,GL,Greenland,,,SP.POP.TOTL,"Population, total",Health: Population,people,2021,56653.0000,56367.0000,286.0000,0.51,0,0
6361,GL,Greenland,,,SP.POP.TOTL,"Population, total",Health: Population,people,2024,56836.0000,56653.0000,183.0000,0.32,0,0
6360,GL,Greenland,,,SP.POP.TOTL,"Population, total",Health: Population,people,2025,56831.0000,56836.0000,-5.0000,-0.01,0,0
467,GM,"Gambia, The",,,NY.GDP.PCAP.CD,GDP per capita (current US$),Economic Policy & Debt,current US$,2018,696.2198,,,,0,0
466,GM,"Gambia, The",,,NY.GDP.PCAP.CD,GDP per capita (current US$),Economic Policy & Debt,current US$,2019,738.1868,696.2198,41.9670,6.03,0,0
465,GM,"Gambia, The",,,NY.GDP.PCAP.CD,GDP per capita (current US$),Economic Policy & Debt,current US$,2020,720.3351,738.1868,-17.8517,-2.42,0,0
464,GM,"Gambia, The",,,NY.GDP.PCAP.CD,GDP per capita (current US$),Economic Policy & Debt,current US$,2021,781.8909,720.3351,61.5558,8.55,0,0
5876,GM,"Gambia, The",,,NY.GDP.PCAP.CD,GDP per capita (current US$),Economic Policy & Debt,current US$,2024,871.3403,781.8909,89.4494,11.44,0,0
5875,GM,"Gambia, The",,,NY.GDP.PCAP.CD,GDP per capita (current US$),Economic Policy & Debt,current US$,2025,919.0604,871.3403,47.7201,5.48,1,-0.003739
3596,GM,"Gambia, The",,,SH.H2O.BASW.ZS,People using at least basic drinking water services (% of population),Environment: Water and sanitation,% of population,2018,83.8009,,,,0,0
3595,GM,"Gambia, The",,,SH.H2O.BASW.ZS,People using at least basic drinking water services (% of population),Environment: Water and sanitation,% of population,2019,84.4362,83.8009,0.6353,0.76,0,0
3594,GM,"Gambia, The",,,SH.H2O.BASW.ZS,People using at least basic drinking water services (% of population),Environment: Water and sanitation,% of population,2020,85.0680,84.4362,0.6318,0.75,0,0
3593,GM,"Gambia, The",,,SH.H2O.BASW.ZS,People using at least basic drinking water services (% of population),Environment: Water and sanitation,% of population,2021,85.6963,85.0680,0.6283,0.74,0,0
6970,GM,"Gambia, The",,,SH.H2O.BASW.ZS,People using at least basic drinking water services (% of population),Environment: Water and sanitation,% of population,2024,87.1035,85.6963,1.4072,1.64,0,0
2562,GM,"Gambia, The",,,SP.DYN.LE00.IN,"Life expectancy at birth, total (years)",Health,years,2018,64.0340,,,,0,0
2561,GM,"Gambia, The",,,SP.DYN.LE00.IN,"Life expectancy at birth, total (years)",Health,years,2019,64.4270,64.0340,0.3930,0.61,0,0
2560,GM,"Gambia, The",,,SP.DYN.LE00.IN,"Life expectancy at birth, total (years)",Health,years,2020,64.4180,64.4270,-0.0090,-0.01,0,0
2559,GM,"Gambia, The",,,SP.DYN.LE00.IN,"Life expectancy at birth, total (years)",Health,years,2021,63.8470,64.4180,-0.5710,-0.89,0,0
6728,GM,"Gambia, The",,,SP.DYN.LE00.IN,"Life expectancy at birth, total (years)",Health,years,2024,66.0570,63.8470,2.2100,3.46,0,0
1506,GM,"Gambia, The",,,SP.POP.TOTL,"Population, total",Health: Population,people,2018,2399632.0000,,,,0,0
1505,GM,"Gambia, The",,,SP.POP.TOTL,"Population, total",Health: Population,people,2019,2456844.0000,2399632.0000,57212.0000,2.38,0,0
1504,GM,"Gambia, The",,,SP.POP.TOTL,"Population, total",Health: Population,people,2020,2515733.0000,2456844.0000,58889.0000,2.40,0,0
1503,GM,"Gambia, The",,,SP.POP.TOTL,"Population, total",Health: Population,people,2021,2576010.0000,2515733.0000,60277.0000,2.40,0,0
6349,GM,"Gambia, The",,,SP.POP.TOTL,"Population, total",Health: Population,people,2024,2759988.0000,2576010.0000,183978.0000,7.14,0,0
6348,GM,"Gambia, The",,,SP.POP.TOTL,"Population, total",Health: Population,people,2025,2822093.0000,2759988.0000,62105.0000,2.25,0,0
503,GN,Guinea,,,NY.GDP.PCAP.CD,GDP per capita (current US$),Economic Policy & Debt,current US$,2018,933.2736,,,,1,-0.024216
502,GN,Guinea,,,NY.GDP.PCAP.CD,GDP per capita (current US$),Economic Policy & Debt,current US$,2019,1031.3415,933.2736,98.0679,10.51,1,-0.026132
501,GN,Guinea,,,NY.GDP.PCAP.CD,GDP per capita (current US$),Economic Policy & Debt,current US$,2020,1053.6610,1031.3415,22.3195,2.16,0,0
500,GN,Guinea,,,NY.GDP.PCAP.CD,GDP per capita (current US$),Economic Policy & Debt,current US$,2021,1244.9655,1053.6610,191.3045,18.16,1,-0.007066
5890,GN,Guinea,,,NY.GDP.PCAP.CD,GDP per capita (current US$),Economic Policy & Debt,current US$,2024,1694.9538,1244.9655,449.9883,36.14,1,-0.010827
5889,GN,Guinea,,,NY.GDP.PCAP.CD,GDP per capita (current US$),Economic Policy & Debt,current US$,2025,1877.2541,1694.9538,182.3003,10.76,1,-0.116688
5889,GN,Guinea,,,NY.GDP.PCAP.CD,GDP per capita (current US$),Economic Policy & Debt,current US$,2025,1877.2541,1694.9538,182.3003,10.76,1,-0.051711
3632,GN,Guinea,,,SH.H2O.BASW.ZS,People using at least basic drinking water services (% of population),Environment: Water and sanitation,% of population,2018,66.8951,,,,0,0
3631,GN,Guinea,,,SH.H2O.BASW.ZS,People using at least basic drinking water services (% of population),Environment: Water and sanitation,% of population,2019,68.1651,66.8951,1.2700,1.90,0,0
3630,GN,Guinea,,,SH.H2O.BASW.ZS,People using at least basic drinking water services (% of population),Environment: Water and sanitation,% of population,2020,69.4484,68.1651,1.2833,1.88,0,0
3629,GN,Guinea,,,SH.H2O.BASW.ZS,People using at least basic drinking water services (% of population),Environment: Water and sanitation,% of population,2021,70.7444,69.4484,1.2960,1.87,0,0
6979,GN,Guinea,,,SH.H2O.BASW.ZS,People using at least basic drinking water services (% of population),Environment: Water and sanitation,% of population,2024,74.1925,70.7444,3.4481,4.87,0,0
2602,GN,Guinea,,,SP.DYN.LE00.IN,"Life expectancy at birth, total (years)",Health,years,2018,59.0430,,,,0,0
2601,GN,Guinea,,,SP.DYN.LE00.IN,"Life expectancy at birth, total (years)",Health,years,2019,59.3790,59.0430,0.3360,0.57,0,0
2600,GN,Guinea,,,SP.DYN.LE00.IN,"Life expectancy at birth, total (years)",Health,years,2020,59.3500,59.3790,-0.0290,-0.05,0,0
2599,GN,Guinea,,,SP.DYN.LE00.IN,"Life expectancy at birth, total (years)",Health,years,2021,59.3730,59.3500,0.0230,0.04,0,0
6738,GN,Guinea,,,SP.DYN.LE00.IN,"Life expectancy at birth, total (years)",Health,years,2024,60.9040,59.3730,1.5310,2.58,1,-0.011879
1546,GN,Guinea,,,SP.POP.TOTL,"Population, total",Health: Population,people,2018,12704774.0000,,,,0,0
1545,GN,Guinea,,,SP.POP.TOTL,"Population, total",Health: Population,people,2019,13034346.0000,12704774.0000,329572.0000,2.59,0,0
1544,GN,Guinea,,,SP.POP.TOTL,"Population, total",Health: Population,people,2020,13371183.0000,13034346.0000,336837.0000,2.58,0,0
1543,GN,Guinea,,,SP.POP.TOTL,"Population, total",Health: Population,people,2021,13710513.0000,13371183.0000,339330.0000,2.54,0,0
6369,GN,Guinea,,,SP.POP.TOTL,"Population, total",Health: Population,people,2024,14754785.0000,13710513.0000,1044272.0000,7.62,0,0
6368,GN,Guinea,,,SP.POP.TOTL,"Population, total",Health: Population,people,2025,15099727.0000,14754785.0000,344942.0000,2.34,0,0
427,GQ,Equatorial Guinea,,,NY.GDP.PCAP.CD,GDP per capita (current US$),Economic Policy & Debt,current US$,2018,8102.4708,,,,0,0
426,GQ,Equatorial Guinea,,,NY.GDP.PCAP.CD,GDP per capita (current US$),Economic Policy & Debt,current US$,2019,6804.1492,8102.4708,-1298.3216,-16.02,1,-0.007154
425,GQ,Equatorial Guinea,,,NY.GDP.PCAP.CD,GDP per capita (current US$),Economic Policy & Debt,current US$,2020,5764.0550,6804.1492,-1040.0942,-15.29,1,-0.095211
425,GQ,Equatorial Guinea,,,NY.GDP.PCAP.CD,GDP per capita (current US$),Economic Policy & Debt,current US$,2020,5764.0550,6804.1492,-1040.0942,-15.29,1,-0.030234
424,GQ,Equatorial Guinea,,,NY.GDP.PCAP.CD,GDP per capita (current US$),Economic Policy & Debt,current US$,2021,6945.6307,5764.0550,1181.5757,20.50,1,-0.020778
5858,GQ,Equatorial Guinea,,,NY.GDP.PCAP.CD,GDP per capita (current US$),Economic Policy & Debt,current US$,2024,7003.5806,6945.6307,57.9499,0.83,0,0
5857,GQ,Equatorial Guinea,,,NY.GDP.PCAP.CD,GDP per capita (current US$),Economic Policy & Debt,current US$,2025,6615.2525,7003.5806,-388.3281,-5.54,0,0
2518,GQ,Equatorial Guinea,,,SP.DYN.LE00.IN,"Life expectancy at birth, total (years)",Health,years,2018,61.9150,,,,0,0
2517,GQ,Equatorial Guinea,,,SP.DYN.LE00.IN,"Life expectancy at birth, total (years)",Health,years,2019,62.2970,61.9150,0.3820,0.62,0,0
2516,GQ,Equatorial Guinea,,,SP.DYN.LE00.IN,"Life expectancy at birth, total (years)",Health,years,2020,62.1410,62.2970,-0.1560,-0.25,0,0
2515,GQ,Equatorial Guinea,,,SP.DYN.LE00.IN,"Life expectancy at birth, total (years)",Health,years,2021,62.4470,62.1410,0.3060,0.49,0,0
6717,GQ,Equatorial Guinea,,,SP.DYN.LE00.IN,"Life expectancy at birth, total (years)",Health,years,2024,63.9060,62.4470,1.4590,2.34,0,0
1462,GQ,Equatorial Guinea,,,SP.POP.TOTL,"Population, total",Health: Population,people,2018,1616422.0000,,,,0,0
1461,GQ,Equatorial Guinea,,,SP.POP.TOTL,"Population, total",Health: Population,people,2019,1670177.0000,1616422.0000,53755.0000,3.33,0,0
1460,GQ,Equatorial Guinea,,,SP.POP.TOTL,"Population, total",Health: Population,people,2020,1716468.0000,1670177.0000,46291.0000,2.77,0,0
1459,GQ,Equatorial Guinea,,,SP.POP.TOTL,"Population, total",Health: Population,people,2021,1758786.0000,1716468.0000,42318.0000,2.47,0,0
6327,GQ,Equatorial Guinea,,,SP.POP.TOTL,"Population, total",Health: Population,people,2024,1892516.0000,1758786.0000,133730.0000,7.60,0,0
6326,GQ,Equatorial Guinea,,,SP.POP.TOTL,"Population, total",Health: Population,people,2025,1938431.0000,1892516.0000,45915.0000,2.43,0,0
483,GR,Greece,,,NY.GDP.PCAP.CD,GDP per capita (current US$),Economic Policy & Debt,current US$,2018,19873.4015,,,,0,0
482,GR,Greece,,,NY.GDP.PCAP.CD,GDP per capita (current US$),Economic Policy & Debt,current US$,2019,19335.3602,19873.4015,-538.0413,-2.71,0,0
481,GR,Greece,,,NY.GDP.PCAP.CD,GDP per capita (current US$),Economic Policy & Debt,current US$,2020,17886.7332,19335.3602,-1448.6270,-7.49,1,-0.011919
480,GR,Greece,,,NY.GDP.PCAP.CD,GDP per capita (current US$),Economic Policy & Debt,current US$,2021,20652.8966,17886.7332,2766.1634,15.46,0,0
5884,GR,Greece,,,NY.GDP.PCAP.CD,GDP per capita (current US$),Economic Policy & Debt,current US$,2024,24626.1482,20652.8966,3973.2516,19.24,0,0
5883,GR,Greece,,,NY.GDP.PCAP.CD,GDP per capita (current US$),Economic Policy & Debt,current US$,2025,26948.0070,24626.1482,2321.8588,9.43,1,-0.077038
5883,GR,Greece,,,NY.GDP.PCAP.CD,GDP per capita (current US$),Economic Policy & Debt,current US$,2025,26948.0070,24626.1482,2321.8588,9.43,1,-0.012061
3616,GR,Greece,,,SH.H2O.BASW.ZS,People using at least basic drinking water services (% of population),Environment: Water and sanitation,% of population,2018,100.0000,,,,0,0
3615,GR,Greece,,,SH.H2O.BASW.ZS,People using at least basic drinking water services (% of population),Environment: Water and sanitation,% of population,2019,100.0000,100.0000,0.0000,0.00,0,0
3614,GR,Greece,,,SH.H2O.BASW.ZS,People using at least basic drinking water services (% of population),Environment: Water and sanitation,% of population,2020,100.0000,100.0000,0.0000,0.00,0,0
3613,GR,Greece,,,SH.H2O.BASW.ZS,People using at least basic drinking water services (% of population),Environment: Water and sanitation,% of population,2021,100.0000,100.0000,0.0000,0.00,0,0
6975,GR,Greece,,,SH.H2O.BASW.ZS,People using at least basic drinking water services (% of population),Environment: Water and sanitation,% of population,2024,100.0000,100.0000,0.0000,0.00,0,0
2582,GR,Greece,,,SP.DYN.LE00.IN,"Life expectancy at birth, total (years)",Health,years,2018,81.7878,,,,0,0
2581,GR,Greece,,,SP.DYN.LE00.IN,"Life expectancy at birth, total (years)",Health,years,2019,81.6390,81.7878,-0.1488,-0.18,0,0
2580,GR,Greece,,,SP.DYN.LE00.IN,"Life expectancy at birth, total (years)",Health,years,2020,81.2878,81.6390,-0.3512,-0.43,0,0
2579,GR,Greece,,,SP.DYN.LE00.IN,"Life expectancy at birth, total (years)",Health,years,2021,80.0829,81.2878,-1.2049,-1.48,0,0
6733,GR,Greece,,,SP.DYN.LE00.IN,"Life expectancy at birth, total (years)",Health,years,2024,81.8390,80.0829,1.7561,2.19,0,0
1526,GR,Greece,,,SP.POP.TOTL,"Population, total",Health: Population,people,2018,10732882.0000,,,,0,0
1525,GR,Greece,,,SP.POP.TOTL,"Population, total",Health: Population,people,2019,10721582.0000,10732882.0000,-11300.0000,-0.11,0,0
1524,GR,Greece,,,SP.POP.TOTL,"Population, total",Health: Population,people,2020,10698599.0000,10721582.0000,-22983.0000,-0.21,0,0
1523,GR,Greece,,,SP.POP.TOTL,"Population, total",Health: Population,people,2021,10570130.0000,10698599.0000,-128469.0000,-1.20,0,0
6359,GR,Greece,,,SP.POP.TOTL,"Population, total",Health: Population,people,2024,10405134.0000,10570130.0000,-164996.0000,-1.56,0,0
6358,GR,Greece,,,SP.POP.TOTL,"Population, total",Health: Population,people,2025,10413962.0000,10405134.0000,8828.0000,0.08,0,0
499,GT,Guatemala,,,NY.GDP.PCAP.CD,GDP per capita (current US$),Economic Policy & Debt,current US$,2018,4352.9459,,,,0,0
498,GT,Guatemala,,,NY.GDP.PCAP.CD,GDP per capita (current US$),Economic Policy & Debt,current US$,2019,4511.9984,4352.9459,159.0525,3.65,0,0
497,GT,Guatemala,,,NY.GDP.PCAP.CD,GDP per capita (current US$),Economic Policy & Debt,current US$,2020,4477.6179,4511.9984,-34.3805,-0.76,0,0
496,GT,Guatemala,,,NY.GDP.PCAP.CD,GDP per capita (current US$),Economic Policy & Debt,current US$,2021,4912.6224,4477.6179,435.0045,9.72,0,0
5888,GT,Guatemala,,,NY.GDP.PCAP.CD,GDP per capita (current US$),Economic Policy & Debt,current US$,2024,6150.8947,4912.6224,1238.2723,25.21,0,0
5887,GT,Guatemala,,,NY.GDP.PCAP.CD,GDP per capita (current US$),Economic Policy & Debt,current US$,2025,6598.1803,6150.8947,447.2856,7.27,1,-0.054422
3628,GT,Guatemala,,,SH.H2O.BASW.ZS,People using at least basic drinking water services (% of population),Environment: Water and sanitation,% of population,2018,91.8665,,,,0,0
3627,GT,Guatemala,,,SH.H2O.BASW.ZS,People using at least basic drinking water services (% of population),Environment: Water and sanitation,% of population,2019,92.0911,91.8665,0.2246,0.24,0,0
3626,GT,Guatemala,,,SH.H2O.BASW.ZS,People using at least basic drinking water services (% of population),Environment: Water and sanitation,% of population,2020,92.3138,92.0911,0.2227,0.24,0,0
3625,GT,Guatemala,,,SH.H2O.BASW.ZS,People using at least basic drinking water services (% of population),Environment: Water and sanitation,% of population,2021,92.5347,92.3138,0.2209,0.24,0,0
6978,GT,Guatemala,,,SH.H2O.BASW.ZS,People using at least basic drinking water services (% of population),Environment: Water and sanitation,% of population,2024,93.1845,92.5347,0.6498,0.70,0,0
2598,GT,Guatemala,,,SP.DYN.LE00.IN,"Life expectancy at birth, total (years)",Health,years,2018,71.4960,,,,0,0
2597,GT,Guatemala,,,SP.DYN.LE00.IN,"Life expectancy at birth, total (years)",Health,years,2019,71.6390,71.4960,0.1430,0.20,0,0
2596,GT,Guatemala,,,SP.DYN.LE00.IN,"Life expectancy at birth, total (years)",Health,years,2020,69.9710,71.6390,-1.6680,-2.33,0,0
2595,GT,Guatemala,,,SP.DYN.LE00.IN,"Life expectancy at birth, total (years)",Health,years,2021,67.8580,69.9710,-2.1130,-3.02,0,0
6737,GT,Guatemala,,,SP.DYN.LE00.IN,"Life expectancy at birth, total (years)",Health,years,2024,72.7460,67.8580,4.8880,7.20,0,0
1542,GT,Guatemala,,,SP.POP.TOTL,"Population, total",Health: Population,people,2018,16845685.0000,,,,0,0
1541,GT,Guatemala,,,SP.POP.TOTL,"Population, total",Health: Population,people,2019,17103803.0000,16845685.0000,258118.0000,1.53,0,0
1540,GT,Guatemala,,,SP.POP.TOTL,"Population, total",Health: Population,people,2020,17357325.0000,17103803.0000,253522.0000,1.48,0,0
1539,GT,Guatemala,,,SP.POP.TOTL,"Population, total",Health: Population,people,2021,17598650.0000,17357325.0000,241325.0000,1.39,0,0
6367,GT,Guatemala,,,SP.POP.TOTL,"Population, total",Health: Population,people,2024,18406359.0000,17598650.0000,807709.0000,4.59,0,0
6366,GT,Guatemala,,,SP.POP.TOTL,"Population, total",Health: Population,people,2025,18687881.0000,18406359.0000,281522.0000,1.53,0,0
495,GU,Guam,,,NY.GDP.PCAP.CD,GDP per capita (current US$),Economic Policy & Debt,current US$,2018,37195.9503,,,,0,0
494,GU,Guam,,,NY.GDP.PCAP.CD,GDP per capita (current US$),Economic Policy & Debt,current US$,2019,39274.9431,37195.9503,2078.9928,5.59,0,0
493,GU,Guam,,,NY.GDP.PCAP.CD,GDP per capita (current US$),Economic Policy & Debt,current US$,2020,36482.9364,39274.9431,-2792.0067,-7.11,0,0
492,GU,Guam,,,NY.GDP.PCAP.CD,GDP per capita (current US$),Economic Policy & Debt,current US$,2021,38074.8794,36482.9364,1591.9430,4.36,0,0
3624,GU,Guam,,,SH.H2O.BASW.ZS,People using at least basic drinking water services (% of population),Environment: Water and sanitation,% of population,2018,99.5192,,,,0,0
3623,GU,Guam,,,SH.H2O.BASW.ZS,People using at least basic drinking water services (% of population),Environment: Water and sanitation,% of population,2019,99.5217,99.5192,0.0025,0.00,0,0
3622,GU,Guam,,,SH.H2O.BASW.ZS,People using at least basic drinking water services (% of population),Environment: Water and sanitation,% of population,2020,99.5242,99.5217,0.0025,0.00,0,0
3621,GU,Guam,,,SH.H2O.BASW.ZS,People using at least basic drinking water services (% of population),Environment: Water and sanitation,% of population,2021,99.5268,99.5242,0.0026,0.00,0,0
6977,GU,Guam,,,SH.H2O.BASW.ZS,People using at least basic drinking water services (% of population),Environment: Water and sanitation,% of population,2024,99.5293,99.5268,0.0025,0.00,0,0
2594,GU,Guam,,,SP.DYN.LE00.IN,"Life expectancy at birth, total (years)",Health,years,2018,76.5610,,,,0,0
2593,GU,Guam,,,SP.DYN.LE00.IN,"Life expectancy at birth, total (years)",Health,years,2019,76.6450,76.5610,0.0840,0.11,0,0
2592,GU,Guam,,,SP.DYN.LE00.IN,"Life expectancy at birth, total (years)",Health,years,2020,75.5290,76.6450,-1.1160,-1.46,0,0
2591,GU,Guam,,,SP.DYN.LE00.IN,"Life expectancy at birth, total (years)",Health,years,2021,75.4340,75.5290,-0.0950,-0.13,0,0
6736,GU,Guam,,,SP.DYN.LE00.IN,"Life expectancy at birth, total (years)",Health,years,2024,77.4220,75.4340,1.9880,2.64,0,0
1538,GU,Guam,,,SP.POP.TOTL,"Population, total",Health: Population,people,2018,162679.0000,,,,0,0
1537,GU,Guam,,,SP.POP.TOTL,"Population, total",Health: Population,people,2019,161808.0000,162679.0000,-871.0000,-0.54,0,0
1536,GU,Guam,,,SP.POP.TOTL,"Population, total",Health: Population,people,2020,162158.0000,161808.0000,350.0000,0.22,0,0
1535,GU,Guam,,,SP.POP.TOTL,"Population, total",Health: Population,people,2021,163730.0000,162158.0000,1572.0000,0.97,0,0
6365,GU,Guam,,,SP.POP.TOTL,"Population, total",Health: Population,people,2024,167777.0000,163730.0000,4047.0000,2.47,0,0
6364,GU,Guam,,,SP.POP.TOTL,"Population, total",Health: Population,people,2025,168999.0000,167777.0000,1222.0000,0.73,0,0
507,GW,Guinea-Bissau,,,NY.GDP.PCAP.CD,GDP per capita (current US$),Economic Policy & Debt,current US$,2018,808.5316,,,,0,0
506,GW,Guinea-Bissau,,,NY.GDP.PCAP.CD,GDP per capita (current US$),Economic Policy & Debt,current US$,2019,811.2100,808.5316,2.6784,0.33,0,0
505,GW,Guinea-Bissau,,,NY.GDP.PCAP.CD,GDP per capita (current US$),Economic Policy & Debt,current US$,2020,846.9181,811.2100,35.7081,4.40,0,0
504,GW,Guinea-Bissau,,,NY.GDP.PCAP.CD,GDP per capita (current US$),Economic Policy & Debt,current US$,2021,926.5462,846.9181,79.6281,9.40,0,0
5892,GW,Guinea-Bissau,,,NY.GDP.PCAP.CD,GDP per capita (current US$),Economic Policy & Debt,current US$,2024,998.3761,926.5462,71.8299,7.75,0,0
5891,GW,Guinea-Bissau,,,NY.GDP.PCAP.CD,GDP per capita (current US$),Economic Policy & Debt,current US$,2025,1123.7668,998.3761,125.3907,12.56,1,-0.098266
5891,GW,Guinea-Bissau,,,NY.GDP.PCAP.CD,GDP per capita (current US$),Economic Policy & Debt,current US$,2025,1123.7668,998.3761,125.3907,12.56,1,-0.033288
3636,GW,Guinea-Bissau,,,SH.H2O.BASW.ZS,People using at least basic drinking water services (% of population),Environment: Water and sanitation,% of population,2018,61.0575,,,,0,0
3635,GW,Guinea-Bissau,,,SH.H2O.BASW.ZS,People using at least basic drinking water services (% of population),Environment: Water and sanitation,% of population,2019,61.2378,61.0575,0.1803,0.30,0,0
3634,GW,Guinea-Bissau,,,SH.H2O.BASW.ZS,People using at least basic drinking water services (% of population),Environment: Water and sanitation,% of population,2020,61.4024,61.2378,0.1646,0.27,0,0
3633,GW,Guinea-Bissau,,,SH.H2O.BASW.ZS,People using at least basic drinking water services (% of population),Environment: Water and sanitation,% of population,2021,61.5511,61.4024,0.1487,0.24,0,0
6980,GW,Guinea-Bissau,,,SH.H2O.BASW.ZS,People using at least basic drinking water services (% of population),Environment: Water and sanitation,% of population,2024,61.8077,61.5511,0.2566,0.42,0,0
2606,GW,Guinea-Bissau,,,SP.DYN.LE00.IN,"Life expectancy at birth, total (years)",Health,years,2018,61.6520,,,,0,0
2605,GW,Guinea-Bissau,,,SP.DYN.LE00.IN,"Life expectancy at birth, total (years)",Health,years,2019,62.1610,61.6520,0.5090,0.83,0,0
2604,GW,Guinea-Bissau,,,SP.DYN.LE00.IN,"Life expectancy at birth, total (years)",Health,years,2020,61.3430,62.1610,-0.8180,-1.32,0,0
2603,GW,Guinea-Bissau,,,SP.DYN.LE00.IN,"Life expectancy at birth, total (years)",Health,years,2021,61.6530,61.3430,0.3100,0.51,0,0
6739,GW,Guinea-Bissau,,,SP.DYN.LE00.IN,"Life expectancy at birth, total (years)",Health,years,2024,64.2540,61.6530,2.6010,4.22,0,0
1550,GW,Guinea-Bissau,,,SP.POP.TOTL,"Population, total",Health: Population,people,2018,1922168.0000,,,,0,0
1549,GW,Guinea-Bissau,,,SP.POP.TOTL,"Population, total",Health: Population,people,2019,1967696.0000,1922168.0000,45528.0000,2.37,0,0
1548,GW,Guinea-Bissau,,,SP.POP.TOTL,"Population, total",Health: Population,people,2020,2013255.0000,1967696.0000,45559.0000,2.32,0,0
1547,GW,Guinea-Bissau,,,SP.POP.TOTL,"Population, total",Health: Population,people,2021,2058841.0000,2013255.0000,45586.0000,2.26,0,0
6371,GW,Guinea-Bissau,,,SP.POP.TOTL,"Population, total",Health: Population,people,2024,2201352.0000,2058841.0000,142511.0000,6.92,0,0
6370,GW,Guinea-Bissau,,,SP.POP.TOTL,"Population, total",Health: Population,people,2025,2249515.0000,2201352.0000,48163.0000,2.19,0,0
511,GY,Guyana,,,NY.GDP.PCAP.CD,GDP per capita (current US$),Economic Policy & Debt,current US$,2018,6048.3870,,,,1,-0.038965
510,GY,Guyana,,,NY.GDP.PCAP.CD,GDP per capita (current US$),Economic Policy & Debt,current US$,2019,6405.8244,6048.3870,357.4374,5.91,1,-0.063658
509,GY,Guyana,,,NY.GDP.PCAP.CD,GDP per capita (current US$),Economic Policy & Debt,current US$,2020,6775.7094,6405.8244,369.8850,5.77,1,-0.066334
509,GY,Guyana,,,NY.GDP.PCAP.CD,GDP per capita (current US$),Economic Policy & Debt,current US$,2020,6775.7094,6405.8244,369.8850,5.77,1,-0.001357
508,GY,Guyana,,,NY.GDP.PCAP.CD,GDP per capita (current US$),Economic Policy & Debt,current US$,2021,9860.8701,6775.7094,3085.1607,45.53,1,-0.179312
508,GY,Guyana,,,NY.GDP.PCAP.CD,GDP per capita (current US$),Economic Policy & Debt,current US$,2021,9860.8701,6775.7094,3085.1607,45.53,1,-0.114335
5894,GY,Guyana,,,NY.GDP.PCAP.CD,GDP per capita (current US$),Economic Policy & Debt,current US$,2024,29675.2502,9860.8701,19814.3801,200.94,1,-0.095076
5894,GY,Guyana,,,NY.GDP.PCAP.CD,GDP per capita (current US$),Economic Policy & Debt,current US$,2024,29675.2502,9860.8701,19814.3801,200.94,1,-0.030098
5893,GY,Guyana,,,NY.GDP.PCAP.CD,GDP per capita (current US$),Economic Policy & Debt,current US$,2025,32413.7931,29675.2502,2738.5429,9.23,1,-0.133026
5893,GY,Guyana,,,NY.GDP.PCAP.CD,GDP per capita (current US$),Economic Policy & Debt,current US$,2025,32413.7931,29675.2502,2738.5429,9.23,1,-0.068049
3640,GY,Guyana,,,SH.H2O.BASW.ZS,People using at least basic drinking water services (% of population),Environment: Water and sanitation,% of population,2018,94.4551,,,,0,0
3639,GY,Guyana,,,SH.H2O.BASW.ZS,People using at least basic drinking water services (% of population),Environment: Water and sanitation,% of population,2019,94.7537,94.4551,0.2986,0.32,0,0
3638,GY,Guyana,,,SH.H2O.BASW.ZS,People using at least basic drinking water services (% of population),Environment: Water and sanitation,% of population,2020,95.0517,94.7537,0.2980,0.31,0,0
3637,GY,Guyana,,,SH.H2O.BASW.ZS,People using at least basic drinking water services (% of population),Environment: Water and sanitation,% of population,2021,95.3488,95.0517,0.2971,0.31,0,0
6981,GY,Guyana,,,SH.H2O.BASW.ZS,People using at least basic drinking water services (% of population),Environment: Water and sanitation,% of population,2024,95.6443,95.3488,0.2955,0.31,0,0
2610,GY,Guyana,,,SP.DYN.LE00.IN,"Life expectancy at birth, total (years)",Health,years,2018,68.8290,,,,0,0
2609,GY,Guyana,,,SP.DYN.LE00.IN,"Life expectancy at birth, total (years)",Health,years,2019,69.0670,68.8290,0.2380,0.35,0,0
2608,GY,Guyana,,,SP.DYN.LE00.IN,"Life expectancy at birth, total (years)",Health,years,2020,67.7510,69.0670,-1.3160,-1.91,0,0
2607,GY,Guyana,,,SP.DYN.LE00.IN,"Life expectancy at birth, total (years)",Health,years,2021,64.3230,67.7510,-3.4280,-5.06,1,-0.016137
6740,GY,Guyana,,,SP.DYN.LE00.IN,"Life expectancy at birth, total (years)",Health,years,2024,70.3190,64.3230,5.9960,9.32,0,0
1554,GY,Guyana,,,SP.POP.TOTL,"Population, total",Health: Population,people,2018,791556.0000,,,,0,0
1553,GY,Guyana,,,SP.POP.TOTL,"Population, total",Health: Population,people,2019,807665.0000,791556.0000,16109.0000,2.04,0,0
1552,GY,Guyana,,,SP.POP.TOTL,"Population, total",Health: Population,people,2020,807481.0000,807665.0000,-184.0000,-0.02,0,0
1551,GY,Guyana,,,SP.POP.TOTL,"Population, total",Health: Population,people,2021,815482.0000,807481.0000,8001.0000,0.99,0,0
6373,GY,Guyana,,,SP.POP.TOTL,"Population, total",Health: Population,people,2024,831087.0000,815482.0000,15605.0000,1.91,0,0
6372,GY,Guyana,,,SP.POP.TOTL,"Population, total",Health: Population,people,2025,835986.0000,831087.0000,4899.0000,0.59,0,0
523,HK,"Hong Kong SAR, China",,,NY.GDP.PCAP.CD,GDP per capita (current US$),Economic Policy & Debt,current US$,2018,48537.5669,,,,0,0
522,HK,"Hong Kong SAR, China",,,NY.GDP.PCAP.CD,GDP per capita (current US$),Economic Policy & Debt,current US$,2019,48359.0012,48537.5669,-178.5657,-0.37,0,0
521,HK,"Hong Kong SAR, China",,,NY.GDP.PCAP.CD,GDP per capita (current US$),Economic Policy & Debt,current US$,2020,46109.2300,48359.0012,-2249.7712,-4.65,0,0
520,HK,"Hong Kong SAR, China",,,NY.GDP.PCAP.CD,GDP per capita (current US$),Economic Policy & Debt,current US$,2021,49770.5642,46109.2300,3661.3342,7.94,0,0
5900,HK,"Hong Kong SAR, China",,,NY.GDP.PCAP.CD,GDP per capita (current US$),Economic Policy & Debt,current US$,2024,54274.7548,49770.5642,4504.1906,9.05,0,0
5899,HK,"Hong Kong SAR, China",,,NY.GDP.PCAP.CD,GDP per capita (current US$),Economic Policy & Debt,current US$,2025,56983.0663,54274.7548,2708.3115,4.99,1,-0.027576
3652,HK,"Hong Kong SAR, China",,,SH.H2O.BASW.ZS,People using at least basic drinking water services (% of population),Environment: Water and sanitation,% of population,2018,99.9606,,,,0,0
3651,HK,"Hong Kong SAR, China",,,SH.H2O.BASW.ZS,People using at least basic drinking water services (% of population),Environment: Water and sanitation,% of population,2019,100.0000,99.9606,0.0394,0.04,0,0
3650,HK,"Hong Kong SAR, China",,,SH.H2O.BASW.ZS,People using at least basic drinking water services (% of population),Environment: Water and sanitation,% of population,2020,100.0000,100.0000,0.0000,0.00,0,0
3649,HK,"Hong Kong SAR, China",,,SH.H2O.BASW.ZS,People using at least basic drinking water services (% of population),Environment: Water and sanitation,% of population,2021,100.0000,100.0000,0.0000,0.00,0,0
6984,HK,"Hong Kong SAR, China",,,SH.H2O.BASW.ZS,People using at least basic drinking water services (% of population),Environment: Water and sanitation,% of population,2024,100.0000,100.0000,0.0000,0.00,0,0
2622,HK,"Hong Kong SAR, China",,,SP.DYN.LE00.IN,"Life expectancy at birth, total (years)",Health,years,2018,84.8698,,,,0,0
2621,HK,"Hong Kong SAR, China",,,SP.DYN.LE00.IN,"Life expectancy at birth, total (years)",Health,years,2019,85.1559,84.8698,0.2861,0.34,0,0
2620,HK,"Hong Kong SAR, China",,,SP.DYN.LE00.IN,"Life expectancy at birth, total (years)",Health,years,2020,85.4963,85.1559,0.3404,0.40,0,0
2619,HK,"Hong Kong SAR, China",,,SP.DYN.LE00.IN,"Life expectancy at birth, total (years)",Health,years,2021,85.5327,85.4963,0.0364,0.04,0,0
6743,HK,"Hong Kong SAR, China",,,SP.DYN.LE00.IN,"Life expectancy at birth, total (years)",Health,years,2024,85.3927,85.5327,-0.1400,-0.16,0,0
1566,HK,"Hong Kong SAR, China",,,SP.POP.TOTL,"Population, total",Health: Population,people,2018,7452600.0000,,,,0,0
1565,HK,"Hong Kong SAR, China",,,SP.POP.TOTL,"Population, total",Health: Population,people,2019,7507900.0000,7452600.0000,55300.0000,0.74,0,0
1564,HK,"Hong Kong SAR, China",,,SP.POP.TOTL,"Population, total",Health: Population,people,2020,7481000.0000,7507900.0000,-26900.0000,-0.36,0,0
1563,HK,"Hong Kong SAR, China",,,SP.POP.TOTL,"Population, total",Health: Population,people,2021,7413100.0000,7481000.0000,-67900.0000,-0.91,0,0
6379,HK,"Hong Kong SAR, China",,,SP.POP.TOTL,"Population, total",Health: Population,people,2024,7524100.0000,7413100.0000,111000.0000,1.50,0,0
6378,HK,"Hong Kong SAR, China",,,SP.POP.TOTL,"Population, total",Health: Population,people,2025,7498900.0000,7524100.0000,-25200.0000,-0.33,0,0
519,HN,Honduras,,,NY.GDP.PCAP.CD,GDP per capita (current US$),Economic Policy & Debt,current US$,2018,2464.6424,,,,0,0
518,HN,Honduras,,,NY.GDP.PCAP.CD,GDP per capita (current US$),Economic Policy & Debt,current US$,2019,2502.3274,2464.6424,37.6850,1.53,0,0
517,HN,Honduras,,,NY.GDP.PCAP.CD,GDP per capita (current US$),Economic Policy & Debt,current US$,2020,2307.6149,2502.3274,-194.7125,-7.78,1,-0.015202
516,HN,Honduras,,,NY.GDP.PCAP.CD,GDP per capita (current US$),Economic Policy & Debt,current US$,2021,2735.1475,2307.6149,427.5326,18.53,1,-0.007381
5898,HN,Honduras,,,NY.GDP.PCAP.CD,GDP per capita (current US$),Economic Policy & Debt,current US$,2024,3415.9603,2735.1475,680.8128,24.89,0,0
5897,HN,Honduras,,,NY.GDP.PCAP.CD,GDP per capita (current US$),Economic Policy & Debt,current US$,2025,3598.2145,3415.9603,182.2542,5.34,1,-0.041003
3648,HN,Honduras,,,SH.H2O.BASW.ZS,People using at least basic drinking water services (% of population),Environment: Water and sanitation,% of population,2018,93.5856,,,,0,0
3647,HN,Honduras,,,SH.H2O.BASW.ZS,People using at least basic drinking water services (% of population),Environment: Water and sanitation,% of population,2019,93.9610,93.5856,0.3754,0.40,0,0
3646,HN,Honduras,,,SH.H2O.BASW.ZS,People using at least basic drinking water services (% of population),Environment: Water and sanitation,% of population,2020,94.3301,93.9610,0.3691,0.39,0,0
3645,HN,Honduras,,,SH.H2O.BASW.ZS,People using at least basic drinking water services (% of population),Environment: Water and sanitation,% of population,2021,94.6929,94.3301,0.3628,0.38,0,0
6983,HN,Honduras,,,SH.H2O.BASW.ZS,People using at least basic drinking water services (% of population),Environment: Water and sanitation,% of population,2024,95.7294,94.6929,1.0365,1.09,0,0
2618,HN,Honduras,,,SP.DYN.LE00.IN,"Life expectancy at birth, total (years)",Health,years,2018,72.0010,,,,0,0
2617,HN,Honduras,,,SP.DYN.LE00.IN,"Life expectancy at birth, total (years)",Health,years,2019,72.1240,72.0010,0.1230,0.17,0,0
2616,HN,Honduras,,,SP.DYN.LE00.IN,"Life expectancy at birth, total (years)",Health,years,2020,70.8640,72.1240,-1.2600,-1.75,0,0
2615,HN,Honduras,,,SP.DYN.LE00.IN,"Life expectancy at birth, total (years)",Health,years,2021,69.4920,70.8640,-1.3720,-1.94,0,0
6742,HN,Honduras,,,SP.DYN.LE00.IN,"Life expectancy at birth, total (years)",Health,years,2024,73.0440,69.4920,3.5520,5.11,0,0
1562,HN,Honduras,,,SP.POP.TOTL,"Population, total",Health: Population,people,2018,9765210.0000,,,,0,0
1561,HN,Honduras,,,SP.POP.TOTL,"Population, total",Health: Population,people,2019,9943633.0000,9765210.0000,178423.0000,1.83,0,0
1560,HN,Honduras,,,SP.POP.TOTL,"Population, total",Health: Population,people,2020,10119640.0000,9943633.0000,176007.0000,1.77,0,0
1559,HN,Honduras,,,SP.POP.TOTL,"Population, total",Health: Population,people,2021,10289877.0000,10119640.0000,170237.0000,1.68,0,0
6377,HN,Honduras,,,SP.POP.TOTL,"Population, total",Health: Population,people,2024,10825703.0000,10289877.0000,535826.0000,5.21,0,0
6376,HN,Honduras,,,SP.POP.TOTL,"Population, total",Health: Population,people,2025,11005850.0000,10825703.0000,180147.0000,1.66,0,0
380,HR,Croatia,,,NY.GDP.PCAP.CD,GDP per capita (current US$),Economic Policy & Debt,current US$,2018,15460.4561,,,,0,0
379,HR,Croatia,,,NY.GDP.PCAP.CD,GDP per capita (current US$),Economic Policy & Debt,current US$,2019,15563.7355,15460.4561,103.2794,0.67,0,0
378,HR,Croatia,,,NY.GDP.PCAP.CD,GDP per capita (current US$),Economic Policy & Debt,current US$,2020,14807.5559,15563.7355,-756.1796,-4.86,1,-0.017677
377,HR,Croatia,,,NY.GDP.PCAP.CD,GDP per capita (current US$),Economic Policy & Debt,current US$,2021,17788.7601,14807.5559,2981.2042,20.13,1,-0.032188
5837,HR,Croatia,,,NY.GDP.PCAP.CD,GDP per capita (current US$),Economic Policy & Debt,current US$,2024,24049.9442,17788.7601,6261.1841,35.20,0,0
5836,HR,Croatia,,,NY.GDP.PCAP.CD,GDP per capita (current US$),Economic Policy & Debt,current US$,2025,27103.9116,24049.9442,3053.9674,12.70,1,-0.143396
5836,HR,Croatia,,,NY.GDP.PCAP.CD,GDP per capita (current US$),Economic Policy & Debt,current US$,2025,27103.9116,24049.9442,3053.9674,12.70,1,-0.078419
3512,HR,Croatia,,,SH.H2O.BASW.ZS,People using at least basic drinking water services (% of population),Environment: Water and sanitation,% of population,2018,99.9015,,,,0,0
3511,HR,Croatia,,,SH.H2O.BASW.ZS,People using at least basic drinking water services (% of population),Environment: Water and sanitation,% of population,2019,99.9017,99.9015,0.0002,0.00,0,0
3510,HR,Croatia,,,SH.H2O.BASW.ZS,People using at least basic drinking water services (% of population),Environment: Water and sanitation,% of population,2020,99.9020,99.9017,0.0003,0.00,0,0
3509,HR,Croatia,,,SH.H2O.BASW.ZS,People using at least basic drinking water services (% of population),Environment: Water and sanitation,% of population,2021,99.9023,99.9020,0.0003,0.00,0,0
6949,HR,Croatia,,,SH.H2O.BASW.ZS,People using at least basic drinking water services (% of population),Environment: Water and sanitation,% of population,2024,99.9032,99.9023,0.0009,0.00,0,0
2470,HR,Croatia,,,SP.DYN.LE00.IN,"Life expectancy at birth, total (years)",Health,years,2018,77.9195,,,,0,0
2469,HR,Croatia,,,SP.DYN.LE00.IN,"Life expectancy at birth, total (years)",Health,years,2019,78.2244,77.9195,0.3049,0.39,0,0
2468,HR,Croatia,,,SP.DYN.LE00.IN,"Life expectancy at birth, total (years)",Health,years,2020,77.5244,78.2244,-0.7000,-0.89,0,0
2467,HR,Croatia,,,SP.DYN.LE00.IN,"Life expectancy at birth, total (years)",Health,years,2021,76.4244,77.5244,-1.1000,-1.42,0,0
6705,HR,Croatia,,,SP.DYN.LE00.IN,"Life expectancy at birth, total (years)",Health,years,2024,78.9293,76.4244,2.5049,3.28,0,0
1414,HR,Croatia,,,SP.POP.TOTL,"Population, total",Health: Population,people,2018,3988775.0000,,,,0,0
1413,HR,Croatia,,,SP.POP.TOTL,"Population, total",Health: Population,people,2019,3949390.0000,3988775.0000,-39385.0000,-0.99,0,0
1412,HR,Croatia,,,SP.POP.TOTL,"Population, total",Health: Population,people,2020,3914206.0000,3949390.0000,-35184.0000,-0.89,0,0
1411,HR,Croatia,,,SP.POP.TOTL,"Population, total",Health: Population,people,2021,3878981.0000,3914206.0000,-35225.0000,-0.90,0,0
6303,HR,Croatia,,,SP.POP.TOTL,"Population, total",Health: Population,people,2024,3866200.0000,3878981.0000,-12781.0000,-0.33,0,0
6302,HR,Croatia,,,SP.POP.TOTL,"Population, total",Health: Population,people,2025,3876200.0000,3866200.0000,10000.0000,0.26,0,0
515,HT,Haiti,,,NY.GDP.PCAP.CD,GDP per capita (current US$),Economic Policy & Debt,current US$,2018,1496.3805,,,,0,0
514,HT,Haiti,,,NY.GDP.PCAP.CD,GDP per capita (current US$),Economic Policy & Debt,current US$,2019,1352.1720,1496.3805,-144.2085,-9.64,1,-0.058554
513,HT,Haiti,,,NY.GDP.PCAP.CD,GDP per capita (current US$),Economic Policy & Debt,current US$,2020,1290.3254,1352.1720,-61.8466,-4.57,1,-0.045152
512,HT,Haiti,,,NY.GDP.PCAP.CD,GDP per capita (current US$),Economic Policy & Debt,current US$,2021,1824.6799,1290.3254,534.3545,41.41,1,-0.084235
512,HT,Haiti,,,NY.GDP.PCAP.CD,GDP per capita (current US$),Economic Policy & Debt,current US$,2021,1824.6799,1290.3254,534.3545,41.41,1,-0.019258
5896,HT,Haiti,,,NY.GDP.PCAP.CD,GDP per capita (current US$),Economic Policy & Debt,current US$,2024,2060.3559,1824.6799,235.6760,12.92,0,0
5895,HT,Haiti,,,NY.GDP.PCAP.CD,GDP per capita (current US$),Economic Policy & Debt,current US$,2025,2694.1897,2060.3559,633.8338,30.76,1,-0.202677
5895,HT,Haiti,,,NY.GDP.PCAP.CD,GDP per capita (current US$),Economic Policy & Debt,current US$,2025,2694.1897,2060.3559,633.8338,30.76,1,-0.137700
3644,HT,Haiti,,,SH.H2O.BASW.ZS,People using at least basic drinking water services (% of population),Environment: Water and sanitation,% of population,2018,69.1523,,,,0,0
3643,HT,Haiti,,,SH.H2O.BASW.ZS,People using at least basic drinking water services (% of population),Environment: Water and sanitation,% of population,2019,69.7360,69.1523,0.5837,0.84,0,0
3642,HT,Haiti,,,SH.H2O.BASW.ZS,People using at least basic drinking water services (% of population),Environment: Water and sanitation,% of population,2020,70.4881,69.7360,0.7521,1.08,0,0
3641,HT,Haiti,,,SH.H2O.BASW.ZS,People using at least basic drinking water services (% of population),Environment: Water and sanitation,% of population,2021,71.2217,70.4881,0.7336,1.04,0,0
6982,HT,Haiti,,,SH.H2O.BASW.ZS,People using at least basic drinking water services (% of population),Environment: Water and sanitation,% of population,2024,73.3158,71.2217,2.0941,2.94,0,0
2614,HT,Haiti,,,SP.DYN.LE00.IN,"Life expectancy at birth, total (years)",Health,years,2018,64.0770,,,,0,0
2613,HT,Haiti,,,SP.DYN.LE00.IN,"Life expectancy at birth, total (years)",Health,years,2019,64.3280,64.0770,0.2510,0.39,0,0
2612,HT,Haiti,,,SP.DYN.LE00.IN,"Life expectancy at birth, total (years)",Health,years,2020,63.7730,64.3280,-0.5550,-0.86,0,0
2611,HT,Haiti,,,SP.DYN.LE00.IN,"Life expectancy at birth, total (years)",Health,years,2021,62.6130,63.7730,-1.1600,-1.82,0,0
6741,HT,Haiti,,,SP.DYN.LE00.IN,"Life expectancy at birth, total (years)",Health,years,2024,65.1190,62.6130,2.5060,4.00,0,0
1558,HT,Haiti,,,SP.POP.TOTL,"Population, total",Health: Population,people,2018,10962362.0000,,,,0,0
1557,HT,Haiti,,,SP.POP.TOTL,"Population, total",Health: Population,people,2019,11105163.0000,10962362.0000,142801.0000,1.30,0,0
1556,HT,Haiti,,,SP.POP.TOTL,"Population, total",Health: Population,people,2020,11243848.0000,11105163.0000,138685.0000,1.25,0,0
1555,HT,Haiti,,,SP.POP.TOTL,"Population, total",Health: Population,people,2021,11374586.0000,11243848.0000,130738.0000,1.16,0,0
6375,HT,Haiti,,,SP.POP.TOTL,"Population, total",Health: Population,people,2024,11772557.0000,11374586.0000,397971.0000,3.50,0,0
6374,HT,Haiti,,,SP.POP.TOTL,"Population, total",Health: Population,people,2025,11906095.0000,11772557.0000,133538.0000,1.13,0,0
527,HU,Hungary,,,NY.GDP.PCAP.CD,GDP per capita (current US$),Economic Policy & Debt,current US$,2018,16605.0571,,,,0,0
526,HU,Hungary,,,NY.GDP.PCAP.CD,GDP per capita (current US$),Economic Policy & Debt,current US$,2019,17012.8599,16605.0571,407.8028,2.46,0,0
525,HU,Hungary,,,NY.GDP.PCAP.CD,GDP per capita (current US$),Economic Policy & Debt,current US$,2020,16386.9309,17012.8599,-625.9290,-3.68,0,0
524,HU,Hungary,,,NY.GDP.PCAP.CD,GDP per capita (current US$),Economic Policy & Debt,current US$,2021,19030.6281,16386.9309,2643.6972,16.13,0,0
5902,HU,Hungary,,,NY.GDP.PCAP.CD,GDP per capita (current US$),Economic Policy & Debt,current US$,2024,23305.4483,19030.6281,4274.8202,22.46,0,0
5901,HU,Hungary,,,NY.GDP.PCAP.CD,GDP per capita (current US$),Economic Policy & Debt,current US$,2025,25907.4743,23305.4483,2602.0260,11.16,1,-0.108991
5901,HU,Hungary,,,NY.GDP.PCAP.CD,GDP per capita (current US$),Economic Policy & Debt,current US$,2025,25907.4743,23305.4483,2602.0260,11.16,1,-0.044014
3656,HU,Hungary,,,SH.H2O.BASW.ZS,People using at least basic drinking water services (% of population),Environment: Water and sanitation,% of population,2018,99.2100,,,,0,0
3655,HU,Hungary,,,SH.H2O.BASW.ZS,People using at least basic drinking water services (% of population),Environment: Water and sanitation,% of population,2019,99.4780,99.2100,0.2680,0.27,0,0
3654,HU,Hungary,,,SH.H2O.BASW.ZS,People using at least basic drinking water services (% of population),Environment: Water and sanitation,% of population,2020,99.7437,99.4780,0.2657,0.27,0,0
3653,HU,Hungary,,,SH.H2O.BASW.ZS,People using at least basic drinking water services (% of population),Environment: Water and sanitation,% of population,2021,99.9723,99.7437,0.2286,0.23,0,0
6985,HU,Hungary,,,SH.H2O.BASW.ZS,People using at least basic drinking water services (% of population),Environment: Water and sanitation,% of population,2024,100.0000,99.9723,0.0277,0.03,0,0
2626,HU,Hungary,,,SP.DYN.LE00.IN,"Life expectancy at birth, total (years)",Health,years,2018,76.0659,,,,0,0
2625,HU,Hungary,,,SP.DYN.LE00.IN,"Life expectancy at birth, total (years)",Health,years,2019,76.3195,76.0659,0.2536,0.33,0,0
2624,HU,Hungary,,,SP.DYN.LE00.IN,"Life expectancy at birth, total (years)",Health,years,2020,75.4195,76.3195,-0.9000,-1.18,0,0
2623,HU,Hungary,,,SP.DYN.LE00.IN,"Life expectancy at birth, total (years)",Health,years,2021,74.0659,75.4195,-1.3536,-1.79,0,0
6744,HU,Hungary,,,SP.DYN.LE00.IN,"Life expectancy at birth, total (years)",Health,years,2024,76.7244,74.0659,2.6585,3.59,0,0
1570,HU,Hungary,,,SP.POP.TOTL,"Population, total",Health: Population,people,2018,9706964.0000,,,,0,0
1569,HU,Hungary,,,SP.POP.TOTL,"Population, total",Health: Population,people,2019,9694824.0000,9706964.0000,-12140.0000,-0.13,0,0
1568,HU,Hungary,,,SP.POP.TOTL,"Population, total",Health: Population,people,2020,9670419.0000,9694824.0000,-24405.0000,-0.25,0,0
1567,HU,Hungary,,,SP.POP.TOTL,"Population, total",Health: Population,people,2021,9630932.0000,9670419.0000,-39487.0000,-0.41,0,0
6381,HU,Hungary,,,SP.POP.TOTL,"Population, total",Health: Population,people,2024,9562065.0000,9630932.0000,-68867.0000,-0.72,0,0
6380,HU,Hungary,,,SP.POP.TOTL,"Population, total",Health: Population,people,2025,9514251.0000,9562065.0000,-47814.0000,-0.50,0,0
539,ID,Indonesia,,,NY.GDP.PCAP.CD,GDP per capita (current US$),Economic Policy & Debt,current US$,2018,3860.9535,,,,0,0
538,ID,Indonesia,,,NY.GDP.PCAP.CD,GDP per capita (current US$),Economic Policy & Debt,current US$,2019,4106.9486,3860.9535,245.9951,6.37,0,0
537,ID,Indonesia,,,NY.GDP.PCAP.CD,GDP per capita (current US$),Economic Policy & Debt,current US$,2020,3853.7029,4106.9486,-253.2457,-6.17,0,0
536,ID,Indonesia,,,NY.GDP.PCAP.CD,GDP per capita (current US$),Economic Policy & Debt,current US$,2021,4287.1731,3853.7029,433.4702,11.25,0,0
5908,ID,Indonesia,,,NY.GDP.PCAP.CD,GDP per capita (current US$),Economic Policy & Debt,current US$,2024,4925.4364,4287.1731,638.2633,14.89,0,0
5907,ID,Indonesia,,,NY.GDP.PCAP.CD,GDP per capita (current US$),Economic Policy & Debt,current US$,2025,5059.6260,4925.4364,134.1896,2.72,0,0
3668,ID,Indonesia,,,SH.H2O.BASW.ZS,People using at least basic drinking water services (% of population),Environment: Water and sanitation,% of population,2018,88.4104,,,,0,0
3667,ID,Indonesia,,,SH.H2O.BASW.ZS,People using at least basic drinking water services (% of population),Environment: Water and sanitation,% of population,2019,88.7539,88.4104,0.3435,0.39,0,0
3666,ID,Indonesia,,,SH.H2O.BASW.ZS,People using at least basic drinking water services (% of population),Environment: Water and sanitation,% of population,2020,89.0852,88.7539,0.3313,0.37,0,0
3665,ID,Indonesia,,,SH.H2O.BASW.ZS,People using at least basic drinking water services (% of population),Environment: Water and sanitation,% of population,2021,89.4041,89.0852,0.3189,0.36,0,0
6988,ID,Indonesia,,,SH.H2O.BASW.ZS,People using at least basic drinking water services (% of population),Environment: Water and sanitation,% of population,2024,89.0088,89.4041,-0.3953,-0.44,0,0
2638,ID,Indonesia,,,SP.DYN.LE00.IN,"Life expectancy at birth, total (years)",Health,years,2018,70.0800,,,,0,0
2637,ID,Indonesia,,,SP.DYN.LE00.IN,"Life expectancy at birth, total (years)",Health,years,2019,70.3490,70.0800,0.2690,0.38,0,0
2636,ID,Indonesia,,,SP.DYN.LE00.IN,"Life expectancy at birth, total (years)",Health,years,2020,68.8170,70.3490,-1.5320,-2.18,0,0
2635,ID,Indonesia,,,SP.DYN.LE00.IN,"Life expectancy at birth, total (years)",Health,years,2021,67.4520,68.8170,-1.3650,-1.98,0,0
6747,ID,Indonesia,,,SP.DYN.LE00.IN,"Life expectancy at birth, total (years)",Health,years,2024,71.2880,67.4520,3.8360,5.69,0,0
1582,ID,Indonesia,,,SP.POP.TOTL,"Population, total",Health: Population,people,2018,269951846.0000,,,,0,0
1581,ID,Indonesia,,,SP.POP.TOTL,"Population, total",Health: Population,people,2019,272489381.0000,269951846.0000,2537535.0000,0.94,0,0
1580,ID,Indonesia,,,SP.POP.TOTL,"Population, total",Health: Population,people,2020,274814866.0000,272489381.0000,2325485.0000,0.85,0,0
1579,ID,Indonesia,,,SP.POP.TOTL,"Population, total",Health: Population,people,2021,276758053.0000,274814866.0000,1943187.0000,0.71,0,0
6387,ID,Indonesia,,,SP.POP.TOTL,"Population, total",Health: Population,people,2024,283487931.0000,276758053.0000,6729878.0000,2.43,0,0
6386,ID,Indonesia,,,SP.POP.TOTL,"Population, total",Health: Population,people,2025,285721236.0000,283487931.0000,2233305.0000,0.79,0,0
551,IE,Ireland,,,NY.GDP.PCAP.CD,GDP per capita (current US$),Economic Policy & Debt,current US$,2018,80804.1123,,,,1,-0.049055
550,IE,Ireland,,,NY.GDP.PCAP.CD,GDP per capita (current US$),Economic Policy & Debt,current US$,2019,81827.6689,80804.1123,1023.5566,1.27,1,-0.040088
549,IE,Ireland,,,NY.GDP.PCAP.CD,GDP per capita (current US$),Economic Policy & Debt,current US$,2020,86514.0706,81827.6689,4686.4017,5.73,1,-0.063188
548,IE,Ireland,,,NY.GDP.PCAP.CD,GDP per capita (current US$),Economic Policy & Debt,current US$,2021,103783.4463,86514.0706,17269.3757,19.96,1,-0.120485
548,IE,Ireland,,,NY.GDP.PCAP.CD,GDP per capita (current US$),Economic Policy & Debt,current US$,2021,103783.4463,86514.0706,17269.3757,19.96,1,-0.055508
5914,IE,Ireland,,,NY.GDP.PCAP.CD,GDP per capita (current US$),Economic Policy & Debt,current US$,2024,112894.9532,103783.4463,9111.5069,8.78,1,-0.019009
5913,IE,Ireland,,,NY.GDP.PCAP.CD,GDP per capita (current US$),Economic Policy & Debt,current US$,2025,131592.4625,112894.9532,18697.5093,16.56,1,-0.207491
5913,IE,Ireland,,,NY.GDP.PCAP.CD,GDP per capita (current US$),Economic Policy & Debt,current US$,2025,131592.4625,112894.9532,18697.5093,16.56,1,-0.142514
3680,IE,Ireland,,,SH.H2O.BASW.ZS,People using at least basic drinking water services (% of population),Environment: Water and sanitation,% of population,2018,96.9940,,,,0,0
3679,IE,Ireland,,,SH.H2O.BASW.ZS,People using at least basic drinking water services (% of population),Environment: Water and sanitation,% of population,2019,97.0121,96.9940,0.0181,0.02,0,0
3678,IE,Ireland,,,SH.H2O.BASW.ZS,People using at least basic drinking water services (% of population),Environment: Water and sanitation,% of population,2020,97.0299,97.0121,0.0178,0.02,0,0
3677,IE,Ireland,,,SH.H2O.BASW.ZS,People using at least basic drinking water services (% of population),Environment: Water and sanitation,% of population,2021,97.0474,97.0299,0.0175,0.02,0,0
6991,IE,Ireland,,,SH.H2O.BASW.ZS,People using at least basic drinking water services (% of population),Environment: Water and sanitation,% of population,2024,97.0980,97.0474,0.0506,0.05,0,0
2650,IE,Ireland,,,SP.DYN.LE00.IN,"Life expectancy at birth, total (years)",Health,years,2018,82.2049,,,,0,0
2649,IE,Ireland,,,SP.DYN.LE00.IN,"Life expectancy at birth, total (years)",Health,years,2019,82.7024,82.2049,0.4975,0.61,0,0
2648,IE,Ireland,,,SP.DYN.LE00.IN,"Life expectancy at birth, total (years)",Health,years,2020,82.4561,82.7024,-0.2463,-0.30,0,0
2647,IE,Ireland,,,SP.DYN.LE00.IN,"Life expectancy at birth, total (years)",Health,years,2021,82.2537,82.4561,-0.2024,-0.25,0,0
6750,IE,Ireland,,,SP.DYN.LE00.IN,"Life expectancy at birth, total (years)",Health,years,2024,83.0098,82.2537,0.7561,0.92,0,0
1594,IE,Ireland,,,SP.POP.TOTL,"Population, total",Health: Population,people,2018,4898022.0000,,,,0,0
1593,IE,Ireland,,,SP.POP.TOTL,"Population, total",Health: Population,people,2019,4976456.0000,4898022.0000,78434.0000,1.60,0,0
1592,IE,Ireland,,,SP.POP.TOTL,"Population, total",Health: Population,people,2020,5039747.0000,4976456.0000,63291.0000,1.27,0,0
1591,IE,Ireland,,,SP.POP.TOTL,"Population, total",Health: Population,people,2021,5110585.0000,5039747.0000,70838.0000,1.41,0,0
6393,IE,Ireland,,,SP.POP.TOTL,"Population, total",Health: Population,people,2024,5395790.0000,5110585.0000,285205.0000,5.58,0,0
6392,IE,Ireland,,,SP.POP.TOTL,"Population, total",Health: Population,people,2025,5484367.0000,5395790.0000,88577.0000,1.64,0,0
559,IL,Israel,,,NY.GDP.PCAP.CD,GDP per capita (current US$),Economic Policy & Debt,current US$,2018,42269.3770,,,,0,0
558,IL,Israel,,,NY.GDP.PCAP.CD,GDP per capita (current US$),Economic Policy & Debt,current US$,2019,44091.8678,42269.3770,1822.4908,4.31,0,0
557,IL,Israel,,,NY.GDP.PCAP.CD,GDP per capita (current US$),Economic Policy & Debt,current US$,2020,44590.8237,44091.8678,498.9559,1.13,0,0
556,IL,Israel,,,NY.GDP.PCAP.CD,GDP per capita (current US$),Economic Policy & Debt,current US$,2021,52258.4693,44590.8237,7667.6456,17.20,1,-0.050714
5916,IL,Israel,,,NY.GDP.PCAP.CD,GDP per capita (current US$),Economic Policy & Debt,current US$,2024,54216.5218,52258.4693,1958.0525,3.75,0,0
5915,IL,Israel,,,NY.GDP.PCAP.CD,GDP per capita (current US$),Economic Policy & Debt,current US$,2025,60336.8478,54216.5218,6120.3260,11.29,1,-0.121935
5915,IL,Israel,,,NY.GDP.PCAP.CD,GDP per capita (current US$),Economic Policy & Debt,current US$,2025,60336.8478,54216.5218,6120.3260,11.29,1,-0.056958
3688,IL,Israel,,,SH.H2O.BASW.ZS,People using at least basic drinking water services (% of population),Environment: Water and sanitation,% of population,2018,100.0000,,,,0,0
3687,IL,Israel,,,SH.H2O.BASW.ZS,People using at least basic drinking water services (% of population),Environment: Water and sanitation,% of population,2019,100.0000,100.0000,0.0000,0.00,0,0
3686,IL,Israel,,,SH.H2O.BASW.ZS,People using at least basic drinking water services (% of population),Environment: Water and sanitation,% of population,2020,100.0000,100.0000,0.0000,0.00,0,0
3685,IL,Israel,,,SH.H2O.BASW.ZS,People using at least basic drinking water services (% of population),Environment: Water and sanitation,% of population,2021,100.0000,100.0000,0.0000,0.00,0,0
6993,IL,Israel,,,SH.H2O.BASW.ZS,People using at least basic drinking water services (% of population),Environment: Water and sanitation,% of population,2024,100.0000,100.0000,0.0000,0.00,0,0
2658,IL,Israel,,,SP.DYN.LE00.IN,"Life expectancy at birth, total (years)",Health,years,2018,82.8024,,,,0,0
2657,IL,Israel,,,SP.DYN.LE00.IN,"Life expectancy at birth, total (years)",Health,years,2019,82.8049,82.8024,0.0025,0.00,0,0
2656,IL,Israel,,,SP.DYN.LE00.IN,"Life expectancy at birth, total (years)",Health,years,2020,82.6488,82.8049,-0.1561,-0.19,0,0
2655,IL,Israel,,,SP.DYN.LE00.IN,"Life expectancy at birth, total (years)",Health,years,2021,82.5000,82.6488,-0.1488,-0.18,0,0
6752,IL,Israel,,,SP.DYN.LE00.IN,"Life expectancy at birth, total (years)",Health,years,2024,83.1976,82.5000,0.6976,0.85,0,0
1602,IL,Israel,,,SP.POP.TOTL,"Population, total",Health: Population,people,2018,8882800.0000,,,,0,0
1601,IL,Israel,,,SP.POP.TOTL,"Population, total",Health: Population,people,2019,9054000.0000,8882800.0000,171200.0000,1.93,0,0
1600,IL,Israel,,,SP.POP.TOTL,"Population, total",Health: Population,people,2020,9215100.0000,9054000.0000,161100.0000,1.78,0,0
1599,IL,Israel,,,SP.POP.TOTL,"Population, total",Health: Population,people,2021,9371400.0000,9215100.0000,156300.0000,1.70,0,0
6397,IL,Israel,,,SP.POP.TOTL,"Population, total",Health: Population,people,2024,10002200.0000,9371400.0000,630800.0000,6.73,0,0
6396,IL,Israel,,,SP.POP.TOTL,"Population, total",Health: Population,people,2025,10122800.0000,10002200.0000,120600.0000,1.21,0,0
555,IM,Isle of Man,,,NY.GDP.PCAP.CD,GDP per capita (current US$),Economic Policy & Debt,current US$,2018,89393.8244,,,,0,0
554,IM,Isle of Man,,,NY.GDP.PCAP.CD,GDP per capita (current US$),Economic Policy & Debt,current US$,2019,87127.5518,89393.8244,-2266.2726,-2.54,0,0
553,IM,Isle of Man,,,NY.GDP.PCAP.CD,GDP per capita (current US$),Economic Policy & Debt,current US$,2020,79513.5330,87127.5518,-7614.0188,-8.74,1,-0.088307
553,IM,Isle of Man,,,NY.GDP.PCAP.CD,GDP per capita (current US$),Economic Policy & Debt,current US$,2020,79513.5330,87127.5518,-7614.0188,-8.74,1,-0.023330
552,IM,Isle of Man,,,NY.GDP.PCAP.CD,GDP per capita (current US$),Economic Policy & Debt,current US$,2021,94299.9693,79513.5330,14786.4363,18.60,1,-0.109543
552,IM,Isle of Man,,,NY.GDP.PCAP.CD,GDP per capita (current US$),Economic Policy & Debt,current US$,2021,94299.9693,79513.5330,14786.4363,18.60,1,-0.044566
3684,IM,Isle of Man,,,SH.H2O.BASW.ZS,People using at least basic drinking water services (% of population),Environment: Water and sanitation,% of population,2018,99.3382,,,,0,0
3683,IM,Isle of Man,,,SH.H2O.BASW.ZS,People using at least basic drinking water services (% of population),Environment: Water and sanitation,% of population,2019,99.4746,99.3382,0.1364,0.14,0,0
3682,IM,Isle of Man,,,SH.H2O.BASW.ZS,People using at least basic drinking water services (% of population),Environment: Water and sanitation,% of population,2020,99.6110,99.4746,0.1364,0.14,0,0
3681,IM,Isle of Man,,,SH.H2O.BASW.ZS,People using at least basic drinking water services (% of population),Environment: Water and sanitation,% of population,2021,99.7474,99.6110,0.1364,0.14,0,0
6992,IM,Isle of Man,,,SH.H2O.BASW.ZS,People using at least basic drinking water services (% of population),Environment: Water and sanitation,% of population,2024,100.0000,99.7474,0.2526,0.25,0,0
2654,IM,Isle of Man,,,SP.DYN.LE00.IN,"Life expectancy at birth, total (years)",Health,years,2018,80.6140,,,,0,0
2653,IM,Isle of Man,,,SP.DYN.LE00.IN,"Life expectancy at birth, total (years)",Health,years,2019,80.7400,80.6140,0.1260,0.16,0,0
2652,IM,Isle of Man,,,SP.DYN.LE00.IN,"Life expectancy at birth, total (years)",Health,years,2020,80.5910,80.7400,-0.1490,-0.18,0,0
2651,IM,Isle of Man,,,SP.DYN.LE00.IN,"Life expectancy at birth, total (years)",Health,years,2021,80.4200,80.5910,-0.1710,-0.21,0,0
6751,IM,Isle of Man,,,SP.DYN.LE00.IN,"Life expectancy at birth, total (years)",Health,years,2024,81.0910,80.4200,0.6710,0.83,0,0
1598,IM,Isle of Man,,,SP.POP.TOTL,"Population, total",Health: Population,people,2018,83805.0000,,,,0,0
1597,IM,Isle of Man,,,SP.POP.TOTL,"Population, total",Health: Population,people,2019,83957.0000,83805.0000,152.0000,0.18,0,0
1596,IM,Isle of Man,,,SP.POP.TOTL,"Population, total",Health: Population,people,2020,84064.0000,83957.0000,107.0000,0.13,0,0
1595,IM,Isle of Man,,,SP.POP.TOTL,"Population, total",Health: Population,people,2021,84106.0000,84064.0000,42.0000,0.05,0,0
6395,IM,Isle of Man,,,SP.POP.TOTL,"Population, total",Health: Population,people,2024,84160.0000,84106.0000,54.0000,0.06,0,0
6394,IM,Isle of Man,,,SP.POP.TOTL,"Population, total",Health: Population,people,2025,84118.0000,84160.0000,-42.0000,-0.05,0,0
535,IN,India,,,NY.GDP.PCAP.CD,GDP per capita (current US$),Economic Policy & Debt,current US$,2018,1966.2546,,,,0,0
534,IN,India,,,NY.GDP.PCAP.CD,GDP per capita (current US$),Economic Policy & Debt,current US$,2019,2041.4286,1966.2546,75.1740,3.82,0,0
533,IN,India,,,NY.GDP.PCAP.CD,GDP per capita (current US$),Economic Policy & Debt,current US$,2020,1933.1000,2041.4286,-108.3286,-5.31,0,0
532,IN,India,,,NY.GDP.PCAP.CD,GDP per capita (current US$),Economic Policy & Debt,current US$,2021,2239.6100,1933.1000,306.5100,15.86,0,0
5906,IN,India,,,NY.GDP.PCAP.CD,GDP per capita (current US$),Economic Policy & Debt,current US$,2024,2591.9917,2239.6100,352.3817,15.73,0,0
5905,IN,India,,,NY.GDP.PCAP.CD,GDP per capita (current US$),Economic Policy & Debt,current US$,2025,2702.4799,2591.9917,110.4882,4.26,1,-0.005310
3664,IN,India,,,SH.H2O.BASW.ZS,People using at least basic drinking water services (% of population),Environment: Water and sanitation,% of population,2018,91.7627,,,,0,0
3663,IN,India,,,SH.H2O.BASW.ZS,People using at least basic drinking water services (% of population),Environment: Water and sanitation,% of population,2019,92.4318,91.7627,0.6691,0.73,0,0
3662,IN,India,,,SH.H2O.BASW.ZS,People using at least basic drinking water services (% of population),Environment: Water and sanitation,% of population,2020,93.0977,92.4318,0.6659,0.72,0,0
3661,IN,India,,,SH.H2O.BASW.ZS,People using at least basic drinking water services (% of population),Environment: Water and sanitation,% of population,2021,93.7603,93.0977,0.6626,0.71,0,0
6987,IN,India,,,SH.H2O.BASW.ZS,People using at least basic drinking water services (% of population),Environment: Water and sanitation,% of population,2024,95.7247,93.7603,1.9644,2.10,0,0
2634,IN,India,,,SP.DYN.LE00.IN,"Life expectancy at birth, total (years)",Health,years,2018,70.4150,,,,0,0
2633,IN,India,,,SP.DYN.LE00.IN,"Life expectancy at birth, total (years)",Health,years,2019,70.7460,70.4150,0.3310,0.47,0,0
2632,IN,India,,,SP.DYN.LE00.IN,"Life expectancy at birth, total (years)",Health,years,2020,70.1560,70.7460,-0.5900,-0.83,0,0
2631,IN,India,,,SP.DYN.LE00.IN,"Life expectancy at birth, total (years)",Health,years,2021,67.2820,70.1560,-2.8740,-4.10,0,0
6746,IN,India,,,SP.DYN.LE00.IN,"Life expectancy at birth, total (years)",Health,years,2024,72.2350,67.2820,4.9530,7.36,0,0
1578,IN,India,,,SP.POP.TOTL,"Population, total",Health: Population,people,2018,1374659064.0000,,,,0,0
1577,IN,India,,,SP.POP.TOTL,"Population, total",Health: Population,people,2019,1389030312.0000,1374659064.0000,14371248.0000,1.05,0,0
1576,IN,India,,,SP.POP.TOTL,"Population, total",Health: Population,people,2020,1402617695.0000,1389030312.0000,13587383.0000,0.98,0,0
1575,IN,India,,,SP.POP.TOTL,"Population, total",Health: Population,people,2021,1414203896.0000,1402617695.0000,11586201.0000,0.83,0,0
6385,IN,India,,,SP.POP.TOTL,"Population, total",Health: Population,people,2024,1450935791.0000,1414203896.0000,36731895.0000,2.60,0,0
6384,IN,India,,,SP.POP.TOTL,"Population, total",Health: Population,people,2025,1463865525.0000,1450935791.0000,12929734.0000,0.89,0,0
547,IQ,Iraq,,,NY.GDP.PCAP.CD,GDP per capita (current US$),Economic Policy & Debt,current US$,2018,5646.6893,,,,0,0
546,IQ,Iraq,,,NY.GDP.PCAP.CD,GDP per capita (current US$),Economic Policy & Debt,current US$,2019,5671.8569,5646.6893,25.1676,0.45,0,0
545,IQ,Iraq,,,NY.GDP.PCAP.CD,GDP per capita (current US$),Economic Policy & Debt,current US$,2020,4295.1895,5671.8569,-1376.6674,-24.27,1,-0.138448
545,IQ,Iraq,,,NY.GDP.PCAP.CD,GDP per capita (current US$),Economic Policy & Debt,current US$,2020,4295.1895,5671.8569,-1376.6674,-24.27,1,-0.073470
544,IQ,Iraq,,,NY.GDP.PCAP.CD,GDP per capita (current US$),Economic Policy & Debt,current US$,2021,4868.4943,4295.1895,573.3048,13.35,0,0
5912,IQ,Iraq,,,NY.GDP.PCAP.CD,GDP per capita (current US$),Economic Policy & Debt,current US$,2024,6073.6103,4868.4943,1205.1160,24.75,0,0
5911,IQ,Iraq,,,NY.GDP.PCAP.CD,GDP per capita (current US$),Economic Policy & Debt,current US$,2025,5409.6790,6073.6103,-663.9313,-10.93,0,0
3676,IQ,Iraq,,,SH.H2O.BASW.ZS,People using at least basic drinking water services (% of population),Environment: Water and sanitation,% of population,2018,96.9024,,,,0,0
3675,IQ,Iraq,,,SH.H2O.BASW.ZS,People using at least basic drinking water services (% of population),Environment: Water and sanitation,% of population,2019,97.7788,96.9024,0.8764,0.90,0,0
3674,IQ,Iraq,,,SH.H2O.BASW.ZS,People using at least basic drinking water services (% of population),Environment: Water and sanitation,% of population,2020,98.3599,97.7788,0.5811,0.59,0,0
3673,IQ,Iraq,,,SH.H2O.BASW.ZS,People using at least basic drinking water services (% of population),Environment: Water and sanitation,% of population,2021,98.3712,98.3599,0.0113,0.01,0,0
6990,IQ,Iraq,,,SH.H2O.BASW.ZS,People using at least basic drinking water services (% of population),Environment: Water and sanitation,% of population,2024,98.4077,98.3712,0.0365,0.04,0,0
2646,IQ,Iraq,,,SP.DYN.LE00.IN,"Life expectancy at birth, total (years)",Health,years,2018,71.1160,,,,0,0
2645,IQ,Iraq,,,SP.DYN.LE00.IN,"Life expectancy at birth, total (years)",Health,years,2019,71.2450,71.1160,0.1290,0.18,0,0
2644,IQ,Iraq,,,SP.DYN.LE00.IN,"Life expectancy at birth, total (years)",Health,years,2020,69.6510,71.2450,-1.5940,-2.24,0,0
2643,IQ,Iraq,,,SP.DYN.LE00.IN,"Life expectancy at birth, total (years)",Health,years,2021,70.7040,69.6510,1.0530,1.51,0,0
6749,IQ,Iraq,,,SP.DYN.LE00.IN,"Life expectancy at birth, total (years)",Health,years,2024,72.4240,70.7040,1.7200,2.43,0,0
1590,IQ,Iraq,,,SP.POP.TOTL,"Population, total",Health: Population,people,2018,40265624.0000,,,,0,0
1589,IQ,Iraq,,,SP.POP.TOTL,"Population, total",Health: Population,people,2019,41192171.0000,40265624.0000,926547.0000,2.30,0,0
1588,IQ,Iraq,,,SP.POP.TOTL,"Population, total",Health: Population,people,2020,42116605.0000,41192171.0000,924434.0000,2.24,0,0
1587,IQ,Iraq,,,SP.POP.TOTL,"Population, total",Health: Population,people,2021,43071211.0000,42116605.0000,954606.0000,2.27,0,0
6391,IQ,Iraq,,,SP.POP.TOTL,"Population, total",Health: Population,people,2024,46042015.0000,43071211.0000,2970804.0000,6.90,0,0
6390,IQ,Iraq,,,SP.POP.TOTL,"Population, total",Health: Population,people,2025,47020774.0000,46042015.0000,978759.0000,2.13,0,0
543,IR,"Iran, Islamic Rep.",,,NY.GDP.PCAP.CD,GDP per capita (current US$),Economic Policy & Debt,current US$,2018,4783.0107,,,,0,0
542,IR,"Iran, Islamic Rep.",,,NY.GDP.PCAP.CD,GDP per capita (current US$),Economic Policy & Debt,current US$,2019,3997.4935,4783.0107,-785.5172,-16.42,1,-0.029057
541,IR,"Iran, Islamic Rep.",,,NY.GDP.PCAP.CD,GDP per capita (current US$),Economic Policy & Debt,current US$,2020,3202.5000,3997.4935,-794.9935,-19.89,1,-0.138934
541,IR,"Iran, Islamic Rep.",,,NY.GDP.PCAP.CD,GDP per capita (current US$),Economic Policy & Debt,current US$,2020,3202.5000,3997.4935,-794.9935,-19.89,1,-0.073957
540,IR,"Iran, Islamic Rep.",,,NY.GDP.PCAP.CD,GDP per capita (current US$),Economic Policy & Debt,current US$,2021,4605.1488,3202.5000,1402.6488,43.80,1,-0.095224
540,IR,"Iran, Islamic Rep.",,,NY.GDP.PCAP.CD,GDP per capita (current US$),Economic Policy & Debt,current US$,2021,4605.1488,3202.5000,1402.6488,43.80,1,-0.030247
5910,IR,"Iran, Islamic Rep.",,,NY.GDP.PCAP.CD,GDP per capita (current US$),Economic Policy & Debt,current US$,2024,5190.1696,4605.1488,585.0208,12.70,0,0
5909,IR,"Iran, Islamic Rep.",,,NY.GDP.PCAP.CD,GDP per capita (current US$),Economic Policy & Debt,current US$,2025,3924.3802,5190.1696,-1265.7894,-24.39,1,-0.048755
3672,IR,"Iran, Islamic Rep.",,,SH.H2O.BASW.ZS,People using at least basic drinking water services (% of population),Environment: Water and sanitation,% of population,2018,97.1490,,,,0,0
3671,IR,"Iran, Islamic Rep.",,,SH.H2O.BASW.ZS,People using at least basic drinking water services (% of population),Environment: Water and sanitation,% of population,2019,97.2742,97.1490,0.1252,0.13,0,0
3670,IR,"Iran, Islamic Rep.",,,SH.H2O.BASW.ZS,People using at least basic drinking water services (% of population),Environment: Water and sanitation,% of population,2020,97.3961,97.2742,0.1219,0.13,0,0
3669,IR,"Iran, Islamic Rep.",,,SH.H2O.BASW.ZS,People using at least basic drinking water services (% of population),Environment: Water and sanitation,% of population,2021,97.5146,97.3961,0.1185,0.12,0,0
6989,IR,"Iran, Islamic Rep.",,,SH.H2O.BASW.ZS,People using at least basic drinking water services (% of population),Environment: Water and sanitation,% of population,2024,97.8521,97.5146,0.3375,0.35,0,0
2642,IR,"Iran, Islamic Rep.",,,SP.DYN.LE00.IN,"Life expectancy at birth, total (years)",Health,years,2018,76.6210,,,,0,0
2641,IR,"Iran, Islamic Rep.",,,SP.DYN.LE00.IN,"Life expectancy at birth, total (years)",Health,years,2019,76.8550,76.6210,0.2340,0.31,0,0
2640,IR,"Iran, Islamic Rep.",,,SP.DYN.LE00.IN,"Life expectancy at birth, total (years)",Health,years,2020,74.1410,76.8550,-2.7140,-3.53,0,0
2639,IR,"Iran, Islamic Rep.",,,SP.DYN.LE00.IN,"Life expectancy at birth, total (years)",Health,years,2021,73.7520,74.1410,-0.3890,-0.52,0,0
6748,IR,"Iran, Islamic Rep.",,,SP.DYN.LE00.IN,"Life expectancy at birth, total (years)",Health,years,2024,77.8540,73.7520,4.1020,5.56,0,0
1586,IR,"Iran, Islamic Rep.",,,SP.POP.TOTL,"Population, total",Health: Population,people,2018,86117998.0000,,,,0,0
1585,IR,"Iran, Islamic Rep.",,,SP.POP.TOTL,"Population, total",Health: Population,people,2019,87051648.0000,86117998.0000,933650.0000,1.08,0,0
1584,IR,"Iran, Islamic Rep.",,,SP.POP.TOTL,"Population, total",Health: Population,people,2020,87723443.0000,87051648.0000,671795.0000,0.77,0,0
1583,IR,"Iran, Islamic Rep.",,,SP.POP.TOTL,"Population, total",Health: Population,people,2021,88455488.0000,87723443.0000,732045.0000,0.83,0,0
6389,IR,"Iran, Islamic Rep.",,,SP.POP.TOTL,"Population, total",Health: Population,people,2024,91567738.0000,88455488.0000,3112250.0000,3.52,0,0
6388,IR,"Iran, Islamic Rep.",,,SP.POP.TOTL,"Population, total",Health: Population,people,2025,92417681.0000,91567738.0000,849943.0000,0.93,0,0
531,IS,Iceland,,,NY.GDP.PCAP.CD,GDP per capita (current US$),Economic Policy & Debt,current US$,2018,75633.8651,,,,0,0
530,IS,Iceland,,,NY.GDP.PCAP.CD,GDP per capita (current US$),Economic Policy & Debt,current US$,2019,69296.3144,75633.8651,-6337.5507,-8.38,1,-0.039859
529,IS,Iceland,,,NY.GDP.PCAP.CD,GDP per capita (current US$),Economic Policy & Debt,current US$,2020,60127.9394,69296.3144,-9168.3750,-13.23,1,-0.127673
529,IS,Iceland,,,NY.GDP.PCAP.CD,GDP per capita (current US$),Economic Policy & Debt,current US$,2020,60127.9394,69296.3144,-9168.3750,-13.23,1,-0.062696
528,IS,Iceland,,,NY.GDP.PCAP.CD,GDP per capita (current US$),Economic Policy & Debt,current US$,2021,70425.4064,60127.9394,10297.4670,17.13,1,-0.067808
528,IS,Iceland,,,NY.GDP.PCAP.CD,GDP per capita (current US$),Economic Policy & Debt,current US$,2021,70425.4064,60127.9394,10297.4670,17.13,1,-0.002831
5904,IS,Iceland,,,NY.GDP.PCAP.CD,GDP per capita (current US$),Economic Policy & Debt,current US$,2024,85863.1479,70425.4064,15437.7415,21.92,0,0
5903,IS,Iceland,,,NY.GDP.PCAP.CD,GDP per capita (current US$),Economic Policy & Debt,current US$,2025,98323.4850,85863.1479,12460.3371,14.51,1,-0.181474
5903,IS,Iceland,,,NY.GDP.PCAP.CD,GDP per capita (current US$),Economic Policy & Debt,current US$,2025,98323.4850,85863.1479,12460.3371,14.51,1,-0.116497
3660,IS,Iceland,,,SH.H2O.BASW.ZS,People using at least basic drinking water services (% of population),Environment: Water and sanitation,% of population,2018,100.0000,,,,0,0
3659,IS,Iceland,,,SH.H2O.BASW.ZS,People using at least basic drinking water services (% of population),Environment: Water and sanitation,% of population,2019,100.0000,100.0000,0.0000,0.00,0,0
3658,IS,Iceland,,,SH.H2O.BASW.ZS,People using at least basic drinking water services (% of population),Environment: Water and sanitation,% of population,2020,100.0000,100.0000,0.0000,0.00,0,0
3657,IS,Iceland,,,SH.H2O.BASW.ZS,People using at least basic drinking water services (% of population),Environment: Water and sanitation,% of population,2021,100.0000,100.0000,0.0000,0.00,0,0
6986,IS,Iceland,,,SH.H2O.BASW.ZS,People using at least basic drinking water services (% of population),Environment: Water and sanitation,% of population,2024,100.0000,100.0000,0.0000,0.00,0,0
2630,IS,Iceland,,,SP.DYN.LE00.IN,"Life expectancy at birth, total (years)",Health,years,2018,82.8610,,,,0,0
2629,IS,Iceland,,,SP.DYN.LE00.IN,"Life expectancy at birth, total (years)",Health,years,2019,83.1634,82.8610,0.3024,0.36,0,0
2628,IS,Iceland,,,SP.DYN.LE00.IN,"Life expectancy at birth, total (years)",Health,years,2020,83.0634,83.1634,-0.1000,-0.12,0,0
2627,IS,Iceland,,,SP.DYN.LE00.IN,"Life expectancy at birth, total (years)",Health,years,2021,83.1659,83.0634,0.1025,0.12,0,0
6745,IS,Iceland,,,SP.DYN.LE00.IN,"Life expectancy at birth, total (years)",Health,years,2024,82.8098,83.1659,-0.3561,-0.43,0,0
1574,IS,Iceland,,,SP.POP.TOTL,"Population, total",Health: Population,people,2018,352721.0000,,,,0,0
1573,IS,Iceland,,,SP.POP.TOTL,"Population, total",Health: Population,people,2019,360563.0000,352721.0000,7842.0000,2.22,0,0
1572,IS,Iceland,,,SP.POP.TOTL,"Population, total",Health: Population,people,2020,366463.0000,360563.0000,5900.0000,1.64,0,0
1571,IS,Iceland,,,SP.POP.TOTL,"Population, total",Health: Population,people,2021,372520.0000,366463.0000,6057.0000,1.65,0,0
6383,IS,Iceland,,,SP.POP.TOTL,"Population, total",Health: Population,people,2024,386506.0000,372520.0000,13986.0000,3.75,0,0
6382,IS,Iceland,,,SP.POP.TOTL,"Population, total",Health: Population,people,2025,392404.0000,386506.0000,5898.0000,1.53,0,0
563,IT,Italy,,,NY.GDP.PCAP.CD,GDP per capita (current US$),Economic Policy & Debt,current US$,2018,35062.3364,,,,0,0
562,IT,Italy,,,NY.GDP.PCAP.CD,GDP per capita (current US$),Economic Policy & Debt,current US$,2019,33812.7887,35062.3364,-1249.5477,-3.56,0,0
561,IT,Italy,,,NY.GDP.PCAP.CD,GDP per capita (current US$),Economic Policy & Debt,current US$,2020,32091.4867,33812.7887,-1721.3020,-5.09,0,0
560,IT,Italy,,,NY.GDP.PCAP.CD,GDP per capita (current US$),Economic Policy & Debt,current US$,2021,36852.5425,32091.4867,4761.0558,14.84,1,-0.004437
5918,IT,Italy,,,NY.GDP.PCAP.CD,GDP per capita (current US$),Economic Policy & Debt,current US$,2024,40429.6224,36852.5425,3577.0799,9.71,0,0
5917,IT,Italy,,,NY.GDP.PCAP.CD,GDP per capita (current US$),Economic Policy & Debt,current US$,2025,43308.6403,40429.6224,2879.0179,7.12,1,-0.062854
3692,IT,Italy,,,SH.H2O.BASW.ZS,People using at least basic drinking water services (% of population),Environment: Water and sanitation,% of population,2018,99.9170,,,,0,0
3691,IT,Italy,,,SH.H2O.BASW.ZS,People using at least basic drinking water services (% of population),Environment: Water and sanitation,% of population,2019,99.9170,99.9170,0.0000,0.00,0,0
3690,IT,Italy,,,SH.H2O.BASW.ZS,People using at least basic drinking water services (% of population),Environment: Water and sanitation,% of population,2020,99.9170,99.9170,0.0000,0.00,0,0
3689,IT,Italy,,,SH.H2O.BASW.ZS,People using at least basic drinking water services (% of population),Environment: Water and sanitation,% of population,2021,99.9170,99.9170,0.0000,0.00,0,0
6994,IT,Italy,,,SH.H2O.BASW.ZS,People using at least basic drinking water services (% of population),Environment: Water and sanitation,% of population,2024,99.9170,99.9170,0.0000,0.00,0,0
2662,IT,Italy,,,SP.DYN.LE00.IN,"Life expectancy at birth, total (years)",Health,years,2018,83.3463,,,,0,0
2661,IT,Italy,,,SP.DYN.LE00.IN,"Life expectancy at birth, total (years)",Health,years,2019,83.4976,83.3463,0.1513,0.18,0,0
2660,IT,Italy,,,SP.DYN.LE00.IN,"Life expectancy at birth, total (years)",Health,years,2020,82.1951,83.4976,-1.3025,-1.56,0,0
2659,IT,Italy,,,SP.DYN.LE00.IN,"Life expectancy at birth, total (years)",Health,years,2021,82.6463,82.1951,0.4512,0.55,0,0
6753,IT,Italy,,,SP.DYN.LE00.IN,"Life expectancy at birth, total (years)",Health,years,2024,83.9512,82.6463,1.3049,1.58,0,0
1606,IT,Italy,,,SP.POP.TOTL,"Population, total",Health: Population,people,2018,59877221.0000,,,,0,0
1605,IT,Italy,,,SP.POP.TOTL,"Population, total",Health: Population,people,2019,59729081.0000,59877221.0000,-148140.0000,-0.25,0,0
1604,IT,Italy,,,SP.POP.TOTL,"Population, total",Health: Population,people,2020,59438851.0000,59729081.0000,-290230.0000,-0.49,0,0
1603,IT,Italy,,,SP.POP.TOTL,"Population, total",Health: Population,people,2021,59133173.0000,59438851.0000,-305678.0000,-0.51,0,0
6399,IT,Italy,,,SP.POP.TOTL,"Population, total",Health: Population,people,2024,58952704.0000,59133173.0000,-180469.0000,-0.31,0,0
6398,IT,Italy,,,SP.POP.TOTL,"Population, total",Health: Population,people,2025,58915656.0000,58952704.0000,-37048.0000,-0.06,0,0
344,JG,Channel Islands,,,NY.GDP.PCAP.CD,GDP per capita (current US$),Economic Policy & Debt,current US$,2018,60784.8125,,,,0,0
343,JG,Channel Islands,,,NY.GDP.PCAP.CD,GDP per capita (current US$),Economic Policy & Debt,current US$,2019,60564.6294,60784.8125,-220.1831,-0.36,0,0
342,JG,Channel Islands,,,NY.GDP.PCAP.CD,GDP per capita (current US$),Economic Policy & Debt,current US$,2020,56785.9402,60564.6294,-3778.6892,-6.24,1,-0.007971
341,JG,Channel Islands,,,NY.GDP.PCAP.CD,GDP per capita (current US$),Economic Policy & Debt,current US$,2021,66915.3964,56785.9402,10129.4562,17.84,1,-0.101613
341,JG,Channel Islands,,,NY.GDP.PCAP.CD,GDP per capita (current US$),Economic Policy & Debt,current US$,2021,66915.3964,56785.9402,10129.4562,17.84,1,-0.036636
2434,JG,Channel Islands,,,SP.DYN.LE00.IN,"Life expectancy at birth, total (years)",Health,years,2018,81.1000,,,,0,0
2433,JG,Channel Islands,,,SP.DYN.LE00.IN,"Life expectancy at birth, total (years)",Health,years,2019,81.2000,81.1000,0.1000,0.12,0,0
2432,JG,Channel Islands,,,SP.DYN.LE00.IN,"Life expectancy at birth, total (years)",Health,years,2020,80.9000,81.2000,-0.3000,-0.37,0,0
2431,JG,Channel Islands,,,SP.DYN.LE00.IN,"Life expectancy at birth, total (years)",Health,years,2021,80.3000,80.9000,-0.6000,-0.74,0,0
6696,JG,Channel Islands,,,SP.DYN.LE00.IN,"Life expectancy at birth, total (years)",Health,years,2024,81.2000,80.3000,0.9000,1.12,0,0
1378,JG,Channel Islands,,,SP.POP.TOTL,"Population, total",Health: Population,people,2018,164949.0000,,,,0,0
1377,JG,Channel Islands,,,SP.POP.TOTL,"Population, total",Health: Population,people,2019,165639.0000,164949.0000,690.0000,0.42,0,0
1376,JG,Channel Islands,,,SP.POP.TOTL,"Population, total",Health: Population,people,2020,166235.0000,165639.0000,596.0000,0.36,0,0
1375,JG,Channel Islands,,,SP.POP.TOTL,"Population, total",Health: Population,people,2021,166741.0000,166235.0000,506.0000,0.30,0,0
6285,JG,Channel Islands,,,SP.POP.TOTL,"Population, total",Health: Population,people,2024,168126.0000,166741.0000,1385.0000,0.83,0,0
6284,JG,Channel Islands,,,SP.POP.TOTL,"Population, total",Health: Population,people,2025,168466.0000,168126.0000,340.0000,0.20,0,0
567,JM,Jamaica,,,NY.GDP.PCAP.CD,GDP per capita (current US$),Economic Policy & Debt,current US$,2018,5976.9036,,,,0,0
566,JM,Jamaica,,,NY.GDP.PCAP.CD,GDP per capita (current US$),Economic Policy & Debt,current US$,2019,6030.6890,5976.9036,53.7854,0.90,0,0
565,JM,Jamaica,,,NY.GDP.PCAP.CD,GDP per capita (current US$),Economic Policy & Debt,current US$,2020,5299.0453,6030.6890,-731.6437,-12.13,1,-0.039301
564,JM,Jamaica,,,NY.GDP.PCAP.CD,GDP per capita (current US$),Economic Policy & Debt,current US$,2021,5625.6781,5299.0453,326.6328,6.16,0,0
5920,JM,Jamaica,,,NY.GDP.PCAP.CD,GDP per capita (current US$),Economic Policy & Debt,current US$,2024,7753.8120,5625.6781,2128.1339,37.83,0,0
5919,JM,Jamaica,,,NY.GDP.PCAP.CD,GDP per capita (current US$),Economic Policy & Debt,current US$,2025,8002.9210,7753.8120,249.1090,3.21,1,-0.000370
3696,JM,Jamaica,,,SH.H2O.BASW.ZS,People using at least basic drinking water services (% of population),Environment: Water and sanitation,% of population,2018,89.5557,,,,0,0
3695,JM,Jamaica,,,SH.H2O.BASW.ZS,People using at least basic drinking water services (% of population),Environment: Water and sanitation,% of population,2019,89.2277,89.5557,-0.3280,-0.37,0,0
3694,JM,Jamaica,,,SH.H2O.BASW.ZS,People using at least basic drinking water services (% of population),Environment: Water and sanitation,% of population,2020,88.8977,89.2277,-0.3300,-0.37,0,0
3693,JM,Jamaica,,,SH.H2O.BASW.ZS,People using at least basic drinking water services (% of population),Environment: Water and sanitation,% of population,2021,88.5657,88.8977,-0.3320,-0.37,0,0
6995,JM,Jamaica,,,SH.H2O.BASW.ZS,People using at least basic drinking water services (% of population),Environment: Water and sanitation,% of population,2024,87.5563,88.5657,-1.0094,-1.14,0,0
2666,JM,Jamaica,,,SP.DYN.LE00.IN,"Life expectancy at birth, total (years)",Health,years,2018,71.6060,,,,0,0
2665,JM,Jamaica,,,SP.DYN.LE00.IN,"Life expectancy at birth, total (years)",Health,years,2019,71.5320,71.6060,-0.0740,-0.10,0,0
2664,JM,Jamaica,,,SP.DYN.LE00.IN,"Life expectancy at birth, total (years)",Health,years,2020,71.4520,71.5320,-0.0800,-0.11,0,0
2663,JM,Jamaica,,,SP.DYN.LE00.IN,"Life expectancy at birth, total (years)",Health,years,2021,69.0850,71.4520,-2.3670,-3.31,0,0
6754,JM,Jamaica,,,SP.DYN.LE00.IN,"Life expectancy at birth, total (years)",Health,years,2024,71.6060,69.0850,2.5210,3.65,0,0
1610,JM,Jamaica,,,SP.POP.TOTL,"Population, total",Health: Population,people,2018,2820097.0000,,,,0,0
1609,JM,Jamaica,,,SP.POP.TOTL,"Population, total",Health: Population,people,2019,2823271.0000,2820097.0000,3174.0000,0.11,0,0
1608,JM,Jamaica,,,SP.POP.TOTL,"Population, total",Health: Population,people,2020,2830739.0000,2823271.0000,7468.0000,0.26,0,0
1607,JM,Jamaica,,,SP.POP.TOTL,"Population, total",Health: Population,people,2021,2837682.0000,2830739.0000,6943.0000,0.25,0,0
6401,JM,Jamaica,,,SP.POP.TOTL,"Population, total",Health: Population,people,2024,2839175.0000,2837682.0000,1493.0000,0.05,0,0
6400,JM,Jamaica,,,SP.POP.TOTL,"Population, total",Health: Population,people,2025,2837077.0000,2839175.0000,-2098.0000,-0.07,0,0
575,JO,Jordan,,,NY.GDP.PCAP.CD,GDP per capita (current US$),Economic Policy & Debt,current US$,2018,4533.9766,,,,0,0
574,JO,Jordan,,,NY.GDP.PCAP.CD,GDP per capita (current US$),Economic Policy & Debt,current US$,2019,4557.7933,4533.9766,23.8167,0.53,0,0
573,JO,Jordan,,,NY.GDP.PCAP.CD,GDP per capita (current US$),Economic Policy & Debt,current US$,2020,4411.4832,4557.7933,-146.3101,-3.21,0,0
572,JO,Jordan,,,NY.GDP.PCAP.CD,GDP per capita (current US$),Economic Policy & Debt,current US$,2021,4581.7197,4411.4832,170.2365,3.86,0,0
5924,JO,Jordan,,,NY.GDP.PCAP.CD,GDP per capita (current US$),Economic Policy & Debt,current US$,2024,5073.9210,4581.7197,492.2013,10.74,0,0
5923,JO,Jordan,,,NY.GDP.PCAP.CD,GDP per capita (current US$),Economic Policy & Debt,current US$,2025,5347.7773,5073.9210,273.8563,5.40,1,-0.002166
3704,JO,Jordan,,,SH.H2O.BASW.ZS,People using at least basic drinking water services (% of population),Environment: Water and sanitation,% of population,2018,99.1124,,,,0,0
3703,JO,Jordan,,,SH.H2O.BASW.ZS,People using at least basic drinking water services (% of population),Environment: Water and sanitation,% of population,2019,99.1420,99.1124,0.0296,0.03,0,0
3702,JO,Jordan,,,SH.H2O.BASW.ZS,People using at least basic drinking water services (% of population),Environment: Water and sanitation,% of population,2020,99.1713,99.1420,0.0293,0.03,0,0
3701,JO,Jordan,,,SH.H2O.BASW.ZS,People using at least basic drinking water services (% of population),Environment: Water and sanitation,% of population,2021,99.2003,99.1713,0.0290,0.03,0,0
6997,JO,Jordan,,,SH.H2O.BASW.ZS,People using at least basic drinking water services (% of population),Environment: Water and sanitation,% of population,2024,99.2861,99.2003,0.0858,0.09,0,0
2674,JO,Jordan,,,SP.DYN.LE00.IN,"Life expectancy at birth, total (years)",Health,years,2018,76.4910,,,,0,0
2673,JO,Jordan,,,SP.DYN.LE00.IN,"Life expectancy at birth, total (years)",Health,years,2019,76.8650,76.4910,0.3740,0.49,0,0
2672,JO,Jordan,,,SP.DYN.LE00.IN,"Life expectancy at birth, total (years)",Health,years,2020,75.5830,76.8650,-1.2820,-1.67,0,0
2671,JO,Jordan,,,SP.DYN.LE00.IN,"Life expectancy at birth, total (years)",Health,years,2021,74.2040,75.5830,-1.3790,-1.82,0,0
6756,JO,Jordan,,,SP.DYN.LE00.IN,"Life expectancy at birth, total (years)",Health,years,2024,77.9810,74.2040,3.7770,5.09,0,0
1618,JO,Jordan,,,SP.POP.TOTL,"Population, total",Health: Population,people,2018,10462306.0000,,,,0,0
1617,JO,Jordan,,,SP.POP.TOTL,"Population, total",Health: Population,people,2019,10671891.0000,10462306.0000,209585.0000,2.00,0,0
1616,JO,Jordan,,,SP.POP.TOTL,"Population, total",Health: Population,people,2020,10865228.0000,10671891.0000,193337.0000,1.81,0,0
1615,JO,Jordan,,,SP.POP.TOTL,"Population, total",Health: Population,people,2021,11066356.0000,10865228.0000,201128.0000,1.85,0,0
6405,JO,Jordan,,,SP.POP.TOTL,"Population, total",Health: Population,people,2024,11552876.0000,11066356.0000,486520.0000,4.40,0,0
6404,JO,Jordan,,,SP.POP.TOTL,"Population, total",Health: Population,people,2025,11520684.0000,11552876.0000,-32192.0000,-0.28,0,0
571,JP,Japan,,,NY.GDP.PCAP.CD,GDP per capita (current US$),Economic Policy & Debt,current US$,2018,40645.4781,,,,0,0
570,JP,Japan,,,NY.GDP.PCAP.CD,GDP per capita (current US$),Economic Policy & Debt,current US$,2019,41424.8656,40645.4781,779.3875,1.92,0,0
569,JP,Japan,,,NY.GDP.PCAP.CD,GDP per capita (current US$),Economic Policy & Debt,current US$,2020,41098.9739,41424.8656,-325.8917,-0.79,0,0
568,JP,Japan,,,NY.GDP.PCAP.CD,GDP per capita (current US$),Economic Policy & Debt,current US$,2021,41580.7390,41098.9739,481.7651,1.17,0,0
5922,JP,Japan,,,NY.GDP.PCAP.CD,GDP per capita (current US$),Economic Policy & Debt,current US$,2024,33797.1014,41580.7390,-7783.6376,-18.72,0,0
5921,JP,Japan,,,NY.GDP.PCAP.CD,GDP per capita (current US$),Economic Policy & Debt,current US$,2025,35951.0450,33797.1014,2153.9436,6.37,0,0
3700,JP,Japan,,,SH.H2O.BASW.ZS,People using at least basic drinking water services (% of population),Environment: Water and sanitation,% of population,2018,99.0085,,,,0,0
3699,JP,Japan,,,SH.H2O.BASW.ZS,People using at least basic drinking water services (% of population),Environment: Water and sanitation,% of population,2019,99.0435,99.0085,0.0350,0.04,0,0
3698,JP,Japan,,,SH.H2O.BASW.ZS,People using at least basic drinking water services (% of population),Environment: Water and sanitation,% of population,2020,99.0784,99.0435,0.0349,0.04,0,0
3697,JP,Japan,,,SH.H2O.BASW.ZS,People using at least basic drinking water services (% of population),Environment: Water and sanitation,% of population,2021,99.1133,99.0784,0.0349,0.04,0,0
6996,JP,Japan,,,SH.H2O.BASW.ZS,People using at least basic drinking water services (% of population),Environment: Water and sanitation,% of population,2024,99.1832,99.1133,0.0699,0.07,0,0
2670,JP,Japan,,,SP.DYN.LE00.IN,"Life expectancy at birth, total (years)",Health,years,2018,84.2110,,,,0,0
2669,JP,Japan,,,SP.DYN.LE00.IN,"Life expectancy at birth, total (years)",Health,years,2019,84.3563,84.2110,0.1453,0.17,0,0
2668,JP,Japan,,,SP.DYN.LE00.IN,"Life expectancy at birth, total (years)",Health,years,2020,84.5600,84.3563,0.2037,0.24,0,0
2667,JP,Japan,,,SP.DYN.LE00.IN,"Life expectancy at birth, total (years)",Health,years,2021,84.4456,84.5600,-0.1144,-0.14,0,0
6755,JP,Japan,,,SP.DYN.LE00.IN,"Life expectancy at birth, total (years)",Health,years,2024,84.0363,84.4456,-0.4093,-0.48,0,0
1614,JP,Japan,,,SP.POP.TOTL,"Population, total",Health: Population,people,2018,126811000.0000,,,,0,0
1613,JP,Japan,,,SP.POP.TOTL,"Population, total",Health: Population,people,2019,126633000.0000,126811000.0000,-178000.0000,-0.14,0,0
1612,JP,Japan,,,SP.POP.TOTL,"Population, total",Health: Population,people,2020,126261000.0000,126633000.0000,-372000.0000,-0.29,0,0
1611,JP,Japan,,,SP.POP.TOTL,"Population, total",Health: Population,people,2021,125681593.0000,126261000.0000,-579407.0000,-0.46,0,0
6403,JP,Japan,,,SP.POP.TOTL,"Population, total",Health: Population,people,2024,123975371.0000,125681593.0000,-1706222.0000,-1.36,0,0
6402,JP,Japan,,,SP.POP.TOTL,"Population, total",Health: Population,people,2025,123366734.0000,123975371.0000,-608637.0000,-0.49,0,0
583,KE,Kenya,,,NY.GDP.PCAP.CD,GDP per capita (current US$),Economic Policy & Debt,current US$,2018,1836.4528,,,,0,0
582,KE,Kenya,,,NY.GDP.PCAP.CD,GDP per capita (current US$),Economic Policy & Debt,current US$,2019,1960.4081,1836.4528,123.9553,6.75,0,0
581,KE,Kenya,,,NY.GDP.PCAP.CD,GDP per capita (current US$),Economic Policy & Debt,current US$,2020,1927.6646,1960.4081,-32.7435,-1.67,0,0
580,KE,Kenya,,,NY.GDP.PCAP.CD,GDP per capita (current US$),Economic Policy & Debt,current US$,2021,2061.3562,1927.6646,133.6916,6.94,0,0
5928,KE,Kenya,,,NY.GDP.PCAP.CD,GDP per capita (current US$),Economic Policy & Debt,current US$,2024,2133.4619,2061.3562,72.1057,3.50,0,0
5927,KE,Kenya,,,NY.GDP.PCAP.CD,GDP per capita (current US$),Economic Policy & Debt,current US$,2025,2362.8609,2133.4619,229.3990,10.75,1,-0.071433
5927,KE,Kenya,,,NY.GDP.PCAP.CD,GDP per capita (current US$),Economic Policy & Debt,current US$,2025,2362.8609,2133.4619,229.3990,10.75,1,-0.006456
3712,KE,Kenya,,,SH.H2O.BASW.ZS,People using at least basic drinking water services (% of population),Environment: Water and sanitation,% of population,2018,60.6609,,,,0,0
3711,KE,Kenya,,,SH.H2O.BASW.ZS,People using at least basic drinking water services (% of population),Environment: Water and sanitation,% of population,2019,61.4908,60.6609,0.8299,1.37,0,0
3710,KE,Kenya,,,SH.H2O.BASW.ZS,People using at least basic drinking water services (% of population),Environment: Water and sanitation,% of population,2020,62.3182,61.4908,0.8274,1.35,0,0
3709,KE,Kenya,,,SH.H2O.BASW.ZS,People using at least basic drinking water services (% of population),Environment: Water and sanitation,% of population,2021,63.1427,62.3182,0.8245,1.32,0,0
6999,KE,Kenya,,,SH.H2O.BASW.ZS,People using at least basic drinking water services (% of population),Environment: Water and sanitation,% of population,2024,65.5966,63.1427,2.4539,3.89,0,0
2682,KE,Kenya,,,SP.DYN.LE00.IN,"Life expectancy at birth, total (years)",Health,years,2018,62.8250,,,,0,0
2681,KE,Kenya,,,SP.DYN.LE00.IN,"Life expectancy at birth, total (years)",Health,years,2019,62.9390,62.8250,0.1140,0.18,0,0
2680,KE,Kenya,,,SP.DYN.LE00.IN,"Life expectancy at birth, total (years)",Health,years,2020,61.5960,62.9390,-1.3430,-2.13,0,0
2679,KE,Kenya,,,SP.DYN.LE00.IN,"Life expectancy at birth, total (years)",Health,years,2021,61.2250,61.5960,-0.3710,-0.60,0,0
6758,KE,Kenya,,,SP.DYN.LE00.IN,"Life expectancy at birth, total (years)",Health,years,2024,63.8340,61.2250,2.6090,4.26,0,0
1626,KE,Kenya,,,SP.POP.TOTL,"Population, total",Health: Population,people,2018,50207107.0000,,,,0,0
1625,KE,Kenya,,,SP.POP.TOTL,"Population, total",Health: Population,people,2019,51202827.0000,50207107.0000,995720.0000,1.98,0,0
1624,KE,Kenya,,,SP.POP.TOTL,"Population, total",Health: Population,people,2020,52217334.0000,51202827.0000,1014507.0000,1.98,0,0
1623,KE,Kenya,,,SP.POP.TOTL,"Population, total",Health: Population,people,2021,53219166.0000,52217334.0000,1001832.0000,1.92,0,0
6409,KE,Kenya,,,SP.POP.TOTL,"Population, total",Health: Population,people,2024,56432944.0000,53219166.0000,3213778.0000,6.04,0,0
6408,KE,Kenya,,,SP.POP.TOTL,"Population, total",Health: Population,people,2025,57532493.0000,56432944.0000,1099549.0000,1.95,0,0
603,KG,Kyrgyz Republic,,,NY.GDP.PCAP.CD,GDP per capita (current US$),Economic Policy & Debt,current US$,2018,1283.5203,,,,1,-0.018110
602,KG,Kyrgyz Republic,,,NY.GDP.PCAP.CD,GDP per capita (current US$),Economic Policy & Debt,current US$,2019,1421.9993,1283.5203,138.4790,10.79,1,-0.035888
601,KG,Kyrgyz Republic,,,NY.GDP.PCAP.CD,GDP per capita (current US$),Economic Policy & Debt,current US$,2020,1229.5177,1421.9993,-192.4816,-13.54,1,-0.092260
601,KG,Kyrgyz Republic,,,NY.GDP.PCAP.CD,GDP per capita (current US$),Economic Policy & Debt,current US$,2020,1229.5177,1421.9993,-192.4816,-13.54,1,-0.027283
600,KG,Kyrgyz Republic,,,NY.GDP.PCAP.CD,GDP per capita (current US$),Economic Policy & Debt,current US$,2021,1349.9973,1229.5177,120.4796,9.80,1,-0.039660
5938,KG,Kyrgyz Republic,,,NY.GDP.PCAP.CD,GDP per capita (current US$),Economic Policy & Debt,current US$,2024,2514.8107,1349.9973,1164.8134,86.28,1,-0.042498
5937,KG,Kyrgyz Republic,,,NY.GDP.PCAP.CD,GDP per capita (current US$),Economic Policy & Debt,current US$,2025,3080.9689,2514.8107,566.1582,22.51,1,-0.187974
5937,KG,Kyrgyz Republic,,,NY.GDP.PCAP.CD,GDP per capita (current US$),Economic Policy & Debt,current US$,2025,3080.9689,2514.8107,566.1582,22.51,1,-0.122997
3732,KG,Kyrgyz Republic,,,SH.H2O.BASW.ZS,People using at least basic drinking water services (% of population),Environment: Water and sanitation,% of population,2018,91.4271,,,,0,0
3731,KG,Kyrgyz Republic,,,SH.H2O.BASW.ZS,People using at least basic drinking water services (% of population),Environment: Water and sanitation,% of population,2019,92.0439,91.4271,0.6168,0.67,0,0
3730,KG,Kyrgyz Republic,,,SH.H2O.BASW.ZS,People using at least basic drinking water services (% of population),Environment: Water and sanitation,% of population,2020,92.5873,92.0439,0.5434,0.59,0,0
3729,KG,Kyrgyz Republic,,,SH.H2O.BASW.ZS,People using at least basic drinking water services (% of population),Environment: Water and sanitation,% of population,2021,93.2503,92.5873,0.6630,0.72,0,0
7003,KG,Kyrgyz Republic,,,SH.H2O.BASW.ZS,People using at least basic drinking water services (% of population),Environment: Water and sanitation,% of population,2024,94.9431,93.2503,1.6928,1.82,0,0
2706,KG,Kyrgyz Republic,,,SP.DYN.LE00.IN,"Life expectancy at birth, total (years)",Health,years,2018,71.4000,,,,0,0
2705,KG,Kyrgyz Republic,,,SP.DYN.LE00.IN,"Life expectancy at birth, total (years)",Health,years,2019,71.6000,71.4000,0.2000,0.28,0,0
2704,KG,Kyrgyz Republic,,,SP.DYN.LE00.IN,"Life expectancy at birth, total (years)",Health,years,2020,71.8000,71.6000,0.2000,0.28,0,0
2703,KG,Kyrgyz Republic,,,SP.DYN.LE00.IN,"Life expectancy at birth, total (years)",Health,years,2021,71.9000,71.8000,0.1000,0.14,0,0
6764,KG,Kyrgyz Republic,,,SP.DYN.LE00.IN,"Life expectancy at birth, total (years)",Health,years,2024,72.4000,71.9000,0.5000,0.70,0,0
1650,KG,Kyrgyz Republic,,,SP.POP.TOTL,"Population, total",Health: Population,people,2018,6444079.0000,,,,0,0
1649,KG,Kyrgyz Republic,,,SP.POP.TOTL,"Population, total",Health: Population,people,2019,6590211.0000,6444079.0000,146132.0000,2.27,0,0
1648,KG,Kyrgyz Republic,,,SP.POP.TOTL,"Population, total",Health: Population,people,2020,6726596.0000,6590211.0000,136385.0000,2.07,0,0
1647,KG,Kyrgyz Republic,,,SP.POP.TOTL,"Population, total",Health: Population,people,2021,6851224.0000,6726596.0000,124628.0000,1.85,0,0
6421,KG,Kyrgyz Republic,,,SP.POP.TOTL,"Population, total",Health: Population,people,2024,7221868.0000,6851224.0000,370644.0000,5.41,0,0
6420,KG,Kyrgyz Republic,,,SP.POP.TOTL,"Population, total",Health: Population,people,2025,7343064.0000,7221868.0000,121196.0000,1.68,0,0
320,KH,Cambodia,,,NY.GDP.PCAP.CD,GDP per capita (current US$),Economic Policy & Debt,current US$,2018,2036.6738,,,,0,0
319,KH,Cambodia,,,NY.GDP.PCAP.CD,GDP per capita (current US$),Economic Policy & Debt,current US$,2019,2225.8771,2036.6738,189.2033,9.29,0,0
318,KH,Cambodia,,,NY.GDP.PCAP.CD,GDP per capita (current US$),Economic Policy & Debt,current US$,2020,2081.7391,2225.8771,-144.1380,-6.48,0,0
317,KH,Cambodia,,,NY.GDP.PCAP.CD,GDP per capita (current US$),Economic Policy & Debt,current US$,2021,2167.4032,2081.7391,85.6641,4.12,0,0
5810,KH,Cambodia,,,NY.GDP.PCAP.CD,GDP per capita (current US$),Economic Policy & Debt,current US$,2024,2627.8797,2167.4032,460.4765,21.25,0,0
5809,KH,Cambodia,,,NY.GDP.PCAP.CD,GDP per capita (current US$),Economic Policy & Debt,current US$,2025,2872.4293,2627.8797,244.5496,9.31,1,-0.062194
3456,KH,Cambodia,,,SH.H2O.BASW.ZS,People using at least basic drinking water services (% of population),Environment: Water and sanitation,% of population,2018,76.3584,,,,0,0
3455,KH,Cambodia,,,SH.H2O.BASW.ZS,People using at least basic drinking water services (% of population),Environment: Water and sanitation,% of population,2019,77.5132,76.3584,1.1548,1.51,0,0
3454,KH,Cambodia,,,SH.H2O.BASW.ZS,People using at least basic drinking water services (% of population),Environment: Water and sanitation,% of population,2020,78.6485,77.5132,1.1353,1.46,0,0
3453,KH,Cambodia,,,SH.H2O.BASW.ZS,People using at least basic drinking water services (% of population),Environment: Water and sanitation,% of population,2021,79.7640,78.6485,1.1155,1.42,0,0
6936,KH,Cambodia,,,SH.H2O.BASW.ZS,People using at least basic drinking water services (% of population),Environment: Water and sanitation,% of population,2024,82.8498,79.7640,3.0858,3.87,0,0
2410,KH,Cambodia,,,SP.DYN.LE00.IN,"Life expectancy at birth, total (years)",Health,years,2018,69.9930,,,,0,0
2409,KH,Cambodia,,,SP.DYN.LE00.IN,"Life expectancy at birth, total (years)",Health,years,2019,70.1270,69.9930,0.1340,0.19,0,0
2408,KH,Cambodia,,,SP.DYN.LE00.IN,"Life expectancy at birth, total (years)",Health,years,2020,70.0590,70.1270,-0.0680,-0.10,0,0
2407,KH,Cambodia,,,SP.DYN.LE00.IN,"Life expectancy at birth, total (years)",Health,years,2021,69.3010,70.0590,-0.7580,-1.08,0,0
6690,KH,Cambodia,,,SP.DYN.LE00.IN,"Life expectancy at birth, total (years)",Health,years,2024,70.8170,69.3010,1.5160,2.19,0,0
1354,KH,Cambodia,,,SP.POP.TOTL,"Population, total",Health: Population,people,2018,16274522.0000,,,,0,0
1353,KH,Cambodia,,,SP.POP.TOTL,"Population, total",Health: Population,people,2019,16481304.0000,16274522.0000,206782.0000,1.27,0,0
1352,KH,Cambodia,,,SP.POP.TOTL,"Population, total",Health: Population,people,2020,16725474.0000,16481304.0000,244170.0000,1.48,0,0
1351,KH,Cambodia,,,SP.POP.TOTL,"Population, total",Health: Population,people,2021,16974305.0000,16725474.0000,248831.0000,1.49,0,0
6273,KH,Cambodia,,,SP.POP.TOTL,"Population, total",Health: Population,people,2024,17638801.0000,16974305.0000,664496.0000,3.91,0,0
6272,KH,Cambodia,,,SP.POP.TOTL,"Population, total",Health: Population,people,2025,17847982.0000,17638801.0000,209181.0000,1.19,0,0
587,KI,Kiribati,,,NY.GDP.PCAP.CD,GDP per capita (current US$),Economic Policy & Debt,current US$,2018,1915.5600,,,,0,0
586,KI,Kiribati,,,NY.GDP.PCAP.CD,GDP per capita (current US$),Economic Policy & Debt,current US$,2019,1750.2404,1915.5600,-165.3196,-8.63,1,-0.023461
585,KI,Kiribati,,,NY.GDP.PCAP.CD,GDP per capita (current US$),Economic Policy & Debt,current US$,2020,1751.8720,1750.2404,1.6316,0.09,0,0
584,KI,Kiribati,,,NY.GDP.PCAP.CD,GDP per capita (current US$),Economic Policy & Debt,current US$,2021,2223.5415,1751.8720,471.6695,26.92,1,-0.067170
584,KI,Kiribati,,,NY.GDP.PCAP.CD,GDP per capita (current US$),Economic Policy & Debt,current US$,2021,2223.5415,1751.8720,471.6695,26.92,1,-0.002193
5930,KI,Kiribati,,,NY.GDP.PCAP.CD,GDP per capita (current US$),Economic Policy & Debt,current US$,2024,2550.9838,2223.5415,327.4423,14.73,0,0
5929,KI,Kiribati,,,NY.GDP.PCAP.CD,GDP per capita (current US$),Economic Policy & Debt,current US$,2025,2558.6664,2550.9838,7.6826,0.30,0,0
3716,KI,Kiribati,,,SH.H2O.BASW.ZS,People using at least basic drinking water services (% of population),Environment: Water and sanitation,% of population,2018,74.9172,,,,0,0
3715,KI,Kiribati,,,SH.H2O.BASW.ZS,People using at least basic drinking water services (% of population),Environment: Water and sanitation,% of population,2019,75.8122,74.9172,0.8950,1.19,0,0
3714,KI,Kiribati,,,SH.H2O.BASW.ZS,People using at least basic drinking water services (% of population),Environment: Water and sanitation,% of population,2020,76.6891,75.8122,0.8769,1.16,0,0
3713,KI,Kiribati,,,SH.H2O.BASW.ZS,People using at least basic drinking water services (% of population),Environment: Water and sanitation,% of population,2021,77.5480,76.6891,0.8589,1.12,0,0
7000,KI,Kiribati,,,SH.H2O.BASW.ZS,People using at least basic drinking water services (% of population),Environment: Water and sanitation,% of population,2024,79.0683,77.5480,1.5203,1.96,0,0
2686,KI,Kiribati,,,SP.DYN.LE00.IN,"Life expectancy at birth, total (years)",Health,years,2018,65.8070,,,,0,0
2685,KI,Kiribati,,,SP.DYN.LE00.IN,"Life expectancy at birth, total (years)",Health,years,2019,65.8660,65.8070,0.0590,0.09,0,0
2684,KI,Kiribati,,,SP.DYN.LE00.IN,"Life expectancy at birth, total (years)",Health,years,2020,65.2050,65.8660,-0.6610,-1.00,0,0
2683,KI,Kiribati,,,SP.DYN.LE00.IN,"Life expectancy at birth, total (years)",Health,years,2021,64.1480,65.2050,-1.0570,-1.62,0,0
6759,KI,Kiribati,,,SP.DYN.LE00.IN,"Life expectancy at birth, total (years)",Health,years,2024,66.6000,64.1480,2.4520,3.82,0,0
1630,KI,Kiribati,,,SP.POP.TOTL,"Population, total",Health: Population,people,2018,122084.0000,,,,0,0
1629,KI,Kiribati,,,SP.POP.TOTL,"Population, total",Health: Population,people,2019,123921.0000,122084.0000,1837.0000,1.50,0,0
1628,KI,Kiribati,,,SP.POP.TOTL,"Population, total",Health: Population,people,2020,126099.0000,123921.0000,2178.0000,1.76,0,0
1627,KI,Kiribati,,,SP.POP.TOTL,"Population, total",Health: Population,people,2021,128377.0000,126099.0000,2278.0000,1.81,0,0
6411,KI,Kiribati,,,SP.POP.TOTL,"Population, total",Health: Population,people,2024,134518.0000,128377.0000,6141.0000,4.78,0,0
6410,KI,Kiribati,,,SP.POP.TOTL,"Population, total",Health: Population,people,2025,136488.0000,134518.0000,1970.0000,1.46,0,0
360,KM,Comoros,,,NY.GDP.PCAP.CD,GDP per capita (current US$),Economic Policy & Debt,current US$,2018,1540.7113,,,,0,0
359,KM,Comoros,,,NY.GDP.PCAP.CD,GDP per capita (current US$),Economic Policy & Debt,current US$,2019,1519.2639,1540.7113,-21.4474,-1.39,0,0
358,KM,Comoros,,,NY.GDP.PCAP.CD,GDP per capita (current US$),Economic Policy & Debt,current US$,2020,1527.1699,1519.2639,7.9060,0.52,0,0
357,KM,Comoros,,,NY.GDP.PCAP.CD,GDP per capita (current US$),Economic Policy & Debt,current US$,2021,1587.7299,1527.1699,60.5600,3.97,0,0
5827,KM,Comoros,,,NY.GDP.PCAP.CD,GDP per capita (current US$),Economic Policy & Debt,current US$,2024,1857.8706,1587.7299,270.1407,17.01,0,0
5826,KM,Comoros,,,NY.GDP.PCAP.CD,GDP per capita (current US$),Economic Policy & Debt,current US$,2025,2055.7592,1857.8706,197.8886,10.65,1,-0.082090
5826,KM,Comoros,,,NY.GDP.PCAP.CD,GDP per capita (current US$),Economic Policy & Debt,current US$,2025,2055.7592,1857.8706,197.8886,10.65,1,-0.017113
3492,KM,Comoros,,,SH.H2O.BASW.ZS,People using at least basic drinking water services (% of population),Environment: Water and sanitation,% of population,2018,85.6910,,,,0,0
3491,KM,Comoros,,,SH.H2O.BASW.ZS,People using at least basic drinking water services (% of population),Environment: Water and sanitation,% of population,2019,85.5827,85.6910,-0.1083,-0.13,0,0
3490,KM,Comoros,,,SH.H2O.BASW.ZS,People using at least basic drinking water services (% of population),Environment: Water and sanitation,% of population,2020,85.4750,85.5827,-0.1077,-0.13,0,0
3489,KM,Comoros,,,SH.H2O.BASW.ZS,People using at least basic drinking water services (% of population),Environment: Water and sanitation,% of population,2021,85.3682,85.4750,-0.1068,-0.12,0,0
6945,KM,Comoros,,,SH.H2O.BASW.ZS,People using at least basic drinking water services (% of population),Environment: Water and sanitation,% of population,2024,85.0539,85.3682,-0.3143,-0.37,0,0
2450,KM,Comoros,,,SP.DYN.LE00.IN,"Life expectancy at birth, total (years)",Health,years,2018,65.4010,,,,0,0
2449,KM,Comoros,,,SP.DYN.LE00.IN,"Life expectancy at birth, total (years)",Health,years,2019,65.6620,65.4010,0.2610,0.40,0,0
2448,KM,Comoros,,,SP.DYN.LE00.IN,"Life expectancy at birth, total (years)",Health,years,2020,65.7560,65.6620,0.0940,0.14,0,0
2447,KM,Comoros,,,SP.DYN.LE00.IN,"Life expectancy at birth, total (years)",Health,years,2021,65.2010,65.7560,-0.5550,-0.84,0,0
6700,KM,Comoros,,,SP.DYN.LE00.IN,"Life expectancy at birth, total (years)",Health,years,2024,67.0230,65.2010,1.8220,2.79,0,0
1394,KM,Comoros,,,SP.POP.TOTL,"Population, total",Health: Population,people,2018,771590.0000,,,,0,0
1393,KM,Comoros,,,SP.POP.TOTL,"Population, total",Health: Population,people,2019,786578.0000,771590.0000,14988.0000,1.94,0,0
1392,KM,Comoros,,,SP.POP.TOTL,"Population, total",Health: Population,people,2020,802163.0000,786578.0000,15585.0000,1.98,0,0
1391,KM,Comoros,,,SP.POP.TOTL,"Population, total",Health: Population,people,2021,818174.0000,802163.0000,16011.0000,2.00,0,0
6293,KM,Comoros,,,SP.POP.TOTL,"Population, total",Health: Population,people,2024,866628.0000,818174.0000,48454.0000,5.92,0,0
6292,KM,Comoros,,,SP.POP.TOTL,"Population, total",Health: Population,people,2025,882847.0000,866628.0000,16219.0000,1.87,0,0
895,KN,St. Kitts and Nevis,,,NY.GDP.PCAP.CD,GDP per capita (current US$),Economic Policy & Debt,current US$,2018,22901.3816,,,,0,0
894,KN,St. Kitts and Nevis,,,NY.GDP.PCAP.CD,GDP per capita (current US$),Economic Policy & Debt,current US$,2019,23595.4923,22901.3816,694.1107,3.03,0,0
893,KN,St. Kitts and Nevis,,,NY.GDP.PCAP.CD,GDP per capita (current US$),Economic Policy & Debt,current US$,2020,18859.0190,23595.4923,-4736.4733,-20.07,1,-0.080860
893,KN,St. Kitts and Nevis,,,NY.GDP.PCAP.CD,GDP per capita (current US$),Economic Policy & Debt,current US$,2020,18859.0190,23595.4923,-4736.4733,-20.07,1,-0.015883
892,KN,St. Kitts and Nevis,,,NY.GDP.PCAP.CD,GDP per capita (current US$),Economic Policy & Debt,current US$,2021,18361.1450,18859.0190,-497.8740,-2.64,1,-0.010459
6076,KN,St. Kitts and Nevis,,,NY.GDP.PCAP.CD,GDP per capita (current US$),Economic Policy & Debt,current US$,2024,23960.6534,18361.1450,5599.5084,30.50,0,0
6075,KN,St. Kitts and Nevis,,,NY.GDP.PCAP.CD,GDP per capita (current US$),Economic Policy & Debt,current US$,2025,25223.0258,23960.6534,1262.3724,5.27,0,0
3002,KN,St. Kitts and Nevis,,,SP.DYN.LE00.IN,"Life expectancy at birth, total (years)",Health,years,2018,71.3360,,,,0,0
3001,KN,St. Kitts and Nevis,,,SP.DYN.LE00.IN,"Life expectancy at birth, total (years)",Health,years,2019,71.5400,71.3360,0.2040,0.29,0,0
3000,KN,St. Kitts and Nevis,,,SP.DYN.LE00.IN,"Life expectancy at birth, total (years)",Health,years,2020,71.1810,71.5400,-0.3590,-0.50,0,0
2999,KN,St. Kitts and Nevis,,,SP.DYN.LE00.IN,"Life expectancy at birth, total (years)",Health,years,2021,69.2710,71.1810,-1.9100,-2.68,0,0
6838,KN,St. Kitts and Nevis,,,SP.DYN.LE00.IN,"Life expectancy at birth, total (years)",Health,years,2024,72.2810,69.2710,3.0100,4.35,0,0
1946,KN,St. Kitts and Nevis,,,SP.POP.TOTL,"Population, total",Health: Population,people,2018,47008.0000,,,,0,0
1945,KN,St. Kitts and Nevis,,,SP.POP.TOTL,"Population, total",Health: Population,people,2019,46952.0000,47008.0000,-56.0000,-0.12,0,0
1944,KN,St. Kitts and Nevis,,,SP.POP.TOTL,"Population, total",Health: Population,people,2020,46870.0000,46952.0000,-82.0000,-0.17,0,0
1943,KN,St. Kitts and Nevis,,,SP.POP.TOTL,"Population, total",Health: Population,people,2021,46763.0000,46870.0000,-107.0000,-0.23,0,0
6569,KN,St. Kitts and Nevis,,,SP.POP.TOTL,"Population, total",Health: Population,people,2024,46843.0000,46763.0000,80.0000,0.17,0,0
6568,KN,St. Kitts and Nevis,,,SP.POP.TOTL,"Population, total",Health: Population,people,2025,46922.0000,46843.0000,79.0000,0.17,0,0
3720,KP,"Korea, Dem. People's Rep.",,,SH.H2O.BASW.ZS,People using at least basic drinking water services (% of population),Environment: Water and sanitation,% of population,2018,94.1662,,,,0,0
3719,KP,"Korea, Dem. People's Rep.",,,SH.H2O.BASW.ZS,People using at least basic drinking water services (% of population),Environment: Water and sanitation,% of population,2019,93.8237,94.1662,-0.3425,-0.36,0,0
3718,KP,"Korea, Dem. People's Rep.",,,SH.H2O.BASW.ZS,People using at least basic drinking water services (% of population),Environment: Water and sanitation,% of population,2020,93.8438,93.8237,0.0201,0.02,0,0
3717,KP,"Korea, Dem. People's Rep.",,,SH.H2O.BASW.ZS,People using at least basic drinking water services (% of population),Environment: Water and sanitation,% of population,2021,93.8651,93.8438,0.0213,0.02,0,0
2690,KP,"Korea, Dem. People's Rep.",,,SP.DYN.LE00.IN,"Life expectancy at birth, total (years)",Health,years,2018,73.0200,,,,0,0
2689,KP,"Korea, Dem. People's Rep.",,,SP.DYN.LE00.IN,"Life expectancy at birth, total (years)",Health,years,2019,72.9280,73.0200,-0.0920,-0.13,0,0
2688,KP,"Korea, Dem. People's Rep.",,,SP.DYN.LE00.IN,"Life expectancy at birth, total (years)",Health,years,2020,72.7830,72.9280,-0.1450,-0.20,0,0
2687,KP,"Korea, Dem. People's Rep.",,,SP.DYN.LE00.IN,"Life expectancy at birth, total (years)",Health,years,2021,73.4370,72.7830,0.6540,0.90,0,0
6760,KP,"Korea, Dem. People's Rep.",,,SP.DYN.LE00.IN,"Life expectancy at birth, total (years)",Health,years,2024,73.7430,73.4370,0.3060,0.42,0,0
1634,KP,"Korea, Dem. People's Rep.",,,SP.POP.TOTL,"Population, total",Health: Population,people,2018,25931147.0000,,,,0,0
1633,KP,"Korea, Dem. People's Rep.",,,SP.POP.TOTL,"Population, total",Health: Population,people,2019,26037632.0000,25931147.0000,106485.0000,0.41,0,0
1632,KP,"Korea, Dem. People's Rep.",,,SP.POP.TOTL,"Population, total",Health: Population,people,2020,26136312.0000,26037632.0000,98680.0000,0.38,0,0
1631,KP,"Korea, Dem. People's Rep.",,,SP.POP.TOTL,"Population, total",Health: Population,people,2021,26232534.0000,26136312.0000,96222.0000,0.37,0,0
6413,KP,"Korea, Dem. People's Rep.",,,SP.POP.TOTL,"Population, total",Health: Population,people,2024,26498823.0000,26232534.0000,266289.0000,1.02,0,0
6412,KP,"Korea, Dem. People's Rep.",,,SP.POP.TOTL,"Population, total",Health: Population,people,2025,26571036.0000,26498823.0000,72213.0000,0.27,0,0
591,KR,"Korea, Rep.",,,NY.GDP.PCAP.CD,GDP per capita (current US$),Economic Policy & Debt,current US$,2018,35363.9508,,,,0,0
590,KR,"Korea, Rep.",,,NY.GDP.PCAP.CD,GDP per capita (current US$),Economic Policy & Debt,current US$,2019,33826.9443,35363.9508,-1537.0065,-4.35,0,0
589,KR,"Korea, Rep.",,,NY.GDP.PCAP.CD,GDP per capita (current US$),Economic Policy & Debt,current US$,2020,33645.7720,33826.9443,-181.1723,-0.54,0,0
588,KR,"Korea, Rep.",,,NY.GDP.PCAP.CD,GDP per capita (current US$),Economic Policy & Debt,current US$,2021,37518.4635,33645.7720,3872.6915,11.51,1,-0.037834
5932,KR,"Korea, Rep.",,,NY.GDP.PCAP.CD,GDP per capita (current US$),Economic Policy & Debt,current US$,2024,36238.6399,37518.4635,-1279.8236,-3.41,0,0
5931,KR,"Korea, Rep.",,,NY.GDP.PCAP.CD,GDP per capita (current US$),Economic Policy & Debt,current US$,2025,36226.9664,36238.6399,-11.6735,-0.03,0,0
3724,KR,"Korea, Rep.",,,SH.H2O.BASW.ZS,People using at least basic drinking water services (% of population),Environment: Water and sanitation,% of population,2018,99.6228,,,,0,0
3723,KR,"Korea, Rep.",,,SH.H2O.BASW.ZS,People using at least basic drinking water services (% of population),Environment: Water and sanitation,% of population,2019,99.6942,99.6228,0.0714,0.07,0,0
3722,KR,"Korea, Rep.",,,SH.H2O.BASW.ZS,People using at least basic drinking water services (% of population),Environment: Water and sanitation,% of population,2020,99.7657,99.6942,0.0715,0.07,0,0
3721,KR,"Korea, Rep.",,,SH.H2O.BASW.ZS,People using at least basic drinking water services (% of population),Environment: Water and sanitation,% of population,2021,99.8371,99.7657,0.0714,0.07,0,0
7001,KR,"Korea, Rep.",,,SH.H2O.BASW.ZS,People using at least basic drinking water services (% of population),Environment: Water and sanitation,% of population,2024,100.0000,99.8371,0.1629,0.16,0,0
2694,KR,"Korea, Rep.",,,SP.DYN.LE00.IN,"Life expectancy at birth, total (years)",Health,years,2018,82.6268,,,,0,0
2693,KR,"Korea, Rep.",,,SP.DYN.LE00.IN,"Life expectancy at birth, total (years)",Health,years,2019,83.2268,82.6268,0.6000,0.73,0,0
2692,KR,"Korea, Rep.",,,SP.DYN.LE00.IN,"Life expectancy at birth, total (years)",Health,years,2020,83.4268,83.2268,0.2000,0.24,0,0
2691,KR,"Korea, Rep.",,,SP.DYN.LE00.IN,"Life expectancy at birth, total (years)",Health,years,2021,83.5268,83.4268,0.1000,0.12,0,0
6761,KR,"Korea, Rep.",,,SP.DYN.LE00.IN,"Life expectancy at birth, total (years)",Health,years,2024,83.6293,83.5268,0.1025,0.12,0,0
1638,KR,"Korea, Rep.",,,SP.POP.TOTL,"Population, total",Health: Population,people,2018,51585058.0000,,,,0,0
1637,KR,"Korea, Rep.",,,SP.POP.TOTL,"Population, total",Health: Population,people,2019,51764822.0000,51585058.0000,179764.0000,0.35,0,0
1636,KR,"Korea, Rep.",,,SP.POP.TOTL,"Population, total",Health: Population,people,2020,51836239.0000,51764822.0000,71417.0000,0.14,0,0
1635,KR,"Korea, Rep.",,,SP.POP.TOTL,"Population, total",Health: Population,people,2021,51769539.0000,51836239.0000,-66700.0000,-0.13,0,0
6415,KR,"Korea, Rep.",,,SP.POP.TOTL,"Population, total",Health: Population,people,2024,51751065.0000,51769539.0000,-18474.0000,-0.04,0,0
6414,KR,"Korea, Rep.",,,SP.POP.TOTL,"Population, total",Health: Population,people,2025,51684564.0000,51751065.0000,-66501.0000,-0.13,0,0
599,KW,Kuwait,,,NY.GDP.PCAP.CD,GDP per capita (current US$),Economic Policy & Debt,current US$,2018,32067.9624,,,,0,0
598,KW,Kuwait,,,NY.GDP.PCAP.CD,GDP per capita (current US$),Economic Policy & Debt,current US$,2019,31707.8737,32067.9624,-360.0887,-1.12,0,0
597,KW,Kuwait,,,NY.GDP.PCAP.CD,GDP per capita (current US$),Economic Policy & Debt,current US$,2020,25236.0756,31707.8737,-6471.7981,-20.41,1,-0.161173
597,KW,Kuwait,,,NY.GDP.PCAP.CD,GDP per capita (current US$),Economic Policy & Debt,current US$,2020,25236.0756,31707.8737,-6471.7981,-20.41,1,-0.096195
596,KW,Kuwait,,,NY.GDP.PCAP.CD,GDP per capita (current US$),Economic Policy & Debt,current US$,2021,34018.6343,25236.0756,8782.5587,34.80,1,-0.110765
596,KW,Kuwait,,,NY.GDP.PCAP.CD,GDP per capita (current US$),Economic Policy & Debt,current US$,2021,34018.6343,25236.0756,8782.5587,34.80,1,-0.045788
5936,KW,Kuwait,,,NY.GDP.PCAP.CD,GDP per capita (current US$),Economic Policy & Debt,current US$,2024,32855.7210,34018.6343,-1162.9133,-3.42,0,0
5935,KW,Kuwait,,,NY.GDP.PCAP.CD,GDP per capita (current US$),Economic Policy & Debt,current US$,2025,32312.3120,32855.7210,-543.4090,-1.65,0,0
3728,KW,Kuwait,,,SH.H2O.BASW.ZS,People using at least basic drinking water services (% of population),Environment: Water and sanitation,% of population,2018,100.0000,,,,0,0
3727,KW,Kuwait,,,SH.H2O.BASW.ZS,People using at least basic drinking water services (% of population),Environment: Water and sanitation,% of population,2019,100.0000,100.0000,0.0000,0.00,0,0
3726,KW,Kuwait,,,SH.H2O.BASW.ZS,People using at least basic drinking water services (% of population),Environment: Water and sanitation,% of population,2020,100.0000,100.0000,0.0000,0.00,0,0
3725,KW,Kuwait,,,SH.H2O.BASW.ZS,People using at least basic drinking water services (% of population),Environment: Water and sanitation,% of population,2021,100.0000,100.0000,0.0000,0.00,0,0
7002,KW,Kuwait,,,SH.H2O.BASW.ZS,People using at least basic drinking water services (% of population),Environment: Water and sanitation,% of population,2024,100.0000,100.0000,0.0000,0.00,0,0
2702,KW,Kuwait,,,SP.DYN.LE00.IN,"Life expectancy at birth, total (years)",Health,years,2018,80.1064,,,,0,0
2701,KW,Kuwait,,,SP.DYN.LE00.IN,"Life expectancy at birth, total (years)",Health,years,2019,81.9698,80.1064,1.8634,2.33,0,0
2700,KW,Kuwait,,,SP.DYN.LE00.IN,"Life expectancy at birth, total (years)",Health,years,2020,78.7610,81.9698,-3.2088,-3.91,0,0
2699,KW,Kuwait,,,SP.DYN.LE00.IN,"Life expectancy at birth, total (years)",Health,years,2021,78.7366,78.7610,-0.0244,-0.03,0,0
6763,KW,Kuwait,,,SP.DYN.LE00.IN,"Life expectancy at birth, total (years)",Health,years,2024,84.5805,78.7366,5.8439,7.42,0,0
1646,KW,Kuwait,,,SP.POP.TOTL,"Population, total",Health: Population,people,2018,4323515.0000,,,,0,0
1645,KW,Kuwait,,,SP.POP.TOTL,"Population, total",Health: Population,people,2019,4442316.0000,4323515.0000,118801.0000,2.75,0,0
1644,KW,Kuwait,,,SP.POP.TOTL,"Population, total",Health: Population,people,2020,4400267.0000,4442316.0000,-42049.0000,-0.95,0,0
1643,KW,Kuwait,,,SP.POP.TOTL,"Population, total",Health: Population,people,2021,4360865.0000,4400267.0000,-39402.0000,-0.90,0,0
6419,KW,Kuwait,,,SP.POP.TOTL,"Population, total",Health: Population,people,2024,4897263.0000,4360865.0000,536398.0000,12.30,0,0
6418,KW,Kuwait,,,SP.POP.TOTL,"Population, total",Health: Population,people,2025,4865298.0000,4897263.0000,-31965.0000,-0.65,0,0
332,KY,Cayman Islands,,,NY.GDP.PCAP.CD,GDP per capita (current US$),Economic Policy & Debt,current US$,2018,83865.5532,,,,0,0
331,KY,Cayman Islands,,,NY.GDP.PCAP.CD,GDP per capita (current US$),Economic Policy & Debt,current US$,2019,88254.2904,83865.5532,4388.7372,5.23,1,-0.005521
330,KY,Cayman Islands,,,NY.GDP.PCAP.CD,GDP per capita (current US$),Economic Policy & Debt,current US$,2020,82338.7977,88254.2904,-5915.4927,-6.70,1,-0.040468
329,KY,Cayman Islands,,,NY.GDP.PCAP.CD,GDP per capita (current US$),Economic Policy & Debt,current US$,2021,86449.6749,82338.7977,4110.8772,4.99,0,0
5815,KY,Cayman Islands,,,NY.GDP.PCAP.CD,GDP per capita (current US$),Economic Policy & Debt,current US$,2024,104292.9007,86449.6749,17843.2258,20.64,1,-0.092888
5815,KY,Cayman Islands,,,NY.GDP.PCAP.CD,GDP per capita (current US$),Economic Policy & Debt,current US$,2024,104292.9007,86449.6749,17843.2258,20.64,1,-0.027911
3468,KY,Cayman Islands,,,SH.H2O.BASW.ZS,People using at least basic drinking water services (% of population),Environment: Water and sanitation,% of population,2018,95.6488,,,,0,0
3467,KY,Cayman Islands,,,SH.H2O.BASW.ZS,People using at least basic drinking water services (% of population),Environment: Water and sanitation,% of population,2019,95.6110,95.6488,-0.0378,-0.04,0,0
3466,KY,Cayman Islands,,,SH.H2O.BASW.ZS,People using at least basic drinking water services (% of population),Environment: Water and sanitation,% of population,2020,95.5733,95.6110,-0.0377,-0.04,0,0
3465,KY,Cayman Islands,,,SH.H2O.BASW.ZS,People using at least basic drinking water services (% of population),Environment: Water and sanitation,% of population,2021,95.5356,95.5733,-0.0377,-0.04,0,0
6939,KY,Cayman Islands,,,SH.H2O.BASW.ZS,People using at least basic drinking water services (% of population),Environment: Water and sanitation,% of population,2024,95.4601,95.5356,-0.0755,-0.08,0,0
2422,KY,Cayman Islands,,,SP.DYN.LE00.IN,"Life expectancy at birth, total (years)",Health,years,2018,78.8350,,,,0,0
2421,KY,Cayman Islands,,,SP.DYN.LE00.IN,"Life expectancy at birth, total (years)",Health,years,2019,79.0520,78.8350,0.2170,0.28,0,0
2420,KY,Cayman Islands,,,SP.DYN.LE00.IN,"Life expectancy at birth, total (years)",Health,years,2020,79.2300,79.0520,0.1780,0.23,0,0
2419,KY,Cayman Islands,,,SP.DYN.LE00.IN,"Life expectancy at birth, total (years)",Health,years,2021,79.3000,79.2300,0.0700,0.09,0,0
6693,KY,Cayman Islands,,,SP.DYN.LE00.IN,"Life expectancy at birth, total (years)",Health,years,2024,80.5400,79.3000,1.2400,1.56,0,0
1366,KY,Cayman Islands,,,SP.POP.TOTL,"Population, total",Health: Population,people,2018,65941.0000,,,,0,0
1365,KY,Cayman Islands,,,SP.POP.TOTL,"Population, total",Health: Population,people,2019,67327.0000,65941.0000,1386.0000,2.10,0,0
1364,KY,Cayman Islands,,,SP.POP.TOTL,"Population, total",Health: Population,people,2020,68684.0000,67327.0000,1357.0000,2.02,0,0
1363,KY,Cayman Islands,,,SP.POP.TOTL,"Population, total",Health: Population,people,2021,70108.0000,68684.0000,1424.0000,2.07,0,0
6279,KY,Cayman Islands,,,SP.POP.TOTL,"Population, total",Health: Population,people,2024,74457.0000,70108.0000,4349.0000,6.20,0,0
6278,KY,Cayman Islands,,,SP.POP.TOTL,"Population, total",Health: Population,people,2025,75844.0000,74457.0000,1387.0000,1.86,0,0
579,KZ,Kazakhstan,,,NY.GDP.PCAP.CD,GDP per capita (current US$),Economic Policy & Debt,current US$,2018,9472.4853,,,,0,0
578,KZ,Kazakhstan,,,NY.GDP.PCAP.CD,GDP per capita (current US$),Economic Policy & Debt,current US$,2019,9457.1261,9472.4853,-15.3592,-0.16,0,0
577,KZ,Kazakhstan,,,NY.GDP.PCAP.CD,GDP per capita (current US$),Economic Policy & Debt,current US$,2020,8781.5080,9457.1261,-675.6181,-7.14,1,-0.017130
576,KZ,Kazakhstan,,,NY.GDP.PCAP.CD,GDP per capita (current US$),Economic Policy & Debt,current US$,2021,9983.6010,8781.5080,1202.0930,13.69,0,0
5926,KZ,Kazakhstan,,,NY.GDP.PCAP.CD,GDP per capita (current US$),Economic Policy & Debt,current US$,2024,14154.6325,9983.6010,4171.0315,41.78,1,-0.010400
5925,KZ,Kazakhstan,,,NY.GDP.PCAP.CD,GDP per capita (current US$),Economic Policy & Debt,current US$,2025,14692.1332,14154.6325,537.5007,3.80,1,-0.058424
3708,KZ,Kazakhstan,,,SH.H2O.BASW.ZS,People using at least basic drinking water services (% of population),Environment: Water and sanitation,% of population,2018,96.3061,,,,0,0
3707,KZ,Kazakhstan,,,SH.H2O.BASW.ZS,People using at least basic drinking water services (% of population),Environment: Water and sanitation,% of population,2019,96.6145,96.3061,0.3084,0.32,0,0
3706,KZ,Kazakhstan,,,SH.H2O.BASW.ZS,People using at least basic drinking water services (% of population),Environment: Water and sanitation,% of population,2020,96.9218,96.6145,0.3073,0.32,0,0
3705,KZ,Kazakhstan,,,SH.H2O.BASW.ZS,People using at least basic drinking water services (% of population),Environment: Water and sanitation,% of population,2021,97.2275,96.9218,0.3057,0.32,0,0
6998,KZ,Kazakhstan,,,SH.H2O.BASW.ZS,People using at least basic drinking water services (% of population),Environment: Water and sanitation,% of population,2024,97.8337,97.2275,0.6062,0.62,0,0
2678,KZ,Kazakhstan,,,SP.DYN.LE00.IN,"Life expectancy at birth, total (years)",Health,years,2018,73.3690,,,,0,0
2677,KZ,Kazakhstan,,,SP.DYN.LE00.IN,"Life expectancy at birth, total (years)",Health,years,2019,73.6580,73.3690,0.2890,0.39,0,0
2676,KZ,Kazakhstan,,,SP.DYN.LE00.IN,"Life expectancy at birth, total (years)",Health,years,2020,71.1950,73.6580,-2.4630,-3.34,0,0
2675,KZ,Kazakhstan,,,SP.DYN.LE00.IN,"Life expectancy at birth, total (years)",Health,years,2021,70.1310,71.1950,-1.0640,-1.49,0,0
6757,KZ,Kazakhstan,,,SP.DYN.LE00.IN,"Life expectancy at birth, total (years)",Health,years,2024,74.5310,70.1310,4.4000,6.27,0,0
1622,KZ,Kazakhstan,,,SP.POP.TOTL,"Population, total",Health: Population,people,2018,18932727.0000,,,,0,0
1621,KZ,Kazakhstan,,,SP.POP.TOTL,"Population, total",Health: Population,people,2019,19209555.0000,18932727.0000,276828.0000,1.46,0,0
1620,KZ,Kazakhstan,,,SP.POP.TOTL,"Population, total",Health: Population,people,2020,19482117.0000,19209555.0000,272562.0000,1.42,0,0
1619,KZ,Kazakhstan,,,SP.POP.TOTL,"Population, total",Health: Population,people,2021,19743603.0000,19482117.0000,261486.0000,1.34,0,0
6407,KZ,Kazakhstan,,,SP.POP.TOTL,"Population, total",Health: Population,people,2024,20592571.0000,19743603.0000,848968.0000,4.30,0,0
6406,KZ,Kazakhstan,,,SP.POP.TOTL,"Population, total",Health: Population,people,2025,20843754.0000,20592571.0000,251183.0000,1.22,0,0
607,LA,Lao PDR,,,NY.GDP.PCAP.CD,GDP per capita (current US$),Economic Policy & Debt,current US$,2018,2545.1075,,,,0,0
606,LA,Lao PDR,,,NY.GDP.PCAP.CD,GDP per capita (current US$),Economic Policy & Debt,current US$,2019,2589.3208,2545.1075,44.2133,1.74,0,0
605,LA,Lao PDR,,,NY.GDP.PCAP.CD,GDP per capita (current US$),Economic Policy & Debt,current US$,2020,2583.7773,2589.3208,-5.5435,-0.21,0,0
604,LA,Lao PDR,,,NY.GDP.PCAP.CD,GDP per capita (current US$),Economic Policy & Debt,current US$,2021,2526.0511,2583.7773,-57.7262,-2.23,0,0
5940,LA,Lao PDR,,,NY.GDP.PCAP.CD,GDP per capita (current US$),Economic Policy & Debt,current US$,2024,2123.9791,2526.0511,-402.0720,-15.92,1,-0.004248
5939,LA,Lao PDR,,,NY.GDP.PCAP.CD,GDP per capita (current US$),Economic Policy & Debt,current US$,2025,2324.7635,2123.9791,200.7844,9.45,0,0
3736,LA,Lao PDR,,,SH.H2O.BASW.ZS,People using at least basic drinking water services (% of population),Environment: Water and sanitation,% of population,2018,82.2234,,,,0,0
3735,LA,Lao PDR,,,SH.H2O.BASW.ZS,People using at least basic drinking water services (% of population),Environment: Water and sanitation,% of population,2019,83.8782,82.2234,1.6548,2.01,0,0
3734,LA,Lao PDR,,,SH.H2O.BASW.ZS,People using at least basic drinking water services (% of population),Environment: Water and sanitation,% of population,2020,85.8856,83.8782,2.0074,2.39,0,0
3733,LA,Lao PDR,,,SH.H2O.BASW.ZS,People using at least basic drinking water services (% of population),Environment: Water and sanitation,% of population,2021,87.5242,85.8856,1.6386,1.91,0,0
7004,LA,Lao PDR,,,SH.H2O.BASW.ZS,People using at least basic drinking water services (% of population),Environment: Water and sanitation,% of population,2024,95.8636,87.5242,8.3394,9.53,0,0
2710,LA,Lao PDR,,,SP.DYN.LE00.IN,"Life expectancy at birth, total (years)",Health,years,2018,67.5940,,,,0,0
2709,LA,Lao PDR,,,SP.DYN.LE00.IN,"Life expectancy at birth, total (years)",Health,years,2019,67.9110,67.5940,0.3170,0.47,0,0
2708,LA,Lao PDR,,,SP.DYN.LE00.IN,"Life expectancy at birth, total (years)",Health,years,2020,68.3390,67.9110,0.4280,0.63,0,0
2707,LA,Lao PDR,,,SP.DYN.LE00.IN,"Life expectancy at birth, total (years)",Health,years,2021,67.8070,68.3390,-0.5320,-0.78,0,0
6765,LA,Lao PDR,,,SP.DYN.LE00.IN,"Life expectancy at birth, total (years)",Health,years,2024,69.2250,67.8070,1.4180,2.09,0,0
1654,LA,Lao PDR,,,SP.POP.TOTL,"Population, total",Health: Population,people,2018,7128045.0000,,,,0,0
1653,LA,Lao PDR,,,SP.POP.TOTL,"Population, total",Health: Population,people,2019,7237636.0000,7128045.0000,109591.0000,1.54,0,0
1652,LA,Lao PDR,,,SP.POP.TOTL,"Population, total",Health: Population,people,2020,7346533.0000,7237636.0000,108897.0000,1.50,0,0
1651,LA,Lao PDR,,,SP.POP.TOTL,"Population, total",Health: Population,people,2021,7453194.0000,7346533.0000,106661.0000,1.45,0,0
6423,LA,Lao PDR,,,SP.POP.TOTL,"Population, total",Health: Population,people,2024,7769819.0000,7453194.0000,316625.0000,4.25,0,0
6422,LA,Lao PDR,,,SP.POP.TOTL,"Population, total",Health: Population,people,2025,7873046.0000,7769819.0000,103227.0000,1.33,0,0
615,LB,Lebanon,,,NY.GDP.PCAP.CD,GDP per capita (current US$),Economic Policy & Debt,current US$,2018,9174.5367,,,,1,-0.055208
614,LB,Lebanon,,,NY.GDP.PCAP.CD,GDP per capita (current US$),Economic Policy & Debt,current US$,2019,8905.8801,9174.5367,-268.6566,-2.93,1,-0.033468
613,LB,Lebanon,,,NY.GDP.PCAP.CD,GDP per capita (current US$),Economic Policy & Debt,current US$,2020,5561.1917,8905.8801,-3344.6884,-37.56,1,-0.086483
613,LB,Lebanon,,,NY.GDP.PCAP.CD,GDP per capita (current US$),Economic Policy & Debt,current US$,2020,5561.1917,8905.8801,-3344.6884,-37.56,1,-0.021506
612,LB,Lebanon,,,NY.GDP.PCAP.CD,GDP per capita (current US$),Economic Policy & Debt,current US$,2021,4045.3739,5561.1917,-1515.8178,-27.26,1,-0.155562
612,LB,Lebanon,,,NY.GDP.PCAP.CD,GDP per capita (current US$),Economic Policy & Debt,current US$,2021,4045.3739,5561.1917,-1515.8178,-27.26,1,-0.090584
5943,LB,Lebanon,,,NY.GDP.PCAP.CD,GDP per capita (current US$),Economic Policy & Debt,current US$,2024,4473.2713,4045.3739,427.8974,10.58,1,-0.009143
3744,LB,Lebanon,,,SH.H2O.BASW.ZS,People using at least basic drinking water services (% of population),Environment: Water and sanitation,% of population,2018,92.4655,,,,0,0
3743,LB,Lebanon,,,SH.H2O.BASW.ZS,People using at least basic drinking water services (% of population),Environment: Water and sanitation,% of population,2019,92.6000,92.4655,0.1345,0.15,0,0
3742,LB,Lebanon,,,SH.H2O.BASW.ZS,People using at least basic drinking water services (% of population),Environment: Water and sanitation,% of population,2020,92.6000,92.6000,0.0000,0.00,0,0
3741,LB,Lebanon,,,SH.H2O.BASW.ZS,People using at least basic drinking water services (% of population),Environment: Water and sanitation,% of population,2021,92.6000,92.6000,0.0000,0.00,0,0
7006,LB,Lebanon,,,SH.H2O.BASW.ZS,People using at least basic drinking water services (% of population),Environment: Water and sanitation,% of population,2024,92.6000,92.6000,0.0000,0.00,0,0
2718,LB,Lebanon,,,SP.DYN.LE00.IN,"Life expectancy at birth, total (years)",Health,years,2018,78.2630,,,,0,0
2717,LB,Lebanon,,,SP.DYN.LE00.IN,"Life expectancy at birth, total (years)",Health,years,2019,78.2080,78.2630,-0.0550,-0.07,0,0
2716,LB,Lebanon,,,SP.DYN.LE00.IN,"Life expectancy at birth, total (years)",Health,years,2020,76.2990,78.2080,-1.9090,-2.44,0,0
2715,LB,Lebanon,,,SP.DYN.LE00.IN,"Life expectancy at birth, total (years)",Health,years,2021,73.6500,76.2990,-2.6490,-3.47,0,0
6767,LB,Lebanon,,,SP.DYN.LE00.IN,"Life expectancy at birth, total (years)",Health,years,2024,77.9450,73.6500,4.2950,5.83,0,0
1662,LB,Lebanon,,,SP.POP.TOTL,"Population, total",Health: Population,people,2018,5984119.0000,,,,0,0
1661,LB,Lebanon,,,SP.POP.TOTL,"Population, total",Health: Population,people,2019,5794594.0000,5984119.0000,-189525.0000,-3.17,0,0
1660,LB,Lebanon,,,SP.POP.TOTL,"Population, total",Health: Population,people,2020,5702398.0000,5794594.0000,-92196.0000,-1.59,0,0
1659,LB,Lebanon,,,SP.POP.TOTL,"Population, total",Health: Population,people,2021,5718122.0000,5702398.0000,15724.0000,0.28,0,0
6427,LB,Lebanon,,,SP.POP.TOTL,"Population, total",Health: Population,people,2024,5805962.0000,5718122.0000,87840.0000,1.54,0,0
6426,LB,Lebanon,,,SP.POP.TOTL,"Population, total",Health: Population,people,2025,5849421.0000,5805962.0000,43459.0000,0.75,0,0
899,LC,St. Lucia,,,NY.GDP.PCAP.CD,GDP per capita (current US$),Economic Policy & Debt,current US$,2018,11642.6985,,,,0,0
898,LC,St. Lucia,,,NY.GDP.PCAP.CD,GDP per capita (current US$),Economic Policy & Debt,current US$,2019,11764.3944,11642.6985,121.6959,1.05,0,0
897,LC,St. Lucia,,,NY.GDP.PCAP.CD,GDP per capita (current US$),Economic Policy & Debt,current US$,2020,8537.1150,11764.3944,-3227.2794,-27.43,1,-0.145854
897,LC,St. Lucia,,,NY.GDP.PCAP.CD,GDP per capita (current US$),Economic Policy & Debt,current US$,2020,8537.1150,11764.3944,-3227.2794,-27.43,1,-0.080877
896,LC,St. Lucia,,,NY.GDP.PCAP.CD,GDP per capita (current US$),Economic Policy & Debt,current US$,2021,10481.1234,8537.1150,1944.0084,22.77,1,-0.047928
6078,LC,St. Lucia,,,NY.GDP.PCAP.CD,GDP per capita (current US$),Economic Policy & Debt,current US$,2024,14493.6585,10481.1234,4012.5351,38.28,0,0
6077,LC,St. Lucia,,,NY.GDP.PCAP.CD,GDP per capita (current US$),Economic Policy & Debt,current US$,2025,14745.8184,14493.6585,252.1599,1.74,1,-0.008060
4019,LC,St. Lucia,,,SH.H2O.BASW.ZS,People using at least basic drinking water services (% of population),Environment: Water and sanitation,% of population,2018,96.4302,,,,0,0
4018,LC,St. Lucia,,,SH.H2O.BASW.ZS,People using at least basic drinking water services (% of population),Environment: Water and sanitation,% of population,2019,96.8250,96.4302,0.3948,0.41,0,0
4017,LC,St. Lucia,,,SH.H2O.BASW.ZS,People using at least basic drinking water services (% of population),Environment: Water and sanitation,% of population,2020,97.2192,96.8250,0.3942,0.41,0,0
4016,LC,St. Lucia,,,SH.H2O.BASW.ZS,People using at least basic drinking water services (% of population),Environment: Water and sanitation,% of population,2021,97.6129,97.2192,0.3937,0.40,0,0
7074,LC,St. Lucia,,,SH.H2O.BASW.ZS,People using at least basic drinking water services (% of population),Environment: Water and sanitation,% of population,2024,98.0957,97.6129,0.4828,0.49,0,0
3006,LC,St. Lucia,,,SP.DYN.LE00.IN,"Life expectancy at birth, total (years)",Health,years,2018,72.6550,,,,0,0
3005,LC,St. Lucia,,,SP.DYN.LE00.IN,"Life expectancy at birth, total (years)",Health,years,2019,72.2490,72.6550,-0.4060,-0.56,0,0
3004,LC,St. Lucia,,,SP.DYN.LE00.IN,"Life expectancy at birth, total (years)",Health,years,2020,72.3080,72.2490,0.0590,0.08,0,0
3003,LC,St. Lucia,,,SP.DYN.LE00.IN,"Life expectancy at birth, total (years)",Health,years,2021,69.1190,72.3080,-3.1890,-4.41,0,0
6839,LC,St. Lucia,,,SP.DYN.LE00.IN,"Life expectancy at birth, total (years)",Health,years,2024,72.8460,69.1190,3.7270,5.39,0,0
1950,LC,St. Lucia,,,SP.POP.TOTL,"Population, total",Health: Population,people,2018,177017.0000,,,,0,0
1949,LC,St. Lucia,,,SP.POP.TOTL,"Population, total",Health: Population,people,2019,177661.0000,177017.0000,644.0000,0.36,0,0
1948,LC,St. Lucia,,,SP.POP.TOTL,"Population, total",Health: Population,people,2020,178250.0000,177661.0000,589.0000,0.33,0,0
1947,LC,St. Lucia,,,SP.POP.TOTL,"Population, total",Health: Population,people,2021,178522.0000,178250.0000,272.0000,0.15,0,0
6571,LC,St. Lucia,,,SP.POP.TOTL,"Population, total",Health: Population,people,2024,179744.0000,178522.0000,1222.0000,0.68,0,0
6570,LC,St. Lucia,,,SP.POP.TOTL,"Population, total",Health: Population,people,2025,180149.0000,179744.0000,405.0000,0.23,0,0
631,LI,Liechtenstein,,,NY.GDP.PCAP.CD,GDP per capita (current US$),Economic Policy & Debt,current US$,2018,174988.7751,,,,1,-0.078822
631,LI,Liechtenstein,,,NY.GDP.PCAP.CD,GDP per capita (current US$),Economic Policy & Debt,current US$,2018,174988.7751,,,,1,-0.013845
630,LI,Liechtenstein,,,NY.GDP.PCAP.CD,GDP per capita (current US$),Economic Policy & Debt,current US$,2019,166907.8393,174988.7751,-8080.9358,-4.62,1,-0.098929
630,LI,Liechtenstein,,,NY.GDP.PCAP.CD,GDP per capita (current US$),Economic Policy & Debt,current US$,2019,166907.8393,174988.7751,-8080.9358,-4.62,1,-0.033951
629,LI,Liechtenstein,,,NY.GDP.PCAP.CD,GDP per capita (current US$),Economic Policy & Debt,current US$,2020,164671.0936,166907.8393,-2236.7457,-1.34,1,-0.089060
629,LI,Liechtenstein,,,NY.GDP.PCAP.CD,GDP per capita (current US$),Economic Policy & Debt,current US$,2020,164671.0936,166907.8393,-2236.7457,-1.34,1,-0.024083
628,LI,Liechtenstein,,,NY.GDP.PCAP.CD,GDP per capita (current US$),Economic Policy & Debt,current US$,2021,201944.8303,164671.0936,37273.7367,22.64,1,-0.199130
628,LI,Liechtenstein,,,NY.GDP.PCAP.CD,GDP per capita (current US$),Economic Policy & Debt,current US$,2021,201944.8303,164671.0936,37273.7367,22.64,1,-0.134152
5950,LI,Liechtenstein,,,NY.GDP.PCAP.CD,GDP per capita (current US$),Economic Policy & Debt,current US$,2024,220167.2255,201944.8303,18222.3952,9.02,1,-0.141917
5950,LI,Liechtenstein,,,NY.GDP.PCAP.CD,GDP per capita (current US$),Economic Policy & Debt,current US$,2024,220167.2255,201944.8303,18222.3952,9.02,1,-0.076940
3760,LI,Liechtenstein,,,SH.H2O.BASW.ZS,People using at least basic drinking water services (% of population),Environment: Water and sanitation,% of population,2018,100.0000,,,,0,0
3759,LI,Liechtenstein,,,SH.H2O.BASW.ZS,People using at least basic drinking water services (% of population),Environment: Water and sanitation,% of population,2019,100.0000,100.0000,0.0000,0.00,0,0
3758,LI,Liechtenstein,,,SH.H2O.BASW.ZS,People using at least basic drinking water services (% of population),Environment: Water and sanitation,% of population,2020,100.0000,100.0000,0.0000,0.00,0,0
3757,LI,Liechtenstein,,,SH.H2O.BASW.ZS,People using at least basic drinking water services (% of population),Environment: Water and sanitation,% of population,2021,100.0000,100.0000,0.0000,0.00,0,0
7010,LI,Liechtenstein,,,SH.H2O.BASW.ZS,People using at least basic drinking water services (% of population),Environment: Water and sanitation,% of population,2024,100.0000,100.0000,0.0000,0.00,0,0
2734,LI,Liechtenstein,,,SP.DYN.LE00.IN,"Life expectancy at birth, total (years)",Health,years,2018,83.0415,,,,0,0
2733,LI,Liechtenstein,,,SP.DYN.LE00.IN,"Life expectancy at birth, total (years)",Health,years,2019,84.1610,83.0415,1.1195,1.35,0,0
2732,LI,Liechtenstein,,,SP.DYN.LE00.IN,"Life expectancy at birth, total (years)",Health,years,2020,81.6585,84.1610,-2.5025,-2.97,0,0
2731,LI,Liechtenstein,,,SP.DYN.LE00.IN,"Life expectancy at birth, total (years)",Health,years,2021,84.4024,81.6585,2.7439,3.36,0,0
6771,LI,Liechtenstein,,,SP.DYN.LE00.IN,"Life expectancy at birth, total (years)",Health,years,2024,84.2000,84.4024,-0.2024,-0.24,0,0
1678,LI,Liechtenstein,,,SP.POP.TOTL,"Population, total",Health: Population,people,2018,38246.0000,,,,0,0
1677,LI,Liechtenstein,,,SP.POP.TOTL,"Population, total",Health: Population,people,2019,38563.0000,38246.0000,317.0000,0.83,0,0
1676,LI,Liechtenstein,,,SP.POP.TOTL,"Population, total",Health: Population,people,2020,38901.0000,38563.0000,338.0000,0.88,0,0
1675,LI,Liechtenstein,,,SP.POP.TOTL,"Population, total",Health: Population,people,2021,39182.0000,38901.0000,281.0000,0.72,0,0
6435,LI,Liechtenstein,,,SP.POP.TOTL,"Population, total",Health: Population,people,2024,40450.0000,39182.0000,1268.0000,3.24,0,0
6434,LI,Liechtenstein,,,SP.POP.TOTL,"Population, total",Health: Population,people,2025,41024.0000,40450.0000,574.0000,1.42,0,0
891,LK,Sri Lanka,,,NY.GDP.PCAP.CD,GDP per capita (current US$),Economic Policy & Debt,current US$,2018,4358.5610,,,,0,0
890,LK,Sri Lanka,,,NY.GDP.PCAP.CD,GDP per capita (current US$),Economic Policy & Debt,current US$,2019,4081.9477,4358.5610,-276.6133,-6.35,0,0
889,LK,Sri Lanka,,,NY.GDP.PCAP.CD,GDP per capita (current US$),Economic Policy & Debt,current US$,2020,3847.6014,4081.9477,-234.3463,-5.74,0,0
888,LK,Sri Lanka,,,NY.GDP.PCAP.CD,GDP per capita (current US$),Economic Policy & Debt,current US$,2021,3996.9624,3847.6014,149.3610,3.88,0,0
6074,LK,Sri Lanka,,,NY.GDP.PCAP.CD,GDP per capita (current US$),Economic Policy & Debt,current US$,2024,4545.3601,3996.9624,548.3977,13.72,0,0
6073,LK,Sri Lanka,,,NY.GDP.PCAP.CD,GDP per capita (current US$),Economic Policy & Debt,current US$,2025,5002.0790,4545.3601,456.7189,10.05,1,-0.057441
4015,LK,Sri Lanka,,,SH.H2O.BASW.ZS,People using at least basic drinking water services (% of population),Environment: Water and sanitation,% of population,2018,88.7140,,,,0,0
4014,LK,Sri Lanka,,,SH.H2O.BASW.ZS,People using at least basic drinking water services (% of population),Environment: Water and sanitation,% of population,2019,89.0075,88.7140,0.2935,0.33,0,0
4013,LK,Sri Lanka,,,SH.H2O.BASW.ZS,People using at least basic drinking water services (% of population),Environment: Water and sanitation,% of population,2020,89.3025,89.0075,0.2950,0.33,0,0
4012,LK,Sri Lanka,,,SH.H2O.BASW.ZS,People using at least basic drinking water services (% of population),Environment: Water and sanitation,% of population,2021,89.5988,89.3025,0.2963,0.33,0,0
7073,LK,Sri Lanka,,,SH.H2O.BASW.ZS,People using at least basic drinking water services (% of population),Environment: Water and sanitation,% of population,2024,90.2138,89.5988,0.6150,0.69,0,0
2998,LK,Sri Lanka,,,SP.DYN.LE00.IN,"Life expectancy at birth, total (years)",Health,years,2018,76.4850,,,,0,0
2997,LK,Sri Lanka,,,SP.DYN.LE00.IN,"Life expectancy at birth, total (years)",Health,years,2019,76.6980,76.4850,0.2130,0.28,0,0
2996,LK,Sri Lanka,,,SP.DYN.LE00.IN,"Life expectancy at birth, total (years)",Health,years,2020,76.9280,76.6980,0.2300,0.30,0,0
2995,LK,Sri Lanka,,,SP.DYN.LE00.IN,"Life expectancy at birth, total (years)",Health,years,2021,76.2780,76.9280,-0.6500,-0.84,0,0
6837,LK,Sri Lanka,,,SP.DYN.LE00.IN,"Life expectancy at birth, total (years)",Health,years,2024,77.6720,76.2780,1.3940,1.83,0,0
1942,LK,Sri Lanka,,,SP.POP.TOTL,"Population, total",Health: Population,people,2018,21670000.0000,,,,0,0
1941,LK,Sri Lanka,,,SP.POP.TOTL,"Population, total",Health: Population,people,2019,21803000.0000,21670000.0000,133000.0000,0.61,0,0
1940,LK,Sri Lanka,,,SP.POP.TOTL,"Population, total",Health: Population,people,2020,21919000.0000,21803000.0000,116000.0000,0.53,0,0
1939,LK,Sri Lanka,,,SP.POP.TOTL,"Population, total",Health: Population,people,2021,22156000.0000,21919000.0000,237000.0000,1.08,0,0
6567,LK,Sri Lanka,,,SP.POP.TOTL,"Population, total",Health: Population,people,2024,21916000.0000,22156000.0000,-240000.0000,-1.08,0,0
6566,LK,Sri Lanka,,,SP.POP.TOTL,"Population, total",Health: Population,people,2025,21756000.0000,21916000.0000,-160000.0000,-0.73,0,0
623,LR,Liberia,,,NY.GDP.PCAP.CD,GDP per capita (current US$),Economic Policy & Debt,current US$,2018,692.2031,,,,0,0
622,LR,Liberia,,,NY.GDP.PCAP.CD,GDP per capita (current US$),Economic Policy & Debt,current US$,2019,658.1642,692.2031,-34.0389,-4.92,0,0
621,LR,Liberia,,,NY.GDP.PCAP.CD,GDP per capita (current US$),Economic Policy & Debt,current US$,2020,616.7879,658.1642,-41.3763,-6.29,0,0
620,LR,Liberia,,,NY.GDP.PCAP.CD,GDP per capita (current US$),Economic Policy & Debt,current US$,2021,667.9661,616.7879,51.1782,8.30,0,0
5947,LR,Liberia,,,NY.GDP.PCAP.CD,GDP per capita (current US$),Economic Policy & Debt,current US$,2024,851.4977,667.9661,183.5316,27.48,0,0
5946,LR,Liberia,,,NY.GDP.PCAP.CD,GDP per capita (current US$),Economic Policy & Debt,current US$,2025,915.3290,851.4977,63.8313,7.50,1,-0.054090
3752,LR,Liberia,,,SH.H2O.BASW.ZS,People using at least basic drinking water services (% of population),Environment: Water and sanitation,% of population,2018,74.8362,,,,0,0
3751,LR,Liberia,,,SH.H2O.BASW.ZS,People using at least basic drinking water services (% of population),Environment: Water and sanitation,% of population,2019,75.5183,74.8362,0.6821,0.91,0,0
3750,LR,Liberia,,,SH.H2O.BASW.ZS,People using at least basic drinking water services (% of population),Environment: Water and sanitation,% of population,2020,76.1940,75.5183,0.6757,0.89,0,0
3749,LR,Liberia,,,SH.H2O.BASW.ZS,People using at least basic drinking water services (% of population),Environment: Water and sanitation,% of population,2021,76.8630,76.1940,0.6690,0.88,0,0
7008,LR,Liberia,,,SH.H2O.BASW.ZS,People using at least basic drinking water services (% of population),Environment: Water and sanitation,% of population,2024,78.8278,76.8630,1.9648,2.56,0,0
2726,LR,Liberia,,,SP.DYN.LE00.IN,"Life expectancy at birth, total (years)",Health,years,2018,60.9990,,,,0,0
2725,LR,Liberia,,,SP.DYN.LE00.IN,"Life expectancy at birth, total (years)",Health,years,2019,61.2320,60.9990,0.2330,0.38,0,0
2724,LR,Liberia,,,SP.DYN.LE00.IN,"Life expectancy at birth, total (years)",Health,years,2020,61.2670,61.2320,0.0350,0.06,0,0
2723,LR,Liberia,,,SP.DYN.LE00.IN,"Life expectancy at birth, total (years)",Health,years,2021,61.1660,61.2670,-0.1010,-0.16,0,0
6769,LR,Liberia,,,SP.DYN.LE00.IN,"Life expectancy at birth, total (years)",Health,years,2024,62.3240,61.1660,1.1580,1.89,1,-0.007978
1670,LR,Liberia,,,SP.POP.TOTL,"Population, total",Health: Population,people,2018,4944726.0000,,,,0,0
1669,LR,Liberia,,,SP.POP.TOTL,"Population, total",Health: Population,people,2019,5043721.0000,4944726.0000,98995.0000,2.00,0,0
1668,LR,Liberia,,,SP.POP.TOTL,"Population, total",Health: Population,people,2020,5149463.0000,5043721.0000,105742.0000,2.10,0,0
1667,LR,Liberia,,,SP.POP.TOTL,"Population, total",Health: Population,people,2021,5259323.0000,5149463.0000,109860.0000,2.13,0,0
6431,LR,Liberia,,,SP.POP.TOTL,"Population, total",Health: Population,people,2024,5612817.0000,5259323.0000,353494.0000,6.72,0,0
6430,LR,Liberia,,,SP.POP.TOTL,"Population, total",Health: Population,people,2025,5731206.0000,5612817.0000,118389.0000,2.11,0,0
619,LS,Lesotho,,,NY.GDP.PCAP.CD,GDP per capita (current US$),Economic Policy & Debt,current US$,2018,1170.6557,,,,0,0
618,LS,Lesotho,,,NY.GDP.PCAP.CD,GDP per capita (current US$),Economic Policy & Debt,current US$,2019,1082.0571,1170.6557,-88.5986,-7.57,0,0
617,LS,Lesotho,,,NY.GDP.PCAP.CD,GDP per capita (current US$),Economic Policy & Debt,current US$,2020,918.5826,1082.0571,-163.4745,-15.11,1,-0.106959
617,LS,Lesotho,,,NY.GDP.PCAP.CD,GDP per capita (current US$),Economic Policy & Debt,current US$,2020,918.5826,1082.0571,-163.4745,-15.11,1,-0.041982
616,LS,Lesotho,,,NY.GDP.PCAP.CD,GDP per capita (current US$),Economic Policy & Debt,current US$,2021,1066.5865,918.5826,148.0039,16.11,0,0
5945,LS,Lesotho,,,NY.GDP.PCAP.CD,GDP per capita (current US$),Economic Policy & Debt,current US$,2024,1023.0423,1066.5865,-43.5442,-4.08,0,0
5944,LS,Lesotho,,,NY.GDP.PCAP.CD,GDP per capita (current US$),Economic Policy & Debt,current US$,2025,1088.9628,1023.0423,65.9205,6.44,0,0
3748,LS,Lesotho,,,SH.H2O.BASW.ZS,People using at least basic drinking water services (% of population),Environment: Water and sanitation,% of population,2018,74.5633,,,,0,0
3747,LS,Lesotho,,,SH.H2O.BASW.ZS,People using at least basic drinking water services (% of population),Environment: Water and sanitation,% of population,2019,75.1377,74.5633,0.5744,0.77,0,0
3746,LS,Lesotho,,,SH.H2O.BASW.ZS,People using at least basic drinking water services (% of population),Environment: Water and sanitation,% of population,2020,75.7168,75.1377,0.5791,0.77,0,0
3745,LS,Lesotho,,,SH.H2O.BASW.ZS,People using at least basic drinking water services (% of population),Environment: Water and sanitation,% of population,2021,76.3003,75.7168,0.5835,0.77,0,0
7007,LS,Lesotho,,,SH.H2O.BASW.ZS,People using at least basic drinking water services (% of population),Environment: Water and sanitation,% of population,2024,78.0790,76.3003,1.7787,2.33,0,0
2722,LS,Lesotho,,,SP.DYN.LE00.IN,"Life expectancy at birth, total (years)",Health,years,2018,54.6380,,,,0,0
2721,LS,Lesotho,,,SP.DYN.LE00.IN,"Life expectancy at birth, total (years)",Health,years,2019,55.2490,54.6380,0.6110,1.12,0,0
2720,LS,Lesotho,,,SP.DYN.LE00.IN,"Life expectancy at birth, total (years)",Health,years,2020,55.1330,55.2490,-0.1160,-0.21,0,0
2719,LS,Lesotho,,,SP.DYN.LE00.IN,"Life expectancy at birth, total (years)",Health,years,2021,54.2090,55.1330,-0.9240,-1.68,0,0
6768,LS,Lesotho,,,SP.DYN.LE00.IN,"Life expectancy at birth, total (years)",Health,years,2024,57.7980,54.2090,3.5890,6.62,1,-0.037014
1666,LS,Lesotho,,,SP.POP.TOTL,"Population, total",Health: Population,people,2018,2183603.0000,,,,0,0
1665,LS,Lesotho,,,SP.POP.TOTL,"Population, total",Health: Population,people,2019,2209405.0000,2183603.0000,25802.0000,1.18,0,0
1664,LS,Lesotho,,,SP.POP.TOTL,"Population, total",Health: Population,people,2020,2235727.0000,2209405.0000,26322.0000,1.19,0,0
1663,LS,Lesotho,,,SP.POP.TOTL,"Population, total",Health: Population,people,2021,2261542.0000,2235727.0000,25815.0000,1.15,0,0
6429,LS,Lesotho,,,SP.POP.TOTL,"Population, total",Health: Population,people,2024,2337423.0000,2261542.0000,75881.0000,3.36,0,0
6428,LS,Lesotho,,,SP.POP.TOTL,"Population, total",Health: Population,people,2025,2363325.0000,2337423.0000,25902.0000,1.11,0,0
635,LT,Lithuania,,,NY.GDP.PCAP.CD,GDP per capita (current US$),Economic Policy & Debt,current US$,2018,19247.2315,,,,0,0
634,LT,Lithuania,,,NY.GDP.PCAP.CD,GDP per capita (current US$),Economic Policy & Debt,current US$,2019,19608.7944,19247.2315,361.5629,1.88,0,0
633,LT,Lithuania,,,NY.GDP.PCAP.CD,GDP per capita (current US$),Economic Policy & Debt,current US$,2020,20428.6478,19608.7944,819.8534,4.18,0,0
632,LT,Lithuania,,,NY.GDP.PCAP.CD,GDP per capita (current US$),Economic Policy & Debt,current US$,2021,23882.8669,20428.6478,3454.2191,16.91,0,0
5952,LT,Lithuania,,,NY.GDP.PCAP.CD,GDP per capita (current US$),Economic Policy & Debt,current US$,2024,29603.7773,23882.8669,5720.9104,23.95,0,0
5951,LT,Lithuania,,,NY.GDP.PCAP.CD,GDP per capita (current US$),Economic Policy & Debt,current US$,2025,32958.6706,29603.7773,3354.8933,11.33,1,-0.118889
5951,LT,Lithuania,,,NY.GDP.PCAP.CD,GDP per capita (current US$),Economic Policy & Debt,current US$,2025,32958.6706,29603.7773,3354.8933,11.33,1,-0.053912
3764,LT,Lithuania,,,SH.H2O.BASW.ZS,People using at least basic drinking water services (% of population),Environment: Water and sanitation,% of population,2018,98.0696,,,,0,0
3763,LT,Lithuania,,,SH.H2O.BASW.ZS,People using at least basic drinking water services (% of population),Environment: Water and sanitation,% of population,2019,98.5372,98.0696,0.4676,0.48,0,0
3762,LT,Lithuania,,,SH.H2O.BASW.ZS,People using at least basic drinking water services (% of population),Environment: Water and sanitation,% of population,2020,98.8922,98.5372,0.3550,0.36,0,0
3761,LT,Lithuania,,,SH.H2O.BASW.ZS,People using at least basic drinking water services (% of population),Environment: Water and sanitation,% of population,2021,99.2383,98.8922,0.3461,0.35,0,0
7011,LT,Lithuania,,,SH.H2O.BASW.ZS,People using at least basic drinking water services (% of population),Environment: Water and sanitation,% of population,2024,99.9182,99.2383,0.6799,0.69,0,0
2738,LT,Lithuania,,,SP.DYN.LE00.IN,"Life expectancy at birth, total (years)",Health,years,2018,75.6805,,,,0,0
2737,LT,Lithuania,,,SP.DYN.LE00.IN,"Life expectancy at birth, total (years)",Health,years,2019,76.2829,75.6805,0.6024,0.80,0,0
2736,LT,Lithuania,,,SP.DYN.LE00.IN,"Life expectancy at birth, total (years)",Health,years,2020,75.0293,76.2829,-1.2536,-1.64,0,0
2735,LT,Lithuania,,,SP.DYN.LE00.IN,"Life expectancy at birth, total (years)",Health,years,2021,74.0366,75.0293,-0.9927,-1.32,0,0
6772,LT,Lithuania,,,SP.DYN.LE00.IN,"Life expectancy at birth, total (years)",Health,years,2024,77.1951,74.0366,3.1585,4.27,0,0
1682,LT,Lithuania,,,SP.POP.TOTL,"Population, total",Health: Population,people,2018,2819200.0000,,,,0,0
1681,LT,Lithuania,,,SP.POP.TOTL,"Population, total",Health: Population,people,2019,2811089.0000,2819200.0000,-8111.0000,-0.29,0,0
1680,LT,Lithuania,,,SP.POP.TOTL,"Population, total",Health: Population,people,2020,2810369.0000,2811089.0000,-720.0000,-0.03,0,0
1679,LT,Lithuania,,,SP.POP.TOTL,"Population, total",Health: Population,people,2021,2808380.0000,2810369.0000,-1989.0000,-0.07,0,0
6437,LT,Lithuania,,,SP.POP.TOTL,"Population, total",Health: Population,people,2024,2888278.0000,2808380.0000,79898.0000,2.84,0,0
6436,LT,Lithuania,,,SP.POP.TOTL,"Population, total",Health: Population,people,2025,2888774.0000,2888278.0000,496.0000,0.02,0,0
639,LU,Luxembourg,,,NY.GDP.PCAP.CD,GDP per capita (current US$),Economic Policy & Debt,current US$,2018,116926.7596,,,,1,-0.010201
638,LU,Luxembourg,,,NY.GDP.PCAP.CD,GDP per capita (current US$),Economic Policy & Debt,current US$,2019,112696.6491,116926.7596,-4230.1105,-3.62,1,-0.072509
638,LU,Luxembourg,,,NY.GDP.PCAP.CD,GDP per capita (current US$),Economic Policy & Debt,current US$,2019,112696.6491,116926.7596,-4230.1105,-3.62,1,-0.007532
637,LU,Luxembourg,,,NY.GDP.PCAP.CD,GDP per capita (current US$),Economic Policy & Debt,current US$,2020,116860.0282,112696.6491,4163.3791,3.69,1,-0.056139
636,LU,Luxembourg,,,NY.GDP.PCAP.CD,GDP per capita (current US$),Economic Policy & Debt,current US$,2021,134965.8154,116860.0282,18105.7872,15.49,1,-0.116745
636,LU,Luxembourg,,,NY.GDP.PCAP.CD,GDP per capita (current US$),Economic Policy & Debt,current US$,2021,134965.8154,116860.0282,18105.7872,15.49,1,-0.051768
5954,LU,Luxembourg,,,NY.GDP.PCAP.CD,GDP per capita (current US$),Economic Policy & Debt,current US$,2024,137781.6817,134965.8154,2815.8663,2.09,1,-0.037034
5953,LU,Luxembourg,,,NY.GDP.PCAP.CD,GDP per capita (current US$),Economic Policy & Debt,current US$,2025,147252.1791,137781.6817,9470.4974,6.87,1,-0.151111
5953,LU,Luxembourg,,,NY.GDP.PCAP.CD,GDP per capita (current US$),Economic Policy & Debt,current US$,2025,147252.1791,137781.6817,9470.4974,6.87,1,-0.086134
3768,LU,Luxembourg,,,SH.H2O.BASW.ZS,People using at least basic drinking water services (% of population),Environment: Water and sanitation,% of population,2018,100.0000,,,,0,0
3767,LU,Luxembourg,,,SH.H2O.BASW.ZS,People using at least basic drinking water services (% of population),Environment: Water and sanitation,% of population,2019,100.0000,100.0000,0.0000,0.00,0,0
3766,LU,Luxembourg,,,SH.H2O.BASW.ZS,People using at least basic drinking water services (% of population),Environment: Water and sanitation,% of population,2020,100.0000,100.0000,0.0000,0.00,0,0
3765,LU,Luxembourg,,,SH.H2O.BASW.ZS,People using at least basic drinking water services (% of population),Environment: Water and sanitation,% of population,2021,100.0000,100.0000,0.0000,0.00,0,0
7012,LU,Luxembourg,,,SH.H2O.BASW.ZS,People using at least basic drinking water services (% of population),Environment: Water and sanitation,% of population,2024,100.0000,100.0000,0.0000,0.00,0,0
2742,LU,Luxembourg,,,SP.DYN.LE00.IN,"Life expectancy at birth, total (years)",Health,years,2018,82.2951,,,,0,0
2741,LU,Luxembourg,,,SP.DYN.LE00.IN,"Life expectancy at birth, total (years)",Health,years,2019,82.6390,82.2951,0.3439,0.42,0,0
2740,LU,Luxembourg,,,SP.DYN.LE00.IN,"Life expectancy at birth, total (years)",Health,years,2020,82.1439,82.6390,-0.4951,-0.60,0,0
2739,LU,Luxembourg,,,SP.DYN.LE00.IN,"Life expectancy at birth, total (years)",Health,years,2021,82.5976,82.1439,0.4537,0.55,0,0
6773,LU,Luxembourg,,,SP.DYN.LE00.IN,"Life expectancy at birth, total (years)",Health,years,2024,83.1951,82.5976,0.5975,0.72,0,0
1686,LU,Luxembourg,,,SP.POP.TOTL,"Population, total",Health: Population,people,2018,607950.0000,,,,0,0
1685,LU,Luxembourg,,,SP.POP.TOTL,"Population, total",Health: Population,people,2019,620001.0000,607950.0000,12051.0000,1.98,0,0
1684,LU,Luxembourg,,,SP.POP.TOTL,"Population, total",Health: Population,people,2020,630419.0000,620001.0000,10418.0000,1.68,0,0
1683,LU,Luxembourg,,,SP.POP.TOTL,"Population, total",Health: Population,people,2021,640064.0000,630419.0000,9645.0000,1.53,0,0
6439,LU,Luxembourg,,,SP.POP.TOTL,"Population, total",Health: Population,people,2024,677012.0000,640064.0000,36948.0000,5.77,0,0
6438,LU,Luxembourg,,,SP.POP.TOTL,"Population, total",Health: Population,people,2025,686970.0000,677012.0000,9958.0000,1.47,0,0
611,LV,Latvia,,,NY.GDP.PCAP.CD,GDP per capita (current US$),Economic Policy & Debt,current US$,2018,17252.1710,,,,0,0
610,LV,Latvia,,,NY.GDP.PCAP.CD,GDP per capita (current US$),Economic Policy & Debt,current US$,2019,17294.9752,17252.1710,42.8042,0.25,0,0
609,LV,Latvia,,,NY.GDP.PCAP.CD,GDP per capita (current US$),Economic Policy & Debt,current US$,2020,17564.2322,17294.9752,269.2570,1.56,0,0
608,LV,Latvia,,,NY.GDP.PCAP.CD,GDP per capita (current US$),Economic Policy & Debt,current US$,2021,20261.8888,17564.2322,2697.6566,15.36,0,0
5942,LV,Latvia,,,NY.GDP.PCAP.CD,GDP per capita (current US$),Economic Policy & Debt,current US$,2024,23578.9664,20261.8888,3317.0776,16.37,0,0
5941,LV,Latvia,,,NY.GDP.PCAP.CD,GDP per capita (current US$),Economic Policy & Debt,current US$,2025,26311.9731,23578.9664,2733.0067,11.59,1,-0.111985
5941,LV,Latvia,,,NY.GDP.PCAP.CD,GDP per capita (current US$),Economic Policy & Debt,current US$,2025,26311.9731,23578.9664,2733.0067,11.59,1,-0.047008
3740,LV,Latvia,,,SH.H2O.BASW.ZS,People using at least basic drinking water services (% of population),Environment: Water and sanitation,% of population,2018,98.5588,,,,0,0
3739,LV,Latvia,,,SH.H2O.BASW.ZS,People using at least basic drinking water services (% of population),Environment: Water and sanitation,% of population,2019,98.5947,98.5588,0.0359,0.04,0,0
3738,LV,Latvia,,,SH.H2O.BASW.ZS,People using at least basic drinking water services (% of population),Environment: Water and sanitation,% of population,2020,98.6306,98.5947,0.0359,0.04,0,0
3737,LV,Latvia,,,SH.H2O.BASW.ZS,People using at least basic drinking water services (% of population),Environment: Water and sanitation,% of population,2021,98.6663,98.6306,0.0357,0.04,0,0
7005,LV,Latvia,,,SH.H2O.BASW.ZS,People using at least basic drinking water services (% of population),Environment: Water and sanitation,% of population,2024,98.7726,98.6663,0.1063,0.11,0,0
2714,LV,Latvia,,,SP.DYN.LE00.IN,"Life expectancy at birth, total (years)",Health,years,2018,74.7829,,,,0,0
2713,LV,Latvia,,,SP.DYN.LE00.IN,"Life expectancy at birth, total (years)",Health,years,2019,75.3878,74.7829,0.6049,0.81,0,0
2712,LV,Latvia,,,SP.DYN.LE00.IN,"Life expectancy at birth, total (years)",Health,years,2020,75.1854,75.3878,-0.2024,-0.27,0,0
2711,LV,Latvia,,,SP.DYN.LE00.IN,"Life expectancy at birth, total (years)",Health,years,2021,72.9805,75.1854,-2.2049,-2.93,0,0
6766,LV,Latvia,,,SP.DYN.LE00.IN,"Life expectancy at birth, total (years)",Health,years,2024,76.4293,72.9805,3.4488,4.73,0,0
1658,LV,Latvia,,,SP.POP.TOTL,"Population, total",Health: Population,people,2018,1927174.0000,,,,0,0
1657,LV,Latvia,,,SP.POP.TOTL,"Population, total",Health: Population,people,2019,1913822.0000,1927174.0000,-13352.0000,-0.69,0,0
1656,LV,Latvia,,,SP.POP.TOTL,"Population, total",Health: Population,people,2020,1900449.0000,1913822.0000,-13373.0000,-0.70,0,0
1655,LV,Latvia,,,SP.POP.TOTL,"Population, total",Health: Population,people,2021,1884490.0000,1900449.0000,-15959.0000,-0.84,0,0
6425,LV,Latvia,,,SP.POP.TOTL,"Population, total",Health: Population,people,2024,1866124.0000,1884490.0000,-18366.0000,-0.97,0,0
6424,LV,Latvia,,,SP.POP.TOTL,"Population, total",Health: Population,people,2025,1847785.0000,1866124.0000,-18339.0000,-0.98,0,0
627,LY,Libya,,,NY.GDP.PCAP.CD,GDP per capita (current US$),Economic Policy & Debt,current US$,2018,11196.5855,,,,1,-0.076993
627,LY,Libya,,,NY.GDP.PCAP.CD,GDP per capita (current US$),Economic Policy & Debt,current US$,2018,11196.5855,,,,1,-0.012016
626,LY,Libya,,,NY.GDP.PCAP.CD,GDP per capita (current US$),Economic Policy & Debt,current US$,2019,9963.1949,11196.5855,-1233.3906,-11.02,1,-0.080203
626,LY,Libya,,,NY.GDP.PCAP.CD,GDP per capita (current US$),Economic Policy & Debt,current US$,2019,9963.1949,11196.5855,-1233.3906,-11.02,1,-0.015226
625,LY,Libya,,,NY.GDP.PCAP.CD,GDP per capita (current US$),Economic Policy & Debt,current US$,2020,6650.3381,9963.1949,-3312.8568,-33.25,1,-0.083258
625,LY,Libya,,,NY.GDP.PCAP.CD,GDP per capita (current US$),Economic Policy & Debt,current US$,2020,6650.3381,9963.1949,-3312.8568,-33.25,1,-0.018281
624,LY,Libya,,,NY.GDP.PCAP.CD,GDP per capita (current US$),Economic Policy & Debt,current US$,2021,4935.8279,6650.3381,-1714.5102,-25.78,1,-0.136812
624,LY,Libya,,,NY.GDP.PCAP.CD,GDP per capita (current US$),Economic Policy & Debt,current US$,2021,4935.8279,6650.3381,-1714.5102,-25.78,1,-0.071835
5949,LY,Libya,,,NY.GDP.PCAP.CD,GDP per capita (current US$),Economic Policy & Debt,current US$,2024,6569.1641,4935.8279,1633.3362,33.09,0,0
5948,LY,Libya,,,NY.GDP.PCAP.CD,GDP per capita (current US$),Economic Policy & Debt,current US$,2025,6448.8242,6569.1641,-120.3399,-1.83,0,0
3756,LY,Libya,,,SH.H2O.BASW.ZS,People using at least basic drinking water services (% of population),Environment: Water and sanitation,% of population,2018,94.7169,,,,0,0
3755,LY,Libya,,,SH.H2O.BASW.ZS,People using at least basic drinking water services (% of population),Environment: Water and sanitation,% of population,2019,94.9898,94.7169,0.2729,0.29,0,0
3754,LY,Libya,,,SH.H2O.BASW.ZS,People using at least basic drinking water services (% of population),Environment: Water and sanitation,% of population,2020,95.2628,94.9898,0.2730,0.29,0,0
3753,LY,Libya,,,SH.H2O.BASW.ZS,People using at least basic drinking water services (% of population),Environment: Water and sanitation,% of population,2021,95.5357,95.2628,0.2729,0.29,0,0
7009,LY,Libya,,,SH.H2O.BASW.ZS,People using at least basic drinking water services (% of population),Environment: Water and sanitation,% of population,2024,96.3545,95.5357,0.8188,0.86,0,0
2730,LY,Libya,,,SP.DYN.LE00.IN,"Life expectancy at birth, total (years)",Health,years,2018,73.1510,,,,0,0
2729,LY,Libya,,,SP.DYN.LE00.IN,"Life expectancy at birth, total (years)",Health,years,2019,72.9410,73.1510,-0.2100,-0.29,0,0
2728,LY,Libya,,,SP.DYN.LE00.IN,"Life expectancy at birth, total (years)",Health,years,2020,72.3880,72.9410,-0.5530,-0.76,0,0
2727,LY,Libya,,,SP.DYN.LE00.IN,"Life expectancy at birth, total (years)",Health,years,2021,72.0620,72.3880,-0.3260,-0.45,0,0
6770,LY,Libya,,,SP.DYN.LE00.IN,"Life expectancy at birth, total (years)",Health,years,2024,71.1210,72.0620,-0.9410,-1.31,0,0
1674,LY,Libya,,,SP.POP.TOTL,"Population, total",Health: Population,people,2018,6849055.0000,,,,0,0
1673,LY,Libya,,,SP.POP.TOTL,"Population, total",Health: Population,people,2019,6951033.0000,6849055.0000,101978.0000,1.49,0,0
1672,LY,Libya,,,SP.POP.TOTL,"Population, total",Health: Population,people,2020,7045399.0000,6951033.0000,94366.0000,1.36,0,0
1671,LY,Libya,,,SP.POP.TOTL,"Population, total",Health: Population,people,2021,7135175.0000,7045399.0000,89776.0000,1.27,0,0
6433,LY,Libya,,,SP.POP.TOTL,"Population, total",Health: Population,people,2024,7381023.0000,7135175.0000,245848.0000,3.45,0,0
6432,LY,Libya,,,SP.POP.TOTL,"Population, total",Health: Population,people,2025,7458555.0000,7381023.0000,77532.0000,1.05,0,0
707,MA,Morocco,,,NY.GDP.PCAP.CD,GDP per capita (current US$),Economic Policy & Debt,current US$,2018,3501.6980,,,,0,0
706,MA,Morocco,,,NY.GDP.PCAP.CD,GDP per capita (current US$),Economic Policy & Debt,current US$,2019,3508.0977,3501.6980,6.3997,0.18,0,0
705,MA,Morocco,,,NY.GDP.PCAP.CD,GDP per capita (current US$),Economic Policy & Debt,current US$,2020,3268.0303,3508.0977,-240.0674,-6.84,0,0
704,MA,Morocco,,,NY.GDP.PCAP.CD,GDP per capita (current US$),Economic Policy & Debt,current US$,2021,3785.9363,3268.0303,517.9060,15.85,0,0
5987,MA,Morocco,,,NY.GDP.PCAP.CD,GDP per capita (current US$),Economic Policy & Debt,current US$,2024,4153.1943,3785.9363,367.2580,9.70,0,0
5986,MA,Morocco,,,NY.GDP.PCAP.CD,GDP per capita (current US$),Economic Policy & Debt,current US$,2025,4672.4683,4153.1943,519.2740,12.50,1,-0.100725
5986,MA,Morocco,,,NY.GDP.PCAP.CD,GDP per capita (current US$),Economic Policy & Debt,current US$,2025,4672.4683,4153.1943,519.2740,12.50,1,-0.035748
3835,MA,Morocco,,,SH.H2O.BASW.ZS,People using at least basic drinking water services (% of population),Environment: Water and sanitation,% of population,2018,85.6112,,,,0,0
3834,MA,Morocco,,,SH.H2O.BASW.ZS,People using at least basic drinking water services (% of population),Environment: Water and sanitation,% of population,2019,86.7741,85.6112,1.1629,1.36,0,0
3833,MA,Morocco,,,SH.H2O.BASW.ZS,People using at least basic drinking water services (% of population),Environment: Water and sanitation,% of population,2020,87.9177,86.7741,1.1436,1.32,0,0
3832,MA,Morocco,,,SH.H2O.BASW.ZS,People using at least basic drinking water services (% of population),Environment: Water and sanitation,% of population,2021,89.0415,87.9177,1.1238,1.28,0,0
7028,MA,Morocco,,,SH.H2O.BASW.ZS,People using at least basic drinking water services (% of population),Environment: Water and sanitation,% of population,2024,92.2120,89.0415,3.1705,3.56,0,0
2810,MA,Morocco,,,SP.DYN.LE00.IN,"Life expectancy at birth, total (years)",Health,years,2018,73.9460,,,,0,0
2809,MA,Morocco,,,SP.DYN.LE00.IN,"Life expectancy at birth, total (years)",Health,years,2019,74.2450,73.9460,0.2990,0.40,0,0
2808,MA,Morocco,,,SP.DYN.LE00.IN,"Life expectancy at birth, total (years)",Health,years,2020,73.1330,74.2450,-1.1120,-1.50,0,0
2807,MA,Morocco,,,SP.DYN.LE00.IN,"Life expectancy at birth, total (years)",Health,years,2021,73.3850,73.1330,0.2520,0.34,0,0
6790,MA,Morocco,,,SP.DYN.LE00.IN,"Life expectancy at birth, total (years)",Health,years,2024,75.4930,73.3850,2.1080,2.87,0,0
1754,MA,Morocco,,,SP.POP.TOTL,"Population, total",Health: Population,people,2018,35839760.0000,,,,0,0
1753,MA,Morocco,,,SP.POP.TOTL,"Population, total",Health: Population,people,2019,36210898.0000,35839760.0000,371138.0000,1.04,0,0
1752,MA,Morocco,,,SP.POP.TOTL,"Population, total",Health: Population,people,2020,36584208.0000,36210898.0000,373310.0000,1.03,0,0
1751,MA,Morocco,,,SP.POP.TOTL,"Population, total",Health: Population,people,2021,36954442.0000,36584208.0000,370234.0000,1.01,0,0
6473,MA,Morocco,,,SP.POP.TOTL,"Population, total",Health: Population,people,2024,38081173.0000,36954442.0000,1126731.0000,3.05,0,0
6472,MA,Morocco,,,SP.POP.TOTL,"Population, total",Health: Population,people,2025,38430770.0000,38081173.0000,349597.0000,0.92,0,0
695,MC,Monaco,,,NY.GDP.PCAP.CD,GDP per capita (current US$),Economic Policy & Debt,current US$,2018,188298.3897,,,,1,-0.088737
695,MC,Monaco,,,NY.GDP.PCAP.CD,GDP per capita (current US$),Economic Policy & Debt,current US$,2018,188298.3897,,,,1,-0.023760
694,MC,Monaco,,,NY.GDP.PCAP.CD,GDP per capita (current US$),Economic Policy & Debt,current US$,2019,193746.7299,188298.3897,5448.3402,2.89,1,-0.101650
694,MC,Monaco,,,NY.GDP.PCAP.CD,GDP per capita (current US$),Economic Policy & Debt,current US$,2019,193746.7299,188298.3897,5448.3402,2.89,1,-0.036672
693,MC,Monaco,,,NY.GDP.PCAP.CD,GDP per capita (current US$),Economic Policy & Debt,current US$,2020,176891.8063,193746.7299,-16854.9236,-8.70,1,-0.157782
693,MC,Monaco,,,NY.GDP.PCAP.CD,GDP per capita (current US$),Economic Policy & Debt,current US$,2020,176891.8063,193746.7299,-16854.9236,-8.70,1,-0.092805
692,MC,Monaco,,,NY.GDP.PCAP.CD,GDP per capita (current US$),Economic Policy & Debt,current US$,2021,223823.3272,176891.8063,46931.5209,26.53,1,-0.203357
692,MC,Monaco,,,NY.GDP.PCAP.CD,GDP per capita (current US$),Economic Policy & Debt,current US$,2021,223823.3272,176891.8063,46931.5209,26.53,1,-0.138380
5981,MC,Monaco,,,NY.GDP.PCAP.CD,GDP per capita (current US$),Economic Policy & Debt,current US$,2024,288001.5749,223823.3272,64178.2477,28.67,1,-0.188149
5981,MC,Monaco,,,NY.GDP.PCAP.CD,GDP per capita (current US$),Economic Policy & Debt,current US$,2024,288001.5749,223823.3272,64178.2477,28.67,1,-0.123172
3823,MC,Monaco,,,SH.H2O.BASW.ZS,People using at least basic drinking water services (% of population),Environment: Water and sanitation,% of population,2018,100.0000,,,,0,0
3822,MC,Monaco,,,SH.H2O.BASW.ZS,People using at least basic drinking water services (% of population),Environment: Water and sanitation,% of population,2019,100.0000,100.0000,0.0000,0.00,0,0
3821,MC,Monaco,,,SH.H2O.BASW.ZS,People using at least basic drinking water services (% of population),Environment: Water and sanitation,% of population,2020,100.0000,100.0000,0.0000,0.00,0,0
3820,MC,Monaco,,,SH.H2O.BASW.ZS,People using at least basic drinking water services (% of population),Environment: Water and sanitation,% of population,2021,100.0000,100.0000,0.0000,0.00,0,0
7025,MC,Monaco,,,SH.H2O.BASW.ZS,People using at least basic drinking water services (% of population),Environment: Water and sanitation,% of population,2024,100.0000,100.0000,0.0000,0.00,0,0
2798,MC,Monaco,,,SP.DYN.LE00.IN,"Life expectancy at birth, total (years)",Health,years,2018,86.0840,,,,0,0
2797,MC,Monaco,,,SP.DYN.LE00.IN,"Life expectancy at birth, total (years)",Health,years,2019,86.1510,86.0840,0.0670,0.08,0,0
2796,MC,Monaco,,,SP.DYN.LE00.IN,"Life expectancy at birth, total (years)",Health,years,2020,86.0890,86.1510,-0.0620,-0.07,0,0
2795,MC,Monaco,,,SP.DYN.LE00.IN,"Life expectancy at birth, total (years)",Health,years,2021,85.1130,86.0890,-0.9760,-1.13,1,-0.006008
6787,MC,Monaco,,,SP.DYN.LE00.IN,"Life expectancy at birth, total (years)",Health,years,2024,86.4970,85.1130,1.3840,1.63,0,0
1742,MC,Monaco,,,SP.POP.TOTL,"Population, total",Health: Population,people,2018,38154.0000,,,,0,0
1741,MC,Monaco,,,SP.POP.TOTL,"Population, total",Health: Population,people,2019,38109.0000,38154.0000,-45.0000,-0.12,0,0
1740,MC,Monaco,,,SP.POP.TOTL,"Population, total",Health: Population,people,2020,38050.0000,38109.0000,-59.0000,-0.15,0,0
1739,MC,Monaco,,,SP.POP.TOTL,"Population, total",Health: Population,people,2021,38527.0000,38050.0000,477.0000,1.25,0,0
6467,MC,Monaco,,,SP.POP.TOTL,"Population, total",Health: Population,people,2024,38631.0000,38527.0000,104.0000,0.27,0,0
6466,MC,Monaco,,,SP.POP.TOTL,"Population, total",Health: Population,people,2025,38341.0000,38631.0000,-290.0000,-0.75,0,0
691,MD,Moldova,,,NY.GDP.PCAP.CD,GDP per capita (current US$),Economic Policy & Debt,current US$,2018,4156.4498,,,,1,-0.000293
690,MD,Moldova,,,NY.GDP.PCAP.CD,GDP per capita (current US$),Economic Policy & Debt,current US$,2019,4405.3342,4156.4498,248.8844,5.99,1,-0.002424
689,MD,Moldova,,,NY.GDP.PCAP.CD,GDP per capita (current US$),Economic Policy & Debt,current US$,2020,4375.7789,4405.3342,-29.5553,-0.67,0,0
688,MD,Moldova,,,NY.GDP.PCAP.CD,GDP per capita (current US$),Economic Policy & Debt,current US$,2021,5274.6058,4375.7789,898.8269,20.54,1,-0.031803
5980,MD,Moldova,,,NY.GDP.PCAP.CD,GDP per capita (current US$),Economic Policy & Debt,current US$,2024,7578.9022,5274.6058,2304.2964,43.69,1,-0.005559
5979,MD,Moldova,,,NY.GDP.PCAP.CD,GDP per capita (current US$),Economic Policy & Debt,current US$,2025,8621.7172,7578.9022,1042.8150,13.76,1,-0.143875
5979,MD,Moldova,,,NY.GDP.PCAP.CD,GDP per capita (current US$),Economic Policy & Debt,current US$,2025,8621.7172,7578.9022,1042.8150,13.76,1,-0.078898
3819,MD,Moldova,,,SH.H2O.BASW.ZS,People using at least basic drinking water services (% of population),Environment: Water and sanitation,% of population,2018,90.1206,,,,0,0
3818,MD,Moldova,,,SH.H2O.BASW.ZS,People using at least basic drinking water services (% of population),Environment: Water and sanitation,% of population,2019,90.5483,90.1206,0.4277,0.47,0,0
3817,MD,Moldova,,,SH.H2O.BASW.ZS,People using at least basic drinking water services (% of population),Environment: Water and sanitation,% of population,2020,90.9780,90.5483,0.4297,0.47,0,0
3816,MD,Moldova,,,SH.H2O.BASW.ZS,People using at least basic drinking water services (% of population),Environment: Water and sanitation,% of population,2021,91.4092,90.9780,0.4312,0.47,0,0
7024,MD,Moldova,,,SH.H2O.BASW.ZS,People using at least basic drinking water services (% of population),Environment: Water and sanitation,% of population,2024,92.7079,91.4092,1.2987,1.42,0,0
2794,MD,Moldova,,,SP.DYN.LE00.IN,"Life expectancy at birth, total (years)",Health,years,2018,70.2360,,,,0,0
2793,MD,Moldova,,,SP.DYN.LE00.IN,"Life expectancy at birth, total (years)",Health,years,2019,70.1810,70.2360,-0.0550,-0.08,0,0
2792,MD,Moldova,,,SP.DYN.LE00.IN,"Life expectancy at birth, total (years)",Health,years,2020,69.9140,70.1810,-0.2670,-0.38,0,0
2791,MD,Moldova,,,SP.DYN.LE00.IN,"Life expectancy at birth, total (years)",Health,years,2021,68.9910,69.9140,-0.9230,-1.32,0,0
6786,MD,Moldova,,,SP.DYN.LE00.IN,"Life expectancy at birth, total (years)",Health,years,2024,71.3320,68.9910,2.3410,3.39,0,0
1738,MD,Moldova,,,SP.POP.TOTL,"Population, total",Health: Population,people,2018,2707203.0000,,,,0,0
1737,MD,Moldova,,,SP.POP.TOTL,"Population, total",Health: Population,people,2019,2664224.0000,2707203.0000,-42979.0000,-1.59,0,0
1736,MD,Moldova,,,SP.POP.TOTL,"Population, total",Health: Population,people,2020,2635130.0000,2664224.0000,-29094.0000,-1.09,0,0
1735,MD,Moldova,,,SP.POP.TOTL,"Population, total",Health: Population,people,2021,2595809.0000,2635130.0000,-39321.0000,-1.49,0,0
6465,MD,Moldova,,,SP.POP.TOTL,"Population, total",Health: Population,people,2024,2402306.0000,2595809.0000,-193503.0000,-7.45,0,0
6464,MD,Moldova,,,SP.POP.TOTL,"Population, total",Health: Population,people,2025,2360527.0000,2402306.0000,-41779.0000,-1.74,0,0
703,ME,Montenegro,,,NY.GDP.PCAP.CD,GDP per capita (current US$),Economic Policy & Debt,current US$,2018,8673.5947,,,,0,0
702,ME,Montenegro,,,NY.GDP.PCAP.CD,GDP per capita (current US$),Economic Policy & Debt,current US$,2019,8749.2563,8673.5947,75.6616,0.87,0,0
701,ME,Montenegro,,,NY.GDP.PCAP.CD,GDP per capita (current US$),Economic Policy & Debt,current US$,2020,7555.4870,8749.2563,-1193.7693,-13.64,1,-0.074892
701,ME,Montenegro,,,NY.GDP.PCAP.CD,GDP per capita (current US$),Economic Policy & Debt,current US$,2020,7555.4870,8749.2563,-1193.7693,-13.64,1,-0.009915
700,ME,Montenegro,,,NY.GDP.PCAP.CD,GDP per capita (current US$),Economic Policy & Debt,current US$,2021,9315.8644,7555.4870,1760.3774,23.30,1,-0.052388
5985,ME,Montenegro,,,NY.GDP.PCAP.CD,GDP per capita (current US$),Economic Policy & Debt,current US$,2024,13270.1824,9315.8644,3954.3180,42.45,0,0
5984,ME,Montenegro,,,NY.GDP.PCAP.CD,GDP per capita (current US$),Economic Policy & Debt,current US$,2025,14816.8380,13270.1824,1546.6556,11.66,1,-0.121941
5984,ME,Montenegro,,,NY.GDP.PCAP.CD,GDP per capita (current US$),Economic Policy & Debt,current US$,2025,14816.8380,13270.1824,1546.6556,11.66,1,-0.056964
3831,ME,Montenegro,,,SH.H2O.BASW.ZS,People using at least basic drinking water services (% of population),Environment: Water and sanitation,% of population,2018,98.8789,,,,0,0
3830,ME,Montenegro,,,SH.H2O.BASW.ZS,People using at least basic drinking water services (% of population),Environment: Water and sanitation,% of population,2019,99.0816,98.8789,0.2027,0.20,0,0
3829,ME,Montenegro,,,SH.H2O.BASW.ZS,People using at least basic drinking water services (% of population),Environment: Water and sanitation,% of population,2020,99.2840,99.0816,0.2024,0.20,0,0
3828,ME,Montenegro,,,SH.H2O.BASW.ZS,People using at least basic drinking water services (% of population),Environment: Water and sanitation,% of population,2021,99.2830,99.2840,-0.0010,0.00,0,0
7027,ME,Montenegro,,,SH.H2O.BASW.ZS,People using at least basic drinking water services (% of population),Environment: Water and sanitation,% of population,2024,99.2801,99.2830,-0.0029,0.00,0,0
2806,ME,Montenegro,,,SP.DYN.LE00.IN,"Life expectancy at birth, total (years)",Health,years,2018,77.8854,,,,0,0
2805,ME,Montenegro,,,SP.DYN.LE00.IN,"Life expectancy at birth, total (years)",Health,years,2019,76.6829,77.8854,-1.2025,-1.54,0,0
2804,ME,Montenegro,,,SP.DYN.LE00.IN,"Life expectancy at birth, total (years)",Health,years,2020,75.9317,76.6829,-0.7512,-0.98,0,0
2803,ME,Montenegro,,,SP.DYN.LE00.IN,"Life expectancy at birth, total (years)",Health,years,2021,73.8244,75.9317,-2.1073,-2.78,0,0
6789,ME,Montenegro,,,SP.DYN.LE00.IN,"Life expectancy at birth, total (years)",Health,years,2024,77.8902,73.8244,4.0658,5.51,0,0
1750,ME,Montenegro,,,SP.POP.TOTL,"Population, total",Health: Population,people,2018,626438.0000,,,,0,0
1749,ME,Montenegro,,,SP.POP.TOTL,"Population, total",Health: Population,people,2019,626753.0000,626438.0000,315.0000,0.05,0,0
1748,ME,Montenegro,,,SP.POP.TOTL,"Population, total",Health: Population,people,2020,626590.0000,626753.0000,-163.0000,-0.03,0,0
1747,ME,Montenegro,,,SP.POP.TOTL,"Population, total",Health: Population,people,2021,625053.0000,626590.0000,-1537.0000,-0.25,0,0
6471,ME,Montenegro,,,SP.POP.TOTL,"Population, total",Health: Population,people,2024,623525.0000,625053.0000,-1528.0000,-0.24,0,0
6470,ME,Montenegro,,,SP.POP.TOTL,"Population, total",Health: Population,people,2025,623129.0000,623525.0000,-396.0000,-0.06,0,0
901,MF,St. Martin (French part),,,NY.GDP.PCAP.CD,GDP per capita (current US$),Economic Policy & Debt,current US$,2019,19033.0650,,,,0,0
900,MF,St. Martin (French part),,,NY.GDP.PCAP.CD,GDP per capita (current US$),Economic Policy & Debt,current US$,2021,21668.3777,19033.0650,2635.3127,13.85,0,0
4023,MF,St. Martin (French part),,,SH.H2O.BASW.ZS,People using at least basic drinking water services (% of population),Environment: Water and sanitation,% of population,2018,99.9517,,,,0,0
4022,MF,St. Martin (French part),,,SH.H2O.BASW.ZS,People using at least basic drinking water services (% of population),Environment: Water and sanitation,% of population,2019,99.9460,99.9517,-0.0057,-0.01,0,0
4021,MF,St. Martin (French part),,,SH.H2O.BASW.ZS,People using at least basic drinking water services (% of population),Environment: Water and sanitation,% of population,2020,99.9402,99.9460,-0.0058,-0.01,0,0
4020,MF,St. Martin (French part),,,SH.H2O.BASW.ZS,People using at least basic drinking water services (% of population),Environment: Water and sanitation,% of population,2021,99.9345,99.9402,-0.0057,-0.01,0,0
7075,MF,St. Martin (French part),,,SH.H2O.BASW.ZS,People using at least basic drinking water services (% of population),Environment: Water and sanitation,% of population,2024,99.9229,99.9345,-0.0116,-0.01,0,0
3010,MF,St. Martin (French part),,,SP.DYN.LE00.IN,"Life expectancy at birth, total (years)",Health,years,2018,80.0290,,,,0,0
3009,MF,St. Martin (French part),,,SP.DYN.LE00.IN,"Life expectancy at birth, total (years)",Health,years,2019,80.0780,80.0290,0.0490,0.06,0,0
3008,MF,St. Martin (French part),,,SP.DYN.LE00.IN,"Life expectancy at birth, total (years)",Health,years,2020,80.0850,80.0780,0.0070,0.01,0,0
3007,MF,St. Martin (French part),,,SP.DYN.LE00.IN,"Life expectancy at birth, total (years)",Health,years,2021,80.2060,80.0850,0.1210,0.15,0,0
6840,MF,St. Martin (French part),,,SP.DYN.LE00.IN,"Life expectancy at birth, total (years)",Health,years,2024,80.4380,80.2060,0.2320,0.29,0,0
1954,MF,St. Martin (French part),,,SP.POP.TOTL,"Population, total",Health: Population,people,2018,36012.0000,,,,0,0
1953,MF,St. Martin (French part),,,SP.POP.TOTL,"Population, total",Health: Population,people,2019,34267.0000,36012.0000,-1745.0000,-4.85,0,0
1952,MF,St. Martin (French part),,,SP.POP.TOTL,"Population, total",Health: Population,people,2020,31786.0000,34267.0000,-2481.0000,-7.24,0,0
1951,MF,St. Martin (French part),,,SP.POP.TOTL,"Population, total",Health: Population,people,2021,29961.0000,31786.0000,-1825.0000,-5.74,0,0
6573,MF,St. Martin (French part),,,SP.POP.TOTL,"Population, total",Health: Population,people,2024,26129.0000,29961.0000,-3832.0000,-12.79,0,0
6572,MF,St. Martin (French part),,,SP.POP.TOTL,"Population, total",Health: Population,people,2025,24941.0000,26129.0000,-1188.0000,-4.55,1,-0.006670
647,MG,Madagascar,,,NY.GDP.PCAP.CD,GDP per capita (current US$),Economic Policy & Debt,current US$,2018,500.4572,,,,0,0
646,MG,Madagascar,,,NY.GDP.PCAP.CD,GDP per capita (current US$),Economic Policy & Debt,current US$,2019,499.8188,500.4572,-0.6384,-0.13,0,0
645,MG,Madagascar,,,NY.GDP.PCAP.CD,GDP per capita (current US$),Economic Policy & Debt,current US$,2020,450.7716,499.8188,-49.0472,-9.81,1,-0.028885
644,MG,Madagascar,,,NY.GDP.PCAP.CD,GDP per capita (current US$),Economic Policy & Debt,current US$,2021,483.4695,450.7716,32.6979,7.25,0,0
5958,MG,Madagascar,,,NY.GDP.PCAP.CD,GDP per capita (current US$),Economic Policy & Debt,current US$,2024,550.3788,483.4695,66.9093,13.84,0,0
5957,MG,Madagascar,,,NY.GDP.PCAP.CD,GDP per capita (current US$),Economic Policy & Debt,current US$,2025,599.2653,550.3788,48.8865,8.88,1,-0.049037
3776,MG,Madagascar,,,SH.H2O.BASW.ZS,People using at least basic drinking water services (% of population),Environment: Water and sanitation,% of population,2018,50.6411,,,,0,0
3775,MG,Madagascar,,,SH.H2O.BASW.ZS,People using at least basic drinking water services (% of population),Environment: Water and sanitation,% of population,2019,51.4243,50.6411,0.7832,1.55,0,0
3774,MG,Madagascar,,,SH.H2O.BASW.ZS,People using at least basic drinking water services (% of population),Environment: Water and sanitation,% of population,2020,52.2021,51.4243,0.7778,1.51,0,0
3773,MG,Madagascar,,,SH.H2O.BASW.ZS,People using at least basic drinking water services (% of population),Environment: Water and sanitation,% of population,2021,52.9733,52.2021,0.7712,1.48,0,0
7014,MG,Madagascar,,,SH.H2O.BASW.ZS,People using at least basic drinking water services (% of population),Environment: Water and sanitation,% of population,2024,55.3390,52.9733,2.3657,4.47,1,-0.031970
2750,MG,Madagascar,,,SP.DYN.LE00.IN,"Life expectancy at birth, total (years)",Health,years,2018,63.4910,,,,0,0
2749,MG,Madagascar,,,SP.DYN.LE00.IN,"Life expectancy at birth, total (years)",Health,years,2019,63.5040,63.4910,0.0130,0.02,0,0
2748,MG,Madagascar,,,SP.DYN.LE00.IN,"Life expectancy at birth, total (years)",Health,years,2020,62.7060,63.5040,-0.7980,-1.26,0,0
2747,MG,Madagascar,,,SP.DYN.LE00.IN,"Life expectancy at birth, total (years)",Health,years,2021,62.5160,62.7060,-0.1900,-0.30,0,0
6775,MG,Madagascar,,,SP.DYN.LE00.IN,"Life expectancy at birth, total (years)",Health,years,2024,63.8350,62.5160,1.3190,2.11,0,0
1694,MG,Madagascar,,,SP.POP.TOTL,"Population, total",Health: Population,people,2018,27494926.0000,,,,0,0
1693,MG,Madagascar,,,SP.POP.TOTL,"Population, total",Health: Population,people,2019,28219554.0000,27494926.0000,724628.0000,2.64,0,0
1692,MG,Madagascar,,,SP.POP.TOTL,"Population, total",Health: Population,people,2020,28953556.0000,28219554.0000,734002.0000,2.60,0,0
1691,MG,Madagascar,,,SP.POP.TOTL,"Population, total",Health: Population,people,2021,29691083.0000,28953556.0000,737527.0000,2.55,0,0
6443,MG,Madagascar,,,SP.POP.TOTL,"Population, total",Health: Population,people,2024,31964956.0000,29691083.0000,2273873.0000,7.66,0,0
6442,MG,Madagascar,,,SP.POP.TOTL,"Population, total",Health: Population,people,2025,32740678.0000,31964956.0000,775722.0000,2.43,0,0
671,MH,Marshall Islands,,,NY.GDP.PCAP.CD,GDP per capita (current US$),Economic Policy & Debt,current US$,2018,4858.1208,,,,0,0
670,MH,Marshall Islands,,,NY.GDP.PCAP.CD,GDP per capita (current US$),Economic Policy & Debt,current US$,2019,5292.3399,4858.1208,434.2191,8.94,0,0
669,MH,Marshall Islands,,,NY.GDP.PCAP.CD,GDP per capita (current US$),Economic Policy & Debt,current US$,2020,5661.9679,5292.3399,369.6280,6.98,0,0
668,MH,Marshall Islands,,,NY.GDP.PCAP.CD,GDP per capita (current US$),Economic Policy & Debt,current US$,2021,6315.3117,5661.9679,653.3438,11.54,0,0
5970,MH,Marshall Islands,,,NY.GDP.PCAP.CD,GDP per capita (current US$),Economic Policy & Debt,current US$,2024,7590.2844,6315.3117,1274.9727,20.19,0,0
5969,MH,Marshall Islands,,,NY.GDP.PCAP.CD,GDP per capita (current US$),Economic Policy & Debt,current US$,2025,8489.0579,7590.2844,898.7735,11.84,1,-0.105853
5969,MH,Marshall Islands,,,NY.GDP.PCAP.CD,GDP per capita (current US$),Economic Policy & Debt,current US$,2025,8489.0579,7590.2844,898.7735,11.84,1,-0.040876
3800,MH,Marshall Islands,,,SH.H2O.BASW.ZS,People using at least basic drinking water services (% of population),Environment: Water and sanitation,% of population,2018,87.7453,,,,0,0
3799,MH,Marshall Islands,,,SH.H2O.BASW.ZS,People using at least basic drinking water services (% of population),Environment: Water and sanitation,% of population,2019,87.6893,87.7453,-0.0560,-0.06,0,0
3798,MH,Marshall Islands,,,SH.H2O.BASW.ZS,People using at least basic drinking water services (% of population),Environment: Water and sanitation,% of population,2020,87.6339,87.6893,-0.0554,-0.06,0,0
3797,MH,Marshall Islands,,,SH.H2O.BASW.ZS,People using at least basic drinking water services (% of population),Environment: Water and sanitation,% of population,2021,87.5793,87.6339,-0.0546,-0.06,0,0
7020,MH,Marshall Islands,,,SH.H2O.BASW.ZS,People using at least basic drinking water services (% of population),Environment: Water and sanitation,% of population,2024,87.4449,87.5793,-0.1344,-0.15,0,0
2774,MH,Marshall Islands,,,SP.DYN.LE00.IN,"Life expectancy at birth, total (years)",Health,years,2018,65.8700,,,,0,0
2773,MH,Marshall Islands,,,SP.DYN.LE00.IN,"Life expectancy at birth, total (years)",Health,years,2019,66.0470,65.8700,0.1770,0.27,0,0
2772,MH,Marshall Islands,,,SP.DYN.LE00.IN,"Life expectancy at birth, total (years)",Health,years,2020,65.3870,66.0470,-0.6600,-1.00,0,0
2771,MH,Marshall Islands,,,SP.DYN.LE00.IN,"Life expectancy at birth, total (years)",Health,years,2021,65.4210,65.3870,0.0340,0.05,0,0
6781,MH,Marshall Islands,,,SP.DYN.LE00.IN,"Life expectancy at birth, total (years)",Health,years,2024,67.0750,65.4210,1.6540,2.53,0,0
1718,MH,Marshall Islands,,,SP.POP.TOTL,"Population, total",Health: Population,people,2018,45285.0000,,,,0,0
1717,MH,Marshall Islands,,,SP.POP.TOTL,"Population, total",Health: Population,people,2019,44007.0000,45285.0000,-1278.0000,-2.82,0,0
1716,MH,Marshall Islands,,,SP.POP.TOTL,"Population, total",Health: Population,people,2020,42706.0000,44007.0000,-1301.0000,-2.96,0,0
1715,MH,Marshall Islands,,,SP.POP.TOTL,"Population, total",Health: Population,people,2021,41367.0000,42706.0000,-1339.0000,-3.14,0,0
6455,MH,Marshall Islands,,,SP.POP.TOTL,"Population, total",Health: Population,people,2024,37548.0000,41367.0000,-3819.0000,-9.23,0,0
6454,MH,Marshall Islands,,,SP.POP.TOTL,"Population, total",Health: Population,people,2025,36282.0000,37548.0000,-1266.0000,-3.37,0,0
755,MK,North Macedonia,,,NY.GDP.PCAP.CD,GDP per capita (current US$),Economic Policy & Debt,current US$,2018,6713.9893,,,,0,0
754,MK,North Macedonia,,,NY.GDP.PCAP.CD,GDP per capita (current US$),Economic Policy & Debt,current US$,2019,6718.8583,6713.9893,4.8690,0.07,0,0
753,MK,North Macedonia,,,NY.GDP.PCAP.CD,GDP per capita (current US$),Economic Policy & Debt,current US$,2020,6659.5965,6718.8583,-59.2618,-0.88,0,0
752,MK,North Macedonia,,,NY.GDP.PCAP.CD,GDP per capita (current US$),Economic Policy & Debt,current US$,2021,7620.8030,6659.5965,961.2065,14.43,0,0
6010,MK,North Macedonia,,,NY.GDP.PCAP.CD,GDP per capita (current US$),Economic Policy & Debt,current US$,2024,9291.8566,7620.8030,1671.0536,21.93,0,0
6009,MK,North Macedonia,,,NY.GDP.PCAP.CD,GDP per capita (current US$),Economic Policy & Debt,current US$,2025,10489.9255,9291.8566,1198.0689,12.89,1,-0.118890
6009,MK,North Macedonia,,,NY.GDP.PCAP.CD,GDP per capita (current US$),Economic Policy & Debt,current US$,2025,10489.9255,9291.8566,1198.0689,12.89,1,-0.053913
3879,MK,North Macedonia,,,SH.H2O.BASW.ZS,People using at least basic drinking water services (% of population),Environment: Water and sanitation,% of population,2018,97.8896,,,,0,0
3878,MK,North Macedonia,,,SH.H2O.BASW.ZS,People using at least basic drinking water services (% of population),Environment: Water and sanitation,% of population,2019,97.9694,97.8896,0.0798,0.08,0,0
3877,MK,North Macedonia,,,SH.H2O.BASW.ZS,People using at least basic drinking water services (% of population),Environment: Water and sanitation,% of population,2020,98.0498,97.9694,0.0804,0.08,0,0
3876,MK,North Macedonia,,,SH.H2O.BASW.ZS,People using at least basic drinking water services (% of population),Environment: Water and sanitation,% of population,2021,98.1308,98.0498,0.0810,0.08,0,0
7039,MK,North Macedonia,,,SH.H2O.BASW.ZS,People using at least basic drinking water services (% of population),Environment: Water and sanitation,% of population,2024,98.1873,98.1308,0.0565,0.06,0,0
2858,MK,North Macedonia,,,SP.DYN.LE00.IN,"Life expectancy at birth, total (years)",Health,years,2018,76.6488,,,,0,0
2857,MK,North Macedonia,,,SP.DYN.LE00.IN,"Life expectancy at birth, total (years)",Health,years,2019,76.6024,76.6488,-0.0464,-0.06,0,0
2856,MK,North Macedonia,,,SP.DYN.LE00.IN,"Life expectancy at birth, total (years)",Health,years,2020,74.3951,76.6024,-2.2073,-2.88,0,0
2855,MK,North Macedonia,,,SP.DYN.LE00.IN,"Life expectancy at birth, total (years)",Health,years,2021,73.2463,74.3951,-1.1488,-1.54,0,0
6802,MK,North Macedonia,,,SP.DYN.LE00.IN,"Life expectancy at birth, total (years)",Health,years,2024,76.6166,73.2463,3.3703,4.60,0,0
1802,MK,North Macedonia,,,SP.POP.TOTL,"Population, total",Health: Population,people,2018,1889051.0000,,,,0,0
1801,MK,North Macedonia,,,SP.POP.TOTL,"Population, total",Health: Population,people,2019,1876262.0000,1889051.0000,-12789.0000,-0.68,0,0
1800,MK,North Macedonia,,,SP.POP.TOTL,"Population, total",Health: Population,people,2020,1856124.0000,1876262.0000,-20138.0000,-1.07,0,0
1799,MK,North Macedonia,,,SP.POP.TOTL,"Population, total",Health: Population,people,2021,1837114.0000,1856124.0000,-19010.0000,-1.02,0,0
6497,MK,North Macedonia,,,SP.POP.TOTL,"Population, total",Health: Population,people,2024,1824359.0000,1837114.0000,-12755.0000,-0.69,0,0
6496,MK,North Macedonia,,,SP.POP.TOTL,"Population, total",Health: Population,people,2025,1820909.0000,1824359.0000,-3450.0000,-0.19,0,0
663,ML,Mali,,,NY.GDP.PCAP.CD,GDP per capita (current US$),Economic Policy & Debt,current US$,2018,996.3793,,,,0,0
662,ML,Mali,,,NY.GDP.PCAP.CD,GDP per capita (current US$),Economic Policy & Debt,current US$,2019,971.9493,996.3793,-24.4300,-2.45,0,0
661,ML,Mali,,,NY.GDP.PCAP.CD,GDP per capita (current US$),Economic Policy & Debt,current US$,2020,953.2429,971.9493,-18.7064,-1.92,0,0
660,ML,Mali,,,NY.GDP.PCAP.CD,GDP per capita (current US$),Economic Policy & Debt,current US$,2021,1027.2735,953.2429,74.0306,7.77,0,0
5966,ML,Mali,,,NY.GDP.PCAP.CD,GDP per capita (current US$),Economic Policy & Debt,current US$,2024,1093.2523,1027.2735,65.9788,6.42,0,0
5965,ML,Mali,,,NY.GDP.PCAP.CD,GDP per capita (current US$),Economic Policy & Debt,current US$,2025,1193.2760,1093.2523,100.0237,9.15,1,-0.062605
3792,ML,Mali,,,SH.H2O.BASW.ZS,People using at least basic drinking water services (% of population),Environment: Water and sanitation,% of population,2018,77.9249,,,,0,0
3791,ML,Mali,,,SH.H2O.BASW.ZS,People using at least basic drinking water services (% of population),Environment: Water and sanitation,% of population,2019,79.3876,77.9249,1.4627,1.88,0,0
3790,ML,Mali,,,SH.H2O.BASW.ZS,People using at least basic drinking water services (% of population),Environment: Water and sanitation,% of population,2020,80.8342,79.3876,1.4466,1.82,0,0
3789,ML,Mali,,,SH.H2O.BASW.ZS,People using at least basic drinking water services (% of population),Environment: Water and sanitation,% of population,2021,82.2653,80.8342,1.4311,1.77,0,0
7018,ML,Mali,,,SH.H2O.BASW.ZS,People using at least basic drinking water services (% of population),Environment: Water and sanitation,% of population,2024,86.3634,82.2653,4.0981,4.98,0,0
2766,ML,Mali,,,SP.DYN.LE00.IN,"Life expectancy at birth, total (years)",Health,years,2018,58.8730,,,,0,0
2765,ML,Mali,,,SP.DYN.LE00.IN,"Life expectancy at birth, total (years)",Health,years,2019,59.2170,58.8730,0.3440,0.58,0,0
2764,ML,Mali,,,SP.DYN.LE00.IN,"Life expectancy at birth, total (years)",Health,years,2020,58.8580,59.2170,-0.3590,-0.61,0,0
2763,ML,Mali,,,SP.DYN.LE00.IN,"Life expectancy at birth, total (years)",Health,years,2021,59.1160,58.8580,0.2580,0.44,0,0
6779,ML,Mali,,,SP.DYN.LE00.IN,"Life expectancy at birth, total (years)",Health,years,2024,60.6750,59.1160,1.5590,2.64,1,-0.018861
1710,ML,Mali,,,SP.POP.TOTL,"Population, total",Health: Population,people,2018,20442030.0000,,,,0,0
1709,ML,Mali,,,SP.POP.TOTL,"Population, total",Health: Population,people,2019,21068405.0000,20442030.0000,626375.0000,3.06,0,0
1708,ML,Mali,,,SP.POP.TOTL,"Population, total",Health: Population,people,2020,21713836.0000,21068405.0000,645431.0000,3.06,0,0
1707,ML,Mali,,,SP.POP.TOTL,"Population, total",Health: Population,people,2021,22388630.0000,21713836.0000,674794.0000,3.11,0,0
6451,ML,Mali,,,SP.POP.TOTL,"Population, total",Health: Population,people,2024,24478595.0000,22388630.0000,2089965.0000,9.33,0,0
6450,ML,Mali,,,SP.POP.TOTL,"Population, total",Health: Population,people,2025,25198821.0000,24478595.0000,720226.0000,2.94,0,0
715,MM,Myanmar,,,NY.GDP.PCAP.CD,GDP per capita (current US$),Economic Policy & Debt,current US$,2018,1298.2131,,,,0,0
714,MM,Myanmar,,,NY.GDP.PCAP.CD,GDP per capita (current US$),Economic Policy & Debt,current US$,2019,1425.9895,1298.2131,127.7764,9.84,0,0
713,MM,Myanmar,,,NY.GDP.PCAP.CD,GDP per capita (current US$),Economic Policy & Debt,current US$,2020,1490.2168,1425.9895,64.2273,4.50,0,0
712,MM,Myanmar,,,NY.GDP.PCAP.CD,GDP per capita (current US$),Economic Policy & Debt,current US$,2021,1242.7213,1490.2168,-247.4955,-16.61,1,-0.080945
712,MM,Myanmar,,,NY.GDP.PCAP.CD,GDP per capita (current US$),Economic Policy & Debt,current US$,2021,1242.7213,1490.2168,-247.4955,-16.61,1,-0.015968
5991,MM,Myanmar,,,NY.GDP.PCAP.CD,GDP per capita (current US$),Economic Policy & Debt,current US$,2024,1359.0500,1242.7213,116.3287,9.36,0,0
5990,MM,Myanmar,,,NY.GDP.PCAP.CD,GDP per capita (current US$),Economic Policy & Debt,current US$,2025,1488.8753,1359.0500,129.8253,9.55,0,0
3843,MM,Myanmar,,,SH.H2O.BASW.ZS,People using at least basic drinking water services (% of population),Environment: Water and sanitation,% of population,2018,79.5887,,,,0,0
3842,MM,Myanmar,,,SH.H2O.BASW.ZS,People using at least basic drinking water services (% of population),Environment: Water and sanitation,% of population,2019,81.6416,79.5887,2.0529,2.58,0,0
3841,MM,Myanmar,,,SH.H2O.BASW.ZS,People using at least basic drinking water services (% of population),Environment: Water and sanitation,% of population,2020,83.6955,81.6416,2.0539,2.52,0,0
3840,MM,Myanmar,,,SH.H2O.BASW.ZS,People using at least basic drinking water services (% of population),Environment: Water and sanitation,% of population,2021,85.5310,83.6955,1.8355,2.19,0,0
7030,MM,Myanmar,,,SH.H2O.BASW.ZS,People using at least basic drinking water services (% of population),Environment: Water and sanitation,% of population,2024,85.6871,85.5310,0.1561,0.18,0,0
2818,MM,Myanmar,,,SP.DYN.LE00.IN,"Life expectancy at birth, total (years)",Health,years,2018,66.2320,,,,0,0
2817,MM,Myanmar,,,SP.DYN.LE00.IN,"Life expectancy at birth, total (years)",Health,years,2019,66.4570,66.2320,0.2250,0.34,0,0
2816,MM,Myanmar,,,SP.DYN.LE00.IN,"Life expectancy at birth, total (years)",Health,years,2020,66.6120,66.4570,0.1550,0.23,0,0
2815,MM,Myanmar,,,SP.DYN.LE00.IN,"Life expectancy at birth, total (years)",Health,years,2021,65.5530,66.6120,-1.0590,-1.59,0,0
6792,MM,Myanmar,,,SP.DYN.LE00.IN,"Life expectancy at birth, total (years)",Health,years,2024,67.0950,65.5530,1.5420,2.35,0,0
1762,MM,Myanmar,,,SP.POP.TOTL,"Population, total",Health: Population,people,2018,52272247.0000,,,,0,0
1761,MM,Myanmar,,,SP.POP.TOTL,"Population, total",Health: Population,people,2019,52640713.0000,52272247.0000,368466.0000,0.70,0,0
1760,MM,Myanmar,,,SP.POP.TOTL,"Population, total",Health: Population,people,2020,53016522.0000,52640713.0000,375809.0000,0.71,0,0
1759,MM,Myanmar,,,SP.POP.TOTL,"Population, total",Health: Population,people,2021,53387102.0000,53016522.0000,370580.0000,0.70,0,0
6477,MM,Myanmar,,,SP.POP.TOTL,"Population, total",Health: Population,people,2024,54500091.0000,53387102.0000,1112989.0000,2.08,0,0
6476,MM,Myanmar,,,SP.POP.TOTL,"Population, total",Health: Population,people,2025,54850648.0000,54500091.0000,350557.0000,0.64,0,0
699,MN,Mongolia,,,NY.GDP.PCAP.CD,GDP per capita (current US$),Economic Policy & Debt,current US$,2018,4107.6429,,,,0,0
698,MN,Mongolia,,,NY.GDP.PCAP.CD,GDP per capita (current US$),Economic Policy & Debt,current US$,2019,4347.5461,4107.6429,239.9032,5.84,0,0
697,MN,Mongolia,,,NY.GDP.PCAP.CD,GDP per capita (current US$),Economic Policy & Debt,current US$,2020,4001.2519,4347.5461,-346.2942,-7.97,1,-0.028380
696,MN,Mongolia,,,NY.GDP.PCAP.CD,GDP per capita (current US$),Economic Policy & Debt,current US$,2021,4517.6158,4001.2519,516.3639,12.91,0,0
5983,MN,Mongolia,,,NY.GDP.PCAP.CD,GDP per capita (current US$),Economic Policy & Debt,current US$,2024,6750.6301,4517.6158,2233.0143,49.43,1,-0.022292
5982,MN,Mongolia,,,NY.GDP.PCAP.CD,GDP per capita (current US$),Economic Policy & Debt,current US$,2025,7108.2274,6750.6301,357.5973,5.30,1,-0.074275
5982,MN,Mongolia,,,NY.GDP.PCAP.CD,GDP per capita (current US$),Economic Policy & Debt,current US$,2025,7108.2274,6750.6301,357.5973,5.30,1,-0.009298
3827,MN,Mongolia,,,SH.H2O.BASW.ZS,People using at least basic drinking water services (% of population),Environment: Water and sanitation,% of population,2018,81.4784,,,,0,0
3826,MN,Mongolia,,,SH.H2O.BASW.ZS,People using at least basic drinking water services (% of population),Environment: Water and sanitation,% of population,2019,82.2332,81.4784,0.7548,0.93,0,0
3825,MN,Mongolia,,,SH.H2O.BASW.ZS,People using at least basic drinking water services (% of population),Environment: Water and sanitation,% of population,2020,82.9947,82.2332,0.7615,0.93,0,0
3824,MN,Mongolia,,,SH.H2O.BASW.ZS,People using at least basic drinking water services (% of population),Environment: Water and sanitation,% of population,2021,83.7616,82.9947,0.7669,0.92,0,0
7026,MN,Mongolia,,,SH.H2O.BASW.ZS,People using at least basic drinking water services (% of population),Environment: Water and sanitation,% of population,2024,86.0927,83.7616,2.3311,2.78,0,0
2802,MN,Mongolia,,,SP.DYN.LE00.IN,"Life expectancy at birth, total (years)",Health,years,2018,70.8271,,,,0,0
2801,MN,Mongolia,,,SP.DYN.LE00.IN,"Life expectancy at birth, total (years)",Health,years,2019,71.0532,70.8271,0.2261,0.32,0,0
2800,MN,Mongolia,,,SP.DYN.LE00.IN,"Life expectancy at birth, total (years)",Health,years,2020,71.3490,71.0532,0.2958,0.42,0,0
2799,MN,Mongolia,,,SP.DYN.LE00.IN,"Life expectancy at birth, total (years)",Health,years,2021,71.6451,71.3490,0.2961,0.42,0,0
6788,MN,Mongolia,,,SP.DYN.LE00.IN,"Life expectancy at birth, total (years)",Health,years,2024,72.3980,71.6451,0.7529,1.05,0,0
1746,MN,Mongolia,,,SP.POP.TOTL,"Population, total",Health: Population,people,2018,3208189.0000,,,,0,0
1745,MN,Mongolia,,,SP.POP.TOTL,"Population, total",Health: Population,people,2019,3267673.0000,3208189.0000,59484.0000,1.85,0,0
1744,MN,Mongolia,,,SP.POP.TOTL,"Population, total",Health: Population,people,2020,3327204.0000,3267673.0000,59531.0000,1.82,0,0
1743,MN,Mongolia,,,SP.POP.TOTL,"Population, total",Health: Population,people,2021,3383741.0000,3327204.0000,56537.0000,1.70,0,0
6469,MN,Mongolia,,,SP.POP.TOTL,"Population, total",Health: Population,people,2024,3524788.0000,3383741.0000,141047.0000,4.17,0,0
6468,MN,Mongolia,,,SP.POP.TOTL,"Population, total",Health: Population,people,2025,3568978.0000,3524788.0000,44190.0000,1.25,0,0
643,MO,"Macao SAR, China",,,NY.GDP.PCAP.CD,GDP per capita (current US$),Economic Policy & Debt,current US$,2018,83588.2875,,,,1,-0.100825
643,MO,"Macao SAR, China",,,NY.GDP.PCAP.CD,GDP per capita (current US$),Economic Policy & Debt,current US$,2018,83588.2875,,,,1,-0.035848
642,MO,"Macao SAR, China",,,NY.GDP.PCAP.CD,GDP per capita (current US$),Economic Policy & Debt,current US$,2019,81882.6965,83588.2875,-1705.5910,-2.04,1,-0.083728
642,MO,"Macao SAR, China",,,NY.GDP.PCAP.CD,GDP per capita (current US$),Economic Policy & Debt,current US$,2019,81882.6965,83588.2875,-1705.5910,-2.04,1,-0.018750
641,MO,"Macao SAR, China",,,NY.GDP.PCAP.CD,GDP per capita (current US$),Economic Policy & Debt,current US$,2020,36883.6653,81882.6965,-44999.0312,-54.96,1,-0.194595
641,MO,"Macao SAR, China",,,NY.GDP.PCAP.CD,GDP per capita (current US$),Economic Policy & Debt,current US$,2020,36883.6653,81882.6965,-44999.0312,-54.96,1,-0.129618
640,MO,"Macao SAR, China",,,NY.GDP.PCAP.CD,GDP per capita (current US$),Economic Policy & Debt,current US$,2021,44884.8962,36883.6653,8001.2309,21.69,1,-0.167105
640,MO,"Macao SAR, China",,,NY.GDP.PCAP.CD,GDP per capita (current US$),Economic Policy & Debt,current US$,2021,44884.8962,36883.6653,8001.2309,21.69,1,-0.102128
5956,MO,"Macao SAR, China",,,NY.GDP.PCAP.CD,GDP per capita (current US$),Economic Policy & Debt,current US$,2024,72004.7437,44884.8962,27119.8475,60.42,0,0
5955,MO,"Macao SAR, China",,,NY.GDP.PCAP.CD,GDP per capita (current US$),Economic Policy & Debt,current US$,2025,75901.7461,72004.7437,3897.0024,5.41,1,-0.069121
5955,MO,"Macao SAR, China",,,NY.GDP.PCAP.CD,GDP per capita (current US$),Economic Policy & Debt,current US$,2025,75901.7461,72004.7437,3897.0024,5.41,1,-0.004144
3772,MO,"Macao SAR, China",,,SH.H2O.BASW.ZS,People using at least basic drinking water services (% of population),Environment: Water and sanitation,% of population,2018,100.0000,,,,0,0
3771,MO,"Macao SAR, China",,,SH.H2O.BASW.ZS,People using at least basic drinking water services (% of population),Environment: Water and sanitation,% of population,2019,100.0000,100.0000,0.0000,0.00,0,0
3770,MO,"Macao SAR, China",,,SH.H2O.BASW.ZS,People using at least basic drinking water services (% of population),Environment: Water and sanitation,% of population,2020,100.0000,100.0000,0.0000,0.00,0,0
3769,MO,"Macao SAR, China",,,SH.H2O.BASW.ZS,People using at least basic drinking water services (% of population),Environment: Water and sanitation,% of population,2021,100.0000,100.0000,0.0000,0.00,0,0
7013,MO,"Macao SAR, China",,,SH.H2O.BASW.ZS,People using at least basic drinking water services (% of population),Environment: Water and sanitation,% of population,2024,100.0000,100.0000,0.0000,0.00,0,0
2746,MO,"Macao SAR, China",,,SP.DYN.LE00.IN,"Life expectancy at birth, total (years)",Health,years,2018,83.6780,,,,0,0
2745,MO,"Macao SAR, China",,,SP.DYN.LE00.IN,"Life expectancy at birth, total (years)",Health,years,2019,83.9293,83.6780,0.2513,0.30,0,0
2744,MO,"Macao SAR, China",,,SP.DYN.LE00.IN,"Life expectancy at birth, total (years)",Health,years,2020,84.1293,83.9293,0.2000,0.24,0,0
2743,MO,"Macao SAR, China",,,SP.DYN.LE00.IN,"Life expectancy at birth, total (years)",Health,years,2021,83.7293,84.1293,-0.4000,-0.48,0,0
6774,MO,"Macao SAR, China",,,SP.DYN.LE00.IN,"Life expectancy at birth, total (years)",Health,years,2024,83.3317,83.7293,-0.3976,-0.47,0,0
1690,MO,"Macao SAR, China",,,SP.POP.TOTL,"Population, total",Health: Population,people,2018,658900.0000,,,,0,0
1689,MO,"Macao SAR, China",,,SP.POP.TOTL,"Population, total",Health: Population,people,2019,672000.0000,658900.0000,13100.0000,1.99,0,0
1688,MO,"Macao SAR, China",,,SP.POP.TOTL,"Population, total",Health: Population,people,2020,685400.0000,672000.0000,13400.0000,1.99,0,0
1687,MO,"Macao SAR, China",,,SP.POP.TOTL,"Population, total",Health: Population,people,2021,682500.0000,685400.0000,-2900.0000,-0.42,0,0
6441,MO,"Macao SAR, China",,,SP.POP.TOTL,"Population, total",Health: Population,people,2024,687000.0000,682500.0000,4500.0000,0.66,0,0
6440,MO,"Macao SAR, China",,,SP.POP.TOTL,"Population, total",Health: Population,people,2025,685900.0000,687000.0000,-1100.0000,-0.16,0,0
759,MP,Northern Mariana Islands,,,NY.GDP.PCAP.CD,GDP per capita (current US$),Economic Policy & Debt,current US$,2018,26509.3628,,,,0,0
758,MP,Northern Mariana Islands,,,NY.GDP.PCAP.CD,GDP per capita (current US$),Economic Policy & Debt,current US$,2019,24496.6652,26509.3628,-2012.6976,-7.59,0,0
757,MP,Northern Mariana Islands,,,NY.GDP.PCAP.CD,GDP per capita (current US$),Economic Policy & Debt,current US$,2020,18220.8382,24496.6652,-6275.8270,-25.62,1,-0.095779
757,MP,Northern Mariana Islands,,,NY.GDP.PCAP.CD,GDP per capita (current US$),Economic Policy & Debt,current US$,2020,18220.8382,24496.6652,-6275.8270,-25.62,1,-0.030802
756,MP,Northern Mariana Islands,,,NY.GDP.PCAP.CD,GDP per capita (current US$),Economic Policy & Debt,current US$,2021,19455.5014,18220.8382,1234.6632,6.78,0,0
3883,MP,Northern Mariana Islands,,,SH.H2O.BASW.ZS,People using at least basic drinking water services (% of population),Environment: Water and sanitation,% of population,2018,99.8890,,,,0,0
3882,MP,Northern Mariana Islands,,,SH.H2O.BASW.ZS,People using at least basic drinking water services (% of population),Environment: Water and sanitation,% of population,2019,100.0000,99.8890,0.1110,0.11,0,0
3881,MP,Northern Mariana Islands,,,SH.H2O.BASW.ZS,People using at least basic drinking water services (% of population),Environment: Water and sanitation,% of population,2020,100.0000,100.0000,0.0000,0.00,0,0
3880,MP,Northern Mariana Islands,,,SH.H2O.BASW.ZS,People using at least basic drinking water services (% of population),Environment: Water and sanitation,% of population,2021,100.0000,100.0000,0.0000,0.00,0,0
7040,MP,Northern Mariana Islands,,,SH.H2O.BASW.ZS,People using at least basic drinking water services (% of population),Environment: Water and sanitation,% of population,2024,100.0000,100.0000,0.0000,0.00,0,0
2862,MP,Northern Mariana Islands,,,SP.DYN.LE00.IN,"Life expectancy at birth, total (years)",Health,years,2018,77.5100,,,,0,0
2861,MP,Northern Mariana Islands,,,SP.DYN.LE00.IN,"Life expectancy at birth, total (years)",Health,years,2019,77.8440,77.5100,0.3340,0.43,0,0
2860,MP,Northern Mariana Islands,,,SP.DYN.LE00.IN,"Life expectancy at birth, total (years)",Health,years,2020,78.0300,77.8440,0.1860,0.24,0,0
2859,MP,Northern Mariana Islands,,,SP.DYN.LE00.IN,"Life expectancy at birth, total (years)",Health,years,2021,78.1600,78.0300,0.1300,0.17,0,0
6803,MP,Northern Mariana Islands,,,SP.DYN.LE00.IN,"Life expectancy at birth, total (years)",Health,years,2024,78.9470,78.1600,0.7870,1.01,0,0
1806,MP,Northern Mariana Islands,,,SP.POP.TOTL,"Population, total",Health: Population,people,2018,49077.0000,,,,0,0
1805,MP,Northern Mariana Islands,,,SP.POP.TOTL,"Population, total",Health: Population,people,2019,48129.0000,49077.0000,-948.0000,-1.93,0,0
1804,MP,Northern Mariana Islands,,,SP.POP.TOTL,"Population, total",Health: Population,people,2020,47528.0000,48129.0000,-601.0000,-1.25,0,0
1803,MP,Northern Mariana Islands,,,SP.POP.TOTL,"Population, total",Health: Population,people,2021,46979.0000,47528.0000,-549.0000,-1.16,0,0
6499,MP,Northern Mariana Islands,,,SP.POP.TOTL,"Population, total",Health: Population,people,2024,44278.0000,46979.0000,-2701.0000,-5.75,0,0
6498,MP,Northern Mariana Islands,,,SP.POP.TOTL,"Population, total",Health: Population,people,2025,43541.0000,44278.0000,-737.0000,-1.66,0,0
675,MR,Mauritania,,,NY.GDP.PCAP.CD,GDP per capita (current US$),Economic Policy & Debt,current US$,2018,1723.3781,,,,0,0
674,MR,Mauritania,,,NY.GDP.PCAP.CD,GDP per capita (current US$),Economic Policy & Debt,current US$,2019,1767.0727,1723.3781,43.6946,2.54,0,0
673,MR,Mauritania,,,NY.GDP.PCAP.CD,GDP per capita (current US$),Economic Policy & Debt,current US$,2020,1795.7244,1767.0727,28.6517,1.62,0,0
672,MR,Mauritania,,,NY.GDP.PCAP.CD,GDP per capita (current US$),Economic Policy & Debt,current US$,2021,1947.4741,1795.7244,151.7497,8.45,0,0
5972,MR,Mauritania,,,NY.GDP.PCAP.CD,GDP per capita (current US$),Economic Policy & Debt,current US$,2024,2104.5426,1947.4741,157.0685,8.07,0,0
5971,MR,Mauritania,,,NY.GDP.PCAP.CD,GDP per capita (current US$),Economic Policy & Debt,current US$,2025,2197.5105,2104.5426,92.9679,4.42,0,0
3804,MR,Mauritania,,,SH.H2O.BASW.ZS,People using at least basic drinking water services (% of population),Environment: Water and sanitation,% of population,2018,68.6188,,,,0,0
3803,MR,Mauritania,,,SH.H2O.BASW.ZS,People using at least basic drinking water services (% of population),Environment: Water and sanitation,% of population,2019,70.1832,68.6188,1.5644,2.28,0,0
3802,MR,Mauritania,,,SH.H2O.BASW.ZS,People using at least basic drinking water services (% of population),Environment: Water and sanitation,% of population,2020,71.7451,70.1832,1.5619,2.23,0,0
3801,MR,Mauritania,,,SH.H2O.BASW.ZS,People using at least basic drinking water services (% of population),Environment: Water and sanitation,% of population,2021,73.3050,71.7451,1.5599,2.17,0,0
7021,MR,Mauritania,,,SH.H2O.BASW.ZS,People using at least basic drinking water services (% of population),Environment: Water and sanitation,% of population,2024,77.2846,73.3050,3.9796,5.43,0,0
2778,MR,Mauritania,,,SP.DYN.LE00.IN,"Life expectancy at birth, total (years)",Health,years,2018,67.4190,,,,0,0
2777,MR,Mauritania,,,SP.DYN.LE00.IN,"Life expectancy at birth, total (years)",Health,years,2019,67.6400,67.4190,0.2210,0.33,0,0
2776,MR,Mauritania,,,SP.DYN.LE00.IN,"Life expectancy at birth, total (years)",Health,years,2020,66.7940,67.6400,-0.8460,-1.25,0,0
2775,MR,Mauritania,,,SP.DYN.LE00.IN,"Life expectancy at birth, total (years)",Health,years,2021,66.7620,66.7940,-0.0320,-0.05,0,0
6782,MR,Mauritania,,,SP.DYN.LE00.IN,"Life expectancy at birth, total (years)",Health,years,2024,68.7130,66.7620,1.9510,2.92,0,0
1722,MR,Mauritania,,,SP.POP.TOTL,"Population, total",Health: Population,people,2018,4337685.0000,,,,0,0
1721,MR,Mauritania,,,SP.POP.TOTL,"Population, total",Health: Population,people,2019,4467708.0000,4337685.0000,130023.0000,3.00,0,0
1720,MR,Mauritania,,,SP.POP.TOTL,"Population, total",Health: Population,people,2020,4600131.0000,4467708.0000,132423.0000,2.96,0,0
1719,MR,Mauritania,,,SP.POP.TOTL,"Population, total",Health: Population,people,2021,4734874.0000,4600131.0000,134743.0000,2.93,0,0
6457,MR,Mauritania,,,SP.POP.TOTL,"Population, total",Health: Population,people,2024,5169395.0000,4734874.0000,434521.0000,9.18,0,0
6456,MR,Mauritania,,,SP.POP.TOTL,"Population, total",Health: Population,people,2025,5315065.0000,5169395.0000,145670.0000,2.82,0,0
667,MT,Malta,,,NY.GDP.PCAP.CD,GDP per capita (current US$),Economic Policy & Debt,current US$,2018,33382.2808,,,,0,0
666,MT,Malta,,,NY.GDP.PCAP.CD,GDP per capita (current US$),Economic Policy & Debt,current US$,2019,32421.9087,33382.2808,-960.3721,-2.88,0,0
665,MT,Malta,,,NY.GDP.PCAP.CD,GDP per capita (current US$),Economic Policy & Debt,current US$,2020,31823.4220,32421.9087,-598.4867,-1.85,0,0
664,MT,Malta,,,NY.GDP.PCAP.CD,GDP per capita (current US$),Economic Policy & Debt,current US$,2021,38078.0064,31823.4220,6254.5844,19.65,1,-0.033671
5968,MT,Malta,,,NY.GDP.PCAP.CD,GDP per capita (current US$),Economic Policy & Debt,current US$,2024,44023.6341,38078.0064,5945.6277,15.61,0,0
5967,MT,Malta,,,NY.GDP.PCAP.CD,GDP per capita (current US$),Economic Policy & Debt,current US$,2025,47906.9000,44023.6341,3883.2659,8.82,1,-0.109889
5967,MT,Malta,,,NY.GDP.PCAP.CD,GDP per capita (current US$),Economic Policy & Debt,current US$,2025,47906.9000,44023.6341,3883.2659,8.82,1,-0.044912
3796,MT,Malta,,,SH.H2O.BASW.ZS,People using at least basic drinking water services (% of population),Environment: Water and sanitation,% of population,2018,100.0000,,,,0,0
3795,MT,Malta,,,SH.H2O.BASW.ZS,People using at least basic drinking water services (% of population),Environment: Water and sanitation,% of population,2019,100.0000,100.0000,0.0000,0.00,0,0
3794,MT,Malta,,,SH.H2O.BASW.ZS,People using at least basic drinking water services (% of population),Environment: Water and sanitation,% of population,2020,100.0000,100.0000,0.0000,0.00,0,0
3793,MT,Malta,,,SH.H2O.BASW.ZS,People using at least basic drinking water services (% of population),Environment: Water and sanitation,% of population,2021,100.0000,100.0000,0.0000,0.00,0,0
7019,MT,Malta,,,SH.H2O.BASW.ZS,People using at least basic drinking water services (% of population),Environment: Water and sanitation,% of population,2024,100.0000,100.0000,0.0000,0.00,0,0
2770,MT,Malta,,,SP.DYN.LE00.IN,"Life expectancy at birth, total (years)",Health,years,2018,82.2488,,,,0,0
2769,MT,Malta,,,SP.DYN.LE00.IN,"Life expectancy at birth, total (years)",Health,years,2019,82.6585,82.2488,0.4097,0.50,0,0
2768,MT,Malta,,,SP.DYN.LE00.IN,"Life expectancy at birth, total (years)",Health,years,2020,82.0976,82.6585,-0.5609,-0.68,0,0
2767,MT,Malta,,,SP.DYN.LE00.IN,"Life expectancy at birth, total (years)",Health,years,2021,82.2585,82.0976,0.1609,0.20,0,0
6780,MT,Malta,,,SP.DYN.LE00.IN,"Life expectancy at birth, total (years)",Health,years,2024,82.9561,82.2585,0.6976,0.85,0,0
1714,MT,Malta,,,SP.POP.TOTL,"Population, total",Health: Population,people,2018,483903.0000,,,,0,0
1713,MT,Malta,,,SP.POP.TOTL,"Population, total",Health: Population,people,2019,503912.0000,483903.0000,20009.0000,4.13,0,0
1712,MT,Malta,,,SP.POP.TOTL,"Population, total",Health: Population,people,2020,515490.0000,503912.0000,11578.0000,2.30,0,0
1711,MT,Malta,,,SP.POP.TOTL,"Population, total",Health: Population,people,2021,518150.0000,515490.0000,2660.0000,0.52,0,0
6453,MT,Malta,,,SP.POP.TOTL,"Population, total",Health: Population,people,2024,568847.0000,518150.0000,50697.0000,9.78,0,0
6452,MT,Malta,,,SP.POP.TOTL,"Population, total",Health: Population,people,2025,579704.0000,568847.0000,10857.0000,1.91,0,0
679,MU,Mauritius,,,NY.GDP.PCAP.CD,GDP per capita (current US$),Economic Policy & Debt,current US$,2018,11818.7481,,,,0,0
678,MU,Mauritius,,,NY.GDP.PCAP.CD,GDP per capita (current US$),Economic Policy & Debt,current US$,2019,11568.2533,11818.7481,-250.4948,-2.12,0,0
677,MU,Mauritius,,,NY.GDP.PCAP.CD,GDP per capita (current US$),Economic Policy & Debt,current US$,2020,9135.8477,11568.2533,-2432.4056,-21.03,1,-0.092680
677,MU,Mauritius,,,NY.GDP.PCAP.CD,GDP per capita (current US$),Economic Policy & Debt,current US$,2020,9135.8477,11568.2533,-2432.4056,-21.03,1,-0.027703
676,MU,Mauritius,,,NY.GDP.PCAP.CD,GDP per capita (current US$),Economic Policy & Debt,current US$,2021,9177.7120,9135.8477,41.8643,0.46,0,0
5974,MU,Mauritius,,,NY.GDP.PCAP.CD,GDP per capita (current US$),Economic Policy & Debt,current US$,2024,11990.9355,9177.7120,2813.2235,30.65,0,0
5973,MU,Mauritius,,,NY.GDP.PCAP.CD,GDP per capita (current US$),Economic Policy & Debt,current US$,2025,12991.2936,11990.9355,1000.3581,8.34,1,-0.014321
3808,MU,Mauritius,,,SH.H2O.BASW.ZS,People using at least basic drinking water services (% of population),Environment: Water and sanitation,% of population,2018,99.7810,,,,0,0
3807,MU,Mauritius,,,SH.H2O.BASW.ZS,People using at least basic drinking water services (% of population),Environment: Water and sanitation,% of population,2019,99.8052,99.7810,0.0242,0.02,0,0
3806,MU,Mauritius,,,SH.H2O.BASW.ZS,People using at least basic drinking water services (% of population),Environment: Water and sanitation,% of population,2020,99.8295,99.8052,0.0243,0.02,0,0
3805,MU,Mauritius,,,SH.H2O.BASW.ZS,People using at least basic drinking water services (% of population),Environment: Water and sanitation,% of population,2021,99.8537,99.8295,0.0242,0.02,0,0
7022,MU,Mauritius,,,SH.H2O.BASW.ZS,People using at least basic drinking water services (% of population),Environment: Water and sanitation,% of population,2024,99.9265,99.8537,0.0728,0.07,0,0
2782,MU,Mauritius,,,SP.DYN.LE00.IN,"Life expectancy at birth, total (years)",Health,years,2018,74.4163,,,,0,0
2781,MU,Mauritius,,,SP.DYN.LE00.IN,"Life expectancy at birth, total (years)",Health,years,2019,74.2359,74.4163,-0.1804,-0.24,0,0
2780,MU,Mauritius,,,SP.DYN.LE00.IN,"Life expectancy at birth, total (years)",Health,years,2020,74.1771,74.2359,-0.0588,-0.08,0,0
2779,MU,Mauritius,,,SP.DYN.LE00.IN,"Life expectancy at birth, total (years)",Health,years,2021,73.6802,74.1771,-0.4969,-0.67,0,0
6783,MU,Mauritius,,,SP.DYN.LE00.IN,"Life expectancy at birth, total (years)",Health,years,2024,73.7890,73.6802,0.1088,0.15,0,0
1726,MU,Mauritius,,,SP.POP.TOTL,"Population, total",Health: Population,people,2018,1265577.0000,,,,0,0
1725,MU,Mauritius,,,SP.POP.TOTL,"Population, total",Health: Population,people,2019,1265985.0000,1265577.0000,408.0000,0.03,0,0
1724,MU,Mauritius,,,SP.POP.TOTL,"Population, total",Health: Population,people,2020,1266014.0000,1265985.0000,29.0000,0.00,0,0
1723,MU,Mauritius,,,SP.POP.TOTL,"Population, total",Health: Population,people,2021,1266334.0000,1266014.0000,320.0000,0.03,0,0
6459,MU,Mauritius,,,SP.POP.TOTL,"Population, total",Health: Population,people,2024,1245779.0000,1266334.0000,-20555.0000,-1.62,0,0
6458,MU,Mauritius,,,SP.POP.TOTL,"Population, total",Health: Population,people,2025,1243741.0000,1245779.0000,-2038.0000,-0.16,0,0
659,MV,Maldives,,,NY.GDP.PCAP.CD,GDP per capita (current US$),Economic Policy & Debt,current US$,2018,11423.2838,,,,0,0
658,MV,Maldives,,,NY.GDP.PCAP.CD,GDP per capita (current US$),Economic Policy & Debt,current US$,2019,11740.2724,11423.2838,316.9886,2.77,0,0
657,MV,Maldives,,,NY.GDP.PCAP.CD,GDP per capita (current US$),Economic Policy & Debt,current US$,2020,7393.8887,11740.2724,-4346.3837,-37.02,1,-0.180166
657,MV,Maldives,,,NY.GDP.PCAP.CD,GDP per capita (current US$),Economic Policy & Debt,current US$,2020,7393.8887,11740.2724,-4346.3837,-37.02,1,-0.115189
656,MV,Maldives,,,NY.GDP.PCAP.CD,GDP per capita (current US$),Economic Policy & Debt,current US$,2021,10176.1439,7393.8887,2782.2552,37.63,1,-0.094569
656,MV,Maldives,,,NY.GDP.PCAP.CD,GDP per capita (current US$),Economic Policy & Debt,current US$,2021,10176.1439,7393.8887,2782.2552,37.63,1,-0.029592
5964,MV,Maldives,,,NY.GDP.PCAP.CD,GDP per capita (current US$),Economic Policy & Debt,current US$,2024,13379.3514,10176.1439,3203.2075,31.48,0,0
5963,MV,Maldives,,,NY.GDP.PCAP.CD,GDP per capita (current US$),Economic Policy & Debt,current US$,2025,14614.7208,13379.3514,1235.3694,9.23,1,-0.067897
5963,MV,Maldives,,,NY.GDP.PCAP.CD,GDP per capita (current US$),Economic Policy & Debt,current US$,2025,14614.7208,13379.3514,1235.3694,9.23,1,-0.002920
3788,MV,Maldives,,,SH.H2O.BASW.ZS,People using at least basic drinking water services (% of population),Environment: Water and sanitation,% of population,2018,99.4839,,,,0,0
3787,MV,Maldives,,,SH.H2O.BASW.ZS,People using at least basic drinking water services (% of population),Environment: Water and sanitation,% of population,2019,99.6231,99.4839,0.1392,0.14,0,0
3786,MV,Maldives,,,SH.H2O.BASW.ZS,People using at least basic drinking water services (% of population),Environment: Water and sanitation,% of population,2020,99.6490,99.6231,0.0259,0.03,0,0
3785,MV,Maldives,,,SH.H2O.BASW.ZS,People using at least basic drinking water services (% of population),Environment: Water and sanitation,% of population,2021,99.6754,99.6490,0.0264,0.03,0,0
7017,MV,Maldives,,,SH.H2O.BASW.ZS,People using at least basic drinking water services (% of population),Environment: Water and sanitation,% of population,2024,99.7585,99.6754,0.0831,0.08,0,0
2762,MV,Maldives,,,SP.DYN.LE00.IN,"Life expectancy at birth, total (years)",Health,years,2018,79.4330,,,,0,0
2761,MV,Maldives,,,SP.DYN.LE00.IN,"Life expectancy at birth, total (years)",Health,years,2019,79.7070,79.4330,0.2740,0.34,0,0
2760,MV,Maldives,,,SP.DYN.LE00.IN,"Life expectancy at birth, total (years)",Health,years,2020,78.7130,79.7070,-0.9940,-1.25,0,0
2759,MV,Maldives,,,SP.DYN.LE00.IN,"Life expectancy at birth, total (years)",Health,years,2021,78.0520,78.7130,-0.6610,-0.84,0,0
6778,MV,Maldives,,,SP.DYN.LE00.IN,"Life expectancy at birth, total (years)",Health,years,2024,81.2850,78.0520,3.2330,4.14,0,0
1706,MV,Maldives,,,SP.POP.TOTL,"Population, total",Health: Population,people,2018,473099.0000,,,,0,0
1705,MV,Maldives,,,SP.POP.TOTL,"Population, total",Health: Population,people,2019,487731.0000,473099.0000,14632.0000,3.09,0,0
1704,MV,Maldives,,,SP.POP.TOTL,"Population, total",Health: Population,people,2020,502118.0000,487731.0000,14387.0000,2.95,0,0
1703,MV,Maldives,,,SP.POP.TOTL,"Population, total",Health: Population,people,2021,516154.0000,502118.0000,14036.0000,2.80,0,0
6449,MV,Maldives,,,SP.POP.TOTL,"Population, total",Health: Population,people,2024,527799.0000,516154.0000,11645.0000,2.26,0,0
6448,MV,Maldives,,,SP.POP.TOTL,"Population, total",Health: Population,people,2025,529676.0000,527799.0000,1877.0000,0.36,0,0
651,MW,Malawi,,,NY.GDP.PCAP.CD,GDP per capita (current US$),Economic Policy & Debt,current US$,2018,533.2026,,,,0,0
650,MW,Malawi,,,NY.GDP.PCAP.CD,GDP per capita (current US$),Economic Policy & Debt,current US$,2019,580.8891,533.2026,47.6865,8.94,0,0
649,MW,Malawi,,,NY.GDP.PCAP.CD,GDP per capita (current US$),Economic Policy & Debt,current US$,2020,602.5075,580.8891,21.6184,3.72,0,0
648,MW,Malawi,,,NY.GDP.PCAP.CD,GDP per capita (current US$),Economic Policy & Debt,current US$,2021,617.4470,602.5075,14.9395,2.48,0,0
5960,MW,Malawi,,,NY.GDP.PCAP.CD,GDP per capita (current US$),Economic Policy & Debt,current US$,2024,522.3654,617.4470,-95.0816,-15.40,0,0
5959,MW,Malawi,,,NY.GDP.PCAP.CD,GDP per capita (current US$),Economic Policy & Debt,current US$,2025,671.5068,522.3654,149.1414,28.55,1,-0.125020
5959,MW,Malawi,,,NY.GDP.PCAP.CD,GDP per capita (current US$),Economic Policy & Debt,current US$,2025,671.5068,522.3654,149.1414,28.55,1,-0.060043
3780,MW,Malawi,,,SH.H2O.BASW.ZS,People using at least basic drinking water services (% of population),Environment: Water and sanitation,% of population,2018,68.3152,,,,0,0
3779,MW,Malawi,,,SH.H2O.BASW.ZS,People using at least basic drinking water services (% of population),Environment: Water and sanitation,% of population,2019,69.0908,68.3152,0.7756,1.14,0,0
3778,MW,Malawi,,,SH.H2O.BASW.ZS,People using at least basic drinking water services (% of population),Environment: Water and sanitation,% of population,2020,69.8639,69.0908,0.7731,1.12,0,0
3777,MW,Malawi,,,SH.H2O.BASW.ZS,People using at least basic drinking water services (% of population),Environment: Water and sanitation,% of population,2021,70.6342,69.8639,0.7703,1.10,0,0
7015,MW,Malawi,,,SH.H2O.BASW.ZS,People using at least basic drinking water services (% of population),Environment: Water and sanitation,% of population,2024,73.0536,70.6342,2.4194,3.43,0,0
2754,MW,Malawi,,,SP.DYN.LE00.IN,"Life expectancy at birth, total (years)",Health,years,2018,64.4640,,,,0,0
2753,MW,Malawi,,,SP.DYN.LE00.IN,"Life expectancy at birth, total (years)",Health,years,2019,64.9950,64.4640,0.5310,0.82,0,0
2752,MW,Malawi,,,SP.DYN.LE00.IN,"Life expectancy at birth, total (years)",Health,years,2020,65.2160,64.9950,0.2210,0.34,0,0
2751,MW,Malawi,,,SP.DYN.LE00.IN,"Life expectancy at birth, total (years)",Health,years,2021,64.7820,65.2160,-0.4340,-0.67,0,0
6776,MW,Malawi,,,SP.DYN.LE00.IN,"Life expectancy at birth, total (years)",Health,years,2024,67.5610,64.7820,2.7790,4.29,0,0
1698,MW,Malawi,,,SP.POP.TOTL,"Population, total",Health: Population,people,2018,18528081.0000,,,,0,0
1697,MW,Malawi,,,SP.POP.TOTL,"Population, total",Health: Population,people,2019,19025752.0000,18528081.0000,497671.0000,2.69,0,0
1696,MW,Malawi,,,SP.POP.TOTL,"Population, total",Health: Population,people,2020,19533888.0000,19025752.0000,508136.0000,2.67,0,0
1695,MW,Malawi,,,SP.POP.TOTL,"Population, total",Health: Population,people,2021,20047258.0000,19533888.0000,513370.0000,2.63,0,0
6445,MW,Malawi,,,SP.POP.TOTL,"Population, total",Health: Population,people,2024,21655286.0000,20047258.0000,1608028.0000,8.02,0,0
6444,MW,Malawi,,,SP.POP.TOTL,"Population, total",Health: Population,people,2025,22216120.0000,21655286.0000,560834.0000,2.59,0,0
683,MX,Mexico,,,NY.GDP.PCAP.CD,GDP per capita (current US$),Economic Policy & Debt,current US$,2018,10084.7938,,,,0,0
682,MX,Mexico,,,NY.GDP.PCAP.CD,GDP per capita (current US$),Economic Policy & Debt,current US$,2019,10369.5554,10084.7938,284.7616,2.82,0,0
681,MX,Mexico,,,NY.GDP.PCAP.CD,GDP per capita (current US$),Economic Policy & Debt,current US$,2020,8841.2707,10369.5554,-1528.2847,-14.74,1,-0.076848
681,MX,Mexico,,,NY.GDP.PCAP.CD,GDP per capita (current US$),Economic Policy & Debt,current US$,2020,8841.2707,10369.5554,-1528.2847,-14.74,1,-0.011871
680,MX,Mexico,,,NY.GDP.PCAP.CD,GDP per capita (current US$),Economic Policy & Debt,current US$,2021,10314.0507,8841.2707,1472.7800,16.66,1,-0.009130
5976,MX,Mexico,,,NY.GDP.PCAP.CD,GDP per capita (current US$),Economic Policy & Debt,current US$,2024,13988.0424,10314.0507,3673.9917,35.62,0,0
5975,MX,Mexico,,,NY.GDP.PCAP.CD,GDP per capita (current US$),Economic Policy & Debt,current US$,2025,13889.2340,13988.0424,-98.8084,-0.71,0,0
3812,MX,Mexico,,,SH.H2O.BASW.ZS,People using at least basic drinking water services (% of population),Environment: Water and sanitation,% of population,2018,98.1950,,,,0,0
3811,MX,Mexico,,,SH.H2O.BASW.ZS,People using at least basic drinking water services (% of population),Environment: Water and sanitation,% of population,2019,98.4694,98.1950,0.2744,0.28,0,0
3810,MX,Mexico,,,SH.H2O.BASW.ZS,People using at least basic drinking water services (% of population),Environment: Water and sanitation,% of population,2020,98.7408,98.4694,0.2714,0.28,0,0
3809,MX,Mexico,,,SH.H2O.BASW.ZS,People using at least basic drinking water services (% of population),Environment: Water and sanitation,% of population,2021,99.0091,98.7408,0.2683,0.27,0,0
7023,MX,Mexico,,,SH.H2O.BASW.ZS,People using at least basic drinking water services (% of population),Environment: Water and sanitation,% of population,2024,99.5414,99.0091,0.5323,0.54,0,0
2786,MX,Mexico,,,SP.DYN.LE00.IN,"Life expectancy at birth, total (years)",Health,years,2018,74.3010,,,,0,0
2785,MX,Mexico,,,SP.DYN.LE00.IN,"Life expectancy at birth, total (years)",Health,years,2019,74.5300,74.3010,0.2290,0.31,0,0
2784,MX,Mexico,,,SP.DYN.LE00.IN,"Life expectancy at birth, total (years)",Health,years,2020,70.4490,74.5300,-4.0810,-5.48,0,0
2783,MX,Mexico,,,SP.DYN.LE00.IN,"Life expectancy at birth, total (years)",Health,years,2021,69.7500,70.4490,-0.6990,-0.99,0,0
6784,MX,Mexico,,,SP.DYN.LE00.IN,"Life expectancy at birth, total (years)",Health,years,2024,75.2640,69.7500,5.5140,7.91,0,0
1730,MX,Mexico,,,SP.POP.TOTL,"Population, total",Health: Population,people,2018,124573711.0000,,,,0,0
1729,MX,Mexico,,,SP.POP.TOTL,"Population, total",Health: Population,people,2019,125762982.0000,124573711.0000,1189271.0000,0.95,0,0
1728,MX,Mexico,,,SP.POP.TOTL,"Population, total",Health: Population,people,2020,126799054.0000,125762982.0000,1036072.0000,0.82,0,0
1727,MX,Mexico,,,SP.POP.TOTL,"Population, total",Health: Population,people,2021,127648148.0000,126799054.0000,849094.0000,0.67,0,0
6461,MX,Mexico,,,SP.POP.TOTL,"Population, total",Health: Population,people,2024,130861007.0000,127648148.0000,3212859.0000,2.52,0,0
6460,MX,Mexico,,,SP.POP.TOTL,"Population, total",Health: Population,people,2025,131946900.0000,130861007.0000,1085893.0000,0.83,0,0
655,MY,Malaysia,,,NY.GDP.PCAP.CD,GDP per capita (current US$),Economic Policy & Debt,current US$,2018,10901.8020,,,,0,0
654,MY,Malaysia,,,NY.GDP.PCAP.CD,GDP per capita (current US$),Economic Policy & Debt,current US$,2019,10920.1918,10901.8020,18.3898,0.17,0,0
653,MY,Malaysia,,,NY.GDP.PCAP.CD,GDP per capita (current US$),Economic Policy & Debt,current US$,2020,9957.5263,10920.1918,-962.6655,-8.82,1,-0.002880
652,MY,Malaysia,,,NY.GDP.PCAP.CD,GDP per capita (current US$),Economic Policy & Debt,current US$,2021,10903.1037,9957.5263,945.5774,9.50,0,0
5962,MY,Malaysia,,,NY.GDP.PCAP.CD,GDP per capita (current US$),Economic Policy & Debt,current US$,2024,11874.4274,10903.1037,971.3237,8.91,0,0
5961,MY,Malaysia,,,NY.GDP.PCAP.CD,GDP per capita (current US$),Economic Policy & Debt,current US$,2025,13124.5554,11874.4274,1250.1280,10.53,1,-0.070570
5961,MY,Malaysia,,,NY.GDP.PCAP.CD,GDP per capita (current US$),Economic Policy & Debt,current US$,2025,13124.5554,11874.4274,1250.1280,10.53,1,-0.005593
3784,MY,Malaysia,,,SH.H2O.BASW.ZS,People using at least basic drinking water services (% of population),Environment: Water and sanitation,% of population,2018,97.6132,,,,0,0
3783,MY,Malaysia,,,SH.H2O.BASW.ZS,People using at least basic drinking water services (% of population),Environment: Water and sanitation,% of population,2019,97.6727,97.6132,0.0595,0.06,0,0
3782,MY,Malaysia,,,SH.H2O.BASW.ZS,People using at least basic drinking water services (% of population),Environment: Water and sanitation,% of population,2020,97.7302,97.6727,0.0575,0.06,0,0
3781,MY,Malaysia,,,SH.H2O.BASW.ZS,People using at least basic drinking water services (% of population),Environment: Water and sanitation,% of population,2021,97.7859,97.7302,0.0557,0.06,0,0
7016,MY,Malaysia,,,SH.H2O.BASW.ZS,People using at least basic drinking water services (% of population),Environment: Water and sanitation,% of population,2024,97.9425,97.7859,0.1566,0.16,0,0
2758,MY,Malaysia,,,SP.DYN.LE00.IN,"Life expectancy at birth, total (years)",Health,years,2018,75.7340,,,,0,0
2757,MY,Malaysia,,,SP.DYN.LE00.IN,"Life expectancy at birth, total (years)",Health,years,2019,75.9000,75.7340,0.1660,0.22,0,0
2756,MY,Malaysia,,,SP.DYN.LE00.IN,"Life expectancy at birth, total (years)",Health,years,2020,76.0570,75.9000,0.1570,0.21,0,0
2755,MY,Malaysia,,,SP.DYN.LE00.IN,"Life expectancy at birth, total (years)",Health,years,2021,73.9170,76.0570,-2.1400,-2.81,0,0
6777,MY,Malaysia,,,SP.DYN.LE00.IN,"Life expectancy at birth, total (years)",Health,years,2024,76.8210,73.9170,2.9040,3.93,0,0
1702,MY,Malaysia,,,SP.POP.TOTL,"Population, total",Health: Population,people,2018,32910967.0000,,,,0,0
1701,MY,Malaysia,,,SP.POP.TOTL,"Population, total",Health: Population,people,2019,33440596.0000,32910967.0000,529629.0000,1.61,0,0
1700,MY,Malaysia,,,SP.POP.TOTL,"Population, total",Health: Population,people,2020,33889558.0000,33440596.0000,448962.0000,1.34,0,0
1699,MY,Malaysia,,,SP.POP.TOTL,"Population, total",Health: Population,people,2021,34282399.0000,33889558.0000,392841.0000,1.16,0,0
6447,MY,Malaysia,,,SP.POP.TOTL,"Population, total",Health: Population,people,2024,35557673.0000,34282399.0000,1275274.0000,3.72,0,0
6446,MY,Malaysia,,,SP.POP.TOTL,"Population, total",Health: Population,people,2025,35977838.0000,35557673.0000,420165.0000,1.18,0,0
711,MZ,Mozambique,,,NY.GDP.PCAP.CD,GDP per capita (current US$),Economic Policy & Debt,current US$,2018,517.5073,,,,0,0
710,MZ,Mozambique,,,NY.GDP.PCAP.CD,GDP per capita (current US$),Economic Policy & Debt,current US$,2019,519.0926,517.5073,1.5853,0.31,0,0
709,MZ,Mozambique,,,NY.GDP.PCAP.CD,GDP per capita (current US$),Economic Policy & Debt,current US$,2020,462.4339,519.0926,-56.6587,-10.91,1,-0.042605
708,MZ,Mozambique,,,NY.GDP.PCAP.CD,GDP per capita (current US$),Economic Policy & Debt,current US$,2021,509.9078,462.4339,47.4739,10.27,0,0
5989,MZ,Mozambique,,,NY.GDP.PCAP.CD,GDP per capita (current US$),Economic Policy & Debt,current US$,2024,656.9761,509.9078,147.0683,28.84,0,0
5988,MZ,Mozambique,,,NY.GDP.PCAP.CD,GDP per capita (current US$),Economic Policy & Debt,current US$,2025,626.9144,656.9761,-30.0617,-4.58,0,0
3839,MZ,Mozambique,,,SH.H2O.BASW.ZS,People using at least basic drinking water services (% of population),Environment: Water and sanitation,% of population,2018,54.2431,,,,0,0
3838,MZ,Mozambique,,,SH.H2O.BASW.ZS,People using at least basic drinking water services (% of population),Environment: Water and sanitation,% of population,2019,56.2588,54.2431,2.0157,3.72,0,0
3837,MZ,Mozambique,,,SH.H2O.BASW.ZS,People using at least basic drinking water services (% of population),Environment: Water and sanitation,% of population,2020,58.2943,56.2588,2.0355,3.62,0,0
3836,MZ,Mozambique,,,SH.H2O.BASW.ZS,People using at least basic drinking water services (% of population),Environment: Water and sanitation,% of population,2021,60.3500,58.2943,2.0557,3.53,0,0
7029,MZ,Mozambique,,,SH.H2O.BASW.ZS,People using at least basic drinking water services (% of population),Environment: Water and sanitation,% of population,2024,66.6252,60.3500,6.2752,10.40,1,-0.023482
2814,MZ,Mozambique,,,SP.DYN.LE00.IN,"Life expectancy at birth, total (years)",Health,years,2018,60.7900,,,,0,0
2813,MZ,Mozambique,,,SP.DYN.LE00.IN,"Life expectancy at birth, total (years)",Health,years,2019,61.3060,60.7900,0.5160,0.85,0,0
2812,MZ,Mozambique,,,SP.DYN.LE00.IN,"Life expectancy at birth, total (years)",Health,years,2020,61.3900,61.3060,0.0840,0.14,0,0
2811,MZ,Mozambique,,,SP.DYN.LE00.IN,"Life expectancy at birth, total (years)",Health,years,2021,60.2680,61.3900,-1.1220,-1.83,0,0
6791,MZ,Mozambique,,,SP.DYN.LE00.IN,"Life expectancy at birth, total (years)",Health,years,2024,63.7970,60.2680,3.5290,5.86,0,0
1758,MZ,Mozambique,,,SP.POP.TOTL,"Population, total",Health: Population,people,2018,29018644.0000,,,,0,0
1757,MZ,Mozambique,,,SP.POP.TOTL,"Population, total",Health: Population,people,2019,29884380.0000,29018644.0000,865736.0000,2.98,0,0
1756,MZ,Mozambique,,,SP.POP.TOTL,"Population, total",Health: Population,people,2020,30783688.0000,29884380.0000,899308.0000,3.01,0,0
1755,MZ,Mozambique,,,SP.POP.TOTL,"Population, total",Health: Population,people,2021,31707800.0000,30783688.0000,924112.0000,3.00,0,0
6475,MZ,Mozambique,,,SP.POP.TOTL,"Population, total",Health: Population,people,2024,34631766.0000,31707800.0000,2923966.0000,9.22,0,0
6474,MZ,Mozambique,,,SP.POP.TOTL,"Population, total",Health: Population,people,2025,35631653.0000,34631766.0000,999887.0000,2.89,0,0
719,NA,Namibia,,,NY.GDP.PCAP.CD,GDP per capita (current US$),Economic Policy & Debt,current US$,2018,5308.6081,,,,0,0
718,NA,Namibia,,,NY.GDP.PCAP.CD,GDP per capita (current US$),Economic Policy & Debt,current US$,2019,4731.9210,5308.6081,-576.6871,-10.86,1,-0.000264
717,NA,Namibia,,,NY.GDP.PCAP.CD,GDP per capita (current US$),Economic Policy & Debt,current US$,2020,3878.5898,4731.9210,-853.3312,-18.03,1,-0.114443
717,NA,Namibia,,,NY.GDP.PCAP.CD,GDP per capita (current US$),Economic Policy & Debt,current US$,2020,3878.5898,4731.9210,-853.3312,-18.03,1,-0.049465
716,NA,Namibia,,,NY.GDP.PCAP.CD,GDP per capita (current US$),Economic Policy & Debt,current US$,2021,4412.8356,3878.5898,534.2458,13.77,0,0
5993,NA,Namibia,,,NY.GDP.PCAP.CD,GDP per capita (current US$),Economic Policy & Debt,current US$,2024,4501.8485,4412.8356,89.0129,2.02,0,0
5992,NA,Namibia,,,NY.GDP.PCAP.CD,GDP per capita (current US$),Economic Policy & Debt,current US$,2025,4875.9256,4501.8485,374.0771,8.31,0,0
3847,NA,Namibia,,,SH.H2O.BASW.ZS,People using at least basic drinking water services (% of population),Environment: Water and sanitation,% of population,2018,84.1291,,,,0,0
3846,NA,Namibia,,,SH.H2O.BASW.ZS,People using at least basic drinking water services (% of population),Environment: Water and sanitation,% of population,2019,84.5549,84.1291,0.4258,0.51,0,0
3845,NA,Namibia,,,SH.H2O.BASW.ZS,People using at least basic drinking water services (% of population),Environment: Water and sanitation,% of population,2020,84.9689,84.5549,0.4140,0.49,0,0
3844,NA,Namibia,,,SH.H2O.BASW.ZS,People using at least basic drinking water services (% of population),Environment: Water and sanitation,% of population,2021,85.3714,84.9689,0.4025,0.47,0,0
7031,NA,Namibia,,,SH.H2O.BASW.ZS,People using at least basic drinking water services (% of population),Environment: Water and sanitation,% of population,2024,86.5087,85.3714,1.1373,1.33,0,0
2822,NA,Namibia,,,SP.DYN.LE00.IN,"Life expectancy at birth, total (years)",Health,years,2018,62.5790,,,,0,0
2821,NA,Namibia,,,SP.DYN.LE00.IN,"Life expectancy at birth, total (years)",Health,years,2019,63.5460,62.5790,0.9670,1.55,0,0
2820,NA,Namibia,,,SP.DYN.LE00.IN,"Life expectancy at birth, total (years)",Health,years,2020,64.0710,63.5460,0.5250,0.83,0,0
2819,NA,Namibia,,,SP.DYN.LE00.IN,"Life expectancy at birth, total (years)",Health,years,2021,60.8500,64.0710,-3.2210,-5.03,0,0
6793,NA,Namibia,,,SP.DYN.LE00.IN,"Life expectancy at birth, total (years)",Health,years,2024,67.5160,60.8500,6.6660,10.95,0,0
1766,NA,Namibia,,,SP.POP.TOTL,"Population, total",Health: Population,people,2018,2577327.0000,,,,0,0
1765,NA,Namibia,,,SP.POP.TOTL,"Population, total",Health: Population,people,2019,2650494.0000,2577327.0000,73167.0000,2.84,0,0
1764,NA,Namibia,,,SP.POP.TOTL,"Population, total",Health: Population,people,2020,2728762.0000,2650494.0000,78268.0000,2.95,0,0
1763,NA,Namibia,,,SP.POP.TOTL,"Population, total",Health: Population,people,2021,2810548.0000,2728762.0000,81786.0000,3.00,0,0
6479,NA,Namibia,,,SP.POP.TOTL,"Population, total",Health: Population,people,2024,3030131.0000,2810548.0000,219583.0000,7.81,0,0
6478,NA,Namibia,,,SP.POP.TOTL,"Population, total",Health: Population,people,2025,3092816.0000,3030131.0000,62685.0000,2.07,0,0
735,NC,New Caledonia,,,NY.GDP.PCAP.CD,GDP per capita (current US$),Economic Policy & Debt,current US$,2018,34902.8969,,,,0,0
734,NC,New Caledonia,,,NY.GDP.PCAP.CD,GDP per capita (current US$),Economic Policy & Debt,current US$,2019,33411.3359,34902.8969,-1491.5610,-4.27,0,0
733,NC,New Caledonia,,,NY.GDP.PCAP.CD,GDP per capita (current US$),Economic Policy & Debt,current US$,2020,33270.3306,33411.3359,-141.0053,-0.42,0,0
732,NC,New Caledonia,,,NY.GDP.PCAP.CD,GDP per capita (current US$),Economic Policy & Debt,current US$,2021,35311.5544,33270.3306,2041.2238,6.14,0,0
6000,NC,New Caledonia,,,NY.GDP.PCAP.CD,GDP per capita (current US$),Economic Policy & Debt,current US$,2024,29213.1923,35311.5544,-6098.3621,-17.27,0,0
3863,NC,New Caledonia,,,SH.H2O.BASW.ZS,People using at least basic drinking water services (% of population),Environment: Water and sanitation,% of population,2018,98.8386,,,,0,0
3862,NC,New Caledonia,,,SH.H2O.BASW.ZS,People using at least basic drinking water services (% of population),Environment: Water and sanitation,% of population,2019,99.0720,98.8386,0.2334,0.24,0,0
3861,NC,New Caledonia,,,SH.H2O.BASW.ZS,People using at least basic drinking water services (% of population),Environment: Water and sanitation,% of population,2020,99.3053,99.0720,0.2333,0.24,0,0
3860,NC,New Caledonia,,,SH.H2O.BASW.ZS,People using at least basic drinking water services (% of population),Environment: Water and sanitation,% of population,2021,99.5387,99.3053,0.2334,0.24,0,0
7035,NC,New Caledonia,,,SH.H2O.BASW.ZS,People using at least basic drinking water services (% of population),Environment: Water and sanitation,% of population,2024,99.5387,99.5387,0.0000,0.00,0,0
2838,NC,New Caledonia,,,SP.DYN.LE00.IN,"Life expectancy at birth, total (years)",Health,years,2018,77.5570,,,,0,0
2837,NC,New Caledonia,,,SP.DYN.LE00.IN,"Life expectancy at birth, total (years)",Health,years,2019,77.2620,77.5570,-0.2950,-0.38,0,0
2836,NC,New Caledonia,,,SP.DYN.LE00.IN,"Life expectancy at birth, total (years)",Health,years,2020,77.0490,77.2620,-0.2130,-0.28,0,0
2835,NC,New Caledonia,,,SP.DYN.LE00.IN,"Life expectancy at birth, total (years)",Health,years,2021,77.1130,77.0490,0.0640,0.08,0,0
6797,NC,New Caledonia,,,SP.DYN.LE00.IN,"Life expectancy at birth, total (years)",Health,years,2024,78.9210,77.1130,1.8080,2.34,0,0
1782,NC,New Caledonia,,,SP.POP.TOTL,"Population, total",Health: Population,people,2018,283541.0000,,,,0,0
1781,NC,New Caledonia,,,SP.POP.TOTL,"Population, total",Health: Population,people,2019,283606.0000,283541.0000,65.0000,0.02,0,0
1780,NC,New Caledonia,,,SP.POP.TOTL,"Population, total",Health: Population,people,2020,284176.0000,283606.0000,570.0000,0.20,0,0
1779,NC,New Caledonia,,,SP.POP.TOTL,"Population, total",Health: Population,people,2021,285214.0000,284176.0000,1038.0000,0.37,0,0
6487,NC,New Caledonia,,,SP.POP.TOTL,"Population, total",Health: Population,people,2024,292639.0000,285214.0000,7425.0000,2.60,0,0
6486,NC,New Caledonia,,,SP.POP.TOTL,"Population, total",Health: Population,people,2025,295333.0000,292639.0000,2694.0000,0.92,0,0
747,NE,Niger,,,NY.GDP.PCAP.CD,GDP per capita (current US$),Economic Policy & Debt,current US$,2018,576.9275,,,,0,0
746,NE,Niger,,,NY.GDP.PCAP.CD,GDP per capita (current US$),Economic Policy & Debt,current US$,2019,541.2658,576.9275,-35.6617,-6.18,0,0
745,NE,Niger,,,NY.GDP.PCAP.CD,GDP per capita (current US$),Economic Policy & Debt,current US$,2020,575.4513,541.2658,34.1855,6.32,0,0
744,NE,Niger,,,NY.GDP.PCAP.CD,GDP per capita (current US$),Economic Policy & Debt,current US$,2021,609.5857,575.4513,34.1344,5.93,0,0
6006,NE,Niger,,,NY.GDP.PCAP.CD,GDP per capita (current US$),Economic Policy & Debt,current US$,2024,729.8567,609.5857,120.2710,19.73,0,0
6005,NE,Niger,,,NY.GDP.PCAP.CD,GDP per capita (current US$),Economic Policy & Debt,current US$,2025,775.3536,729.8567,45.4969,6.23,1,-0.035625
3871,NE,Niger,,,SH.H2O.BASW.ZS,People using at least basic drinking water services (% of population),Environment: Water and sanitation,% of population,2018,49.3642,,,,0,0
3870,NE,Niger,,,SH.H2O.BASW.ZS,People using at least basic drinking water services (% of population),Environment: Water and sanitation,% of population,2019,50.0453,49.3642,0.6811,1.38,0,0
3869,NE,Niger,,,SH.H2O.BASW.ZS,People using at least basic drinking water services (% of population),Environment: Water and sanitation,% of population,2020,50.7255,50.0453,0.6802,1.36,0,0
3868,NE,Niger,,,SH.H2O.BASW.ZS,People using at least basic drinking water services (% of population),Environment: Water and sanitation,% of population,2021,51.4038,50.7255,0.6783,1.34,0,0
7037,NE,Niger,,,SH.H2O.BASW.ZS,People using at least basic drinking water services (% of population),Environment: Water and sanitation,% of population,2024,53.4275,51.4038,2.0237,3.94,1,-0.040788
2850,NE,Niger,,,SP.DYN.LE00.IN,"Life expectancy at birth, total (years)",Health,years,2018,59.7650,,,,0,0
2849,NE,Niger,,,SP.DYN.LE00.IN,"Life expectancy at birth, total (years)",Health,years,2019,60.0310,59.7650,0.2660,0.45,0,0
2848,NE,Niger,,,SP.DYN.LE00.IN,"Life expectancy at birth, total (years)",Health,years,2020,59.8900,60.0310,-0.1410,-0.23,0,0
2847,NE,Niger,,,SP.DYN.LE00.IN,"Life expectancy at birth, total (years)",Health,years,2021,59.5420,59.8900,-0.3480,-0.58,0,0
6800,NE,Niger,,,SP.DYN.LE00.IN,"Life expectancy at birth, total (years)",Health,years,2024,61.4330,59.5420,1.8910,3.18,1,-0.011607
1794,NE,Niger,,,SP.POP.TOTL,"Population, total",Health: Population,people,2018,22188069.0000,,,,0,0
1793,NE,Niger,,,SP.POP.TOTL,"Population, total",Health: Population,people,2019,22947757.0000,22188069.0000,759688.0000,3.42,0,0
1792,NE,Niger,,,SP.POP.TOTL,"Population, total",Health: Population,people,2020,23717613.0000,22947757.0000,769856.0000,3.35,0,0
1791,NE,Niger,,,SP.POP.TOTL,"Population, total",Health: Population,people,2021,24502140.0000,23717613.0000,784527.0000,3.31,0,0
6493,NE,Niger,,,SP.POP.TOTL,"Population, total",Health: Population,people,2024,27032412.0000,24502140.0000,2530272.0000,10.33,0,0
6492,NE,Niger,,,SP.POP.TOTL,"Population, total",Health: Population,people,2025,27917831.0000,27032412.0000,885419.0000,3.28,0,0
751,NG,Nigeria,,,NY.GDP.PCAP.CD,GDP per capita (current US$),Economic Policy & Debt,current US$,2018,2057.8794,,,,0,0
750,NG,Nigeria,,,NY.GDP.PCAP.CD,GDP per capita (current US$),Economic Policy & Debt,current US$,2019,3189.8129,2057.8794,1131.9335,55.00,1,-0.201494
750,NG,Nigeria,,,NY.GDP.PCAP.CD,GDP per capita (current US$),Economic Policy & Debt,current US$,2019,3189.8129,2057.8794,1131.9335,55.00,1,-0.136516
749,NG,Nigeria,,,NY.GDP.PCAP.CD,GDP per capita (current US$),Economic Policy & Debt,current US$,2020,2797.1846,3189.8129,-392.6283,-12.31,1,-0.083981
749,NG,Nigeria,,,NY.GDP.PCAP.CD,GDP per capita (current US$),Economic Policy & Debt,current US$,2020,2797.1846,3189.8129,-392.6283,-12.31,1,-0.019004
748,NG,Nigeria,,,NY.GDP.PCAP.CD,GDP per capita (current US$),Economic Policy & Debt,current US$,2021,2787.4878,2797.1846,-9.6968,-0.35,1,-0.004141
6008,NG,Nigeria,,,NY.GDP.PCAP.CD,GDP per capita (current US$),Economic Policy & Debt,current US$,2024,1084.1604,2787.4878,-1703.3274,-61.11,1,-0.067497
6008,NG,Nigeria,,,NY.GDP.PCAP.CD,GDP per capita (current US$),Economic Policy & Debt,current US$,2024,1084.1604,2787.4878,-1703.3274,-61.11,1,-0.002520
6007,NG,Nigeria,,,NY.GDP.PCAP.CD,GDP per capita (current US$),Economic Policy & Debt,current US$,2025,1224.2541,1084.1604,140.0937,12.92,1,-0.124319
6007,NG,Nigeria,,,NY.GDP.PCAP.CD,GDP per capita (current US$),Economic Policy & Debt,current US$,2025,1224.2541,1084.1604,140.0937,12.92,1,-0.059342
3875,NG,Nigeria,,,SH.H2O.BASW.ZS,People using at least basic drinking water services (% of population),Environment: Water and sanitation,% of population,2018,72.9797,,,,0,0
3874,NG,Nigeria,,,SH.H2O.BASW.ZS,People using at least basic drinking water services (% of population),Environment: Water and sanitation,% of population,2019,74.5993,72.9797,1.6196,2.22,0,0
3873,NG,Nigeria,,,SH.H2O.BASW.ZS,People using at least basic drinking water services (% of population),Environment: Water and sanitation,% of population,2020,76.2190,74.5993,1.6197,2.17,0,0
3872,NG,Nigeria,,,SH.H2O.BASW.ZS,People using at least basic drinking water services (% of population),Environment: Water and sanitation,% of population,2021,77.8386,76.2190,1.6196,2.12,0,0
7038,NG,Nigeria,,,SH.H2O.BASW.ZS,People using at least basic drinking water services (% of population),Environment: Water and sanitation,% of population,2024,82.2489,77.8386,4.4103,5.67,0,0
2854,NG,Nigeria,,,SP.DYN.LE00.IN,"Life expectancy at birth, total (years)",Health,years,2018,52.6690,,,,0,0
2853,NG,Nigeria,,,SP.DYN.LE00.IN,"Life expectancy at birth, total (years)",Health,years,2019,53.0090,52.6690,0.3400,0.65,0,0
2852,NG,Nigeria,,,SP.DYN.LE00.IN,"Life expectancy at birth, total (years)",Health,years,2020,53.0720,53.0090,0.0630,0.12,0,0
2851,NG,Nigeria,,,SP.DYN.LE00.IN,"Life expectancy at birth, total (years)",Health,years,2021,53.4550,53.0720,0.3830,0.72,0,0
6801,NG,Nigeria,,,SP.DYN.LE00.IN,"Life expectancy at birth, total (years)",Health,years,2024,54.6350,53.4550,1.1800,2.21,1,-0.028209
1798,NG,Nigeria,,,SP.POP.TOTL,"Population, total",Health: Population,people,2018,204938755.0000,,,,0,0
1797,NG,Nigeria,,,SP.POP.TOTL,"Population, total",Health: Population,people,2019,209485641.0000,204938755.0000,4546886.0000,2.22,0,0
1796,NG,Nigeria,,,SP.POP.TOTL,"Population, total",Health: Population,people,2020,213996181.0000,209485641.0000,4510540.0000,2.15,0,0
1795,NG,Nigeria,,,SP.POP.TOTL,"Population, total",Health: Population,people,2021,218529286.0000,213996181.0000,4533105.0000,2.12,0,0
6495,NG,Nigeria,,,SP.POP.TOTL,"Population, total",Health: Population,people,2024,232679478.0000,218529286.0000,14150192.0000,6.48,0,0
6494,NG,Nigeria,,,SP.POP.TOTL,"Population, total",Health: Population,people,2025,237527782.0000,232679478.0000,4848304.0000,2.08,0,0
743,NI,Nicaragua,,,NY.GDP.PCAP.CD,GDP per capita (current US$),Economic Policy & Debt,current US$,2018,2035.1655,,,,0,0
742,NI,Nicaragua,,,NY.GDP.PCAP.CD,GDP per capita (current US$),Economic Policy & Debt,current US$,2019,1958.6205,2035.1655,-76.5450,-3.76,0,0
741,NI,Nicaragua,,,NY.GDP.PCAP.CD,GDP per capita (current US$),Economic Policy & Debt,current US$,2020,1938.4470,1958.6205,-20.1735,-1.03,0,0
740,NI,Nicaragua,,,NY.GDP.PCAP.CD,GDP per capita (current US$),Economic Policy & Debt,current US$,2021,2138.3857,1938.4470,199.9387,10.31,0,0
6004,NI,Nicaragua,,,NY.GDP.PCAP.CD,GDP per capita (current US$),Economic Policy & Debt,current US$,2024,2847.8764,2138.3857,709.4907,33.18,0,0
6003,NI,Nicaragua,,,NY.GDP.PCAP.CD,GDP per capita (current US$),Economic Policy & Debt,current US$,2025,3173.3372,2847.8764,325.4608,11.43,1,-0.108693
6003,NI,Nicaragua,,,NY.GDP.PCAP.CD,GDP per capita (current US$),Economic Policy & Debt,current US$,2025,3173.3372,2847.8764,325.4608,11.43,1,-0.043715
2846,NI,Nicaragua,,,SP.DYN.LE00.IN,"Life expectancy at birth, total (years)",Health,years,2018,73.8790,,,,0,0
2845,NI,Nicaragua,,,SP.DYN.LE00.IN,"Life expectancy at birth, total (years)",Health,years,2019,73.7640,73.8790,-0.1150,-0.16,0,0
2844,NI,Nicaragua,,,SP.DYN.LE00.IN,"Life expectancy at birth, total (years)",Health,years,2020,70.7660,73.7640,-2.9980,-4.06,0,0
2843,NI,Nicaragua,,,SP.DYN.LE00.IN,"Life expectancy at birth, total (years)",Health,years,2021,70.4780,70.7660,-0.2880,-0.41,0,0
6799,NI,Nicaragua,,,SP.DYN.LE00.IN,"Life expectancy at birth, total (years)",Health,years,2024,75.1000,70.4780,4.6220,6.56,0,0
1790,NI,Nicaragua,,,SP.POP.TOTL,"Population, total",Health: Population,people,2018,6400080.0000,,,,0,0
1789,NI,Nicaragua,,,SP.POP.TOTL,"Population, total",Health: Population,people,2019,6483657.0000,6400080.0000,83577.0000,1.31,0,0
1788,NI,Nicaragua,,,SP.POP.TOTL,"Population, total",Health: Population,people,2020,6565267.0000,6483657.0000,81610.0000,1.26,0,0
1787,NI,Nicaragua,,,SP.POP.TOTL,"Population, total",Health: Population,people,2021,6644741.0000,6565267.0000,79474.0000,1.21,0,0
6491,NI,Nicaragua,,,SP.POP.TOTL,"Population, total",Health: Population,people,2024,6916140.0000,6644741.0000,271399.0000,4.08,0,0
6490,NI,Nicaragua,,,SP.POP.TOTL,"Population, total",Health: Population,people,2025,7007502.0000,6916140.0000,91362.0000,1.32,0,0
731,NL,Netherlands,,,NY.GDP.PCAP.CD,GDP per capita (current US$),Economic Policy & Debt,current US$,2018,53955.0770,,,,0,0
730,NL,Netherlands,,,NY.GDP.PCAP.CD,GDP per capita (current US$),Economic Policy & Debt,current US$,2019,53554.9007,53955.0770,-400.1763,-0.74,0,0
729,NL,Netherlands,,,NY.GDP.PCAP.CD,GDP per capita (current US$),Economic Policy & Debt,current US$,2020,53467.9277,53554.9007,-86.9730,-0.16,0,0
728,NL,Netherlands,,,NY.GDP.PCAP.CD,GDP per capita (current US$),Economic Policy & Debt,current US$,2021,60141.9881,53467.9277,6674.0604,12.48,1,-0.000871
5999,NL,Netherlands,,,NY.GDP.PCAP.CD,GDP per capita (current US$),Economic Policy & Debt,current US$,2024,67465.3208,60141.9881,7323.3327,12.18,0,0
5998,NL,Netherlands,,,NY.GDP.PCAP.CD,GDP per capita (current US$),Economic Policy & Debt,current US$,2025,73683.9171,67465.3208,6218.5963,9.22,1,-0.123142
5998,NL,Netherlands,,,NY.GDP.PCAP.CD,GDP per capita (current US$),Economic Policy & Debt,current US$,2025,73683.9171,67465.3208,6218.5963,9.22,1,-0.058165
3859,NL,Netherlands,,,SH.H2O.BASW.ZS,People using at least basic drinking water services (% of population),Environment: Water and sanitation,% of population,2018,100.0000,,,,0,0
3858,NL,Netherlands,,,SH.H2O.BASW.ZS,People using at least basic drinking water services (% of population),Environment: Water and sanitation,% of population,2019,100.0000,100.0000,0.0000,0.00,0,0
3857,NL,Netherlands,,,SH.H2O.BASW.ZS,People using at least basic drinking water services (% of population),Environment: Water and sanitation,% of population,2020,100.0000,100.0000,0.0000,0.00,0,0
3856,NL,Netherlands,,,SH.H2O.BASW.ZS,People using at least basic drinking water services (% of population),Environment: Water and sanitation,% of population,2021,100.0000,100.0000,0.0000,0.00,0,0
7034,NL,Netherlands,,,SH.H2O.BASW.ZS,People using at least basic drinking water services (% of population),Environment: Water and sanitation,% of population,2024,100.0000,100.0000,0.0000,0.00,0,0
2834,NL,Netherlands,,,SP.DYN.LE00.IN,"Life expectancy at birth, total (years)",Health,years,2018,81.8122,,,,0,0
2833,NL,Netherlands,,,SP.DYN.LE00.IN,"Life expectancy at birth, total (years)",Health,years,2019,82.1122,81.8122,0.3000,0.37,0,0
2832,NL,Netherlands,,,SP.DYN.LE00.IN,"Life expectancy at birth, total (years)",Health,years,2020,81.3585,82.1122,-0.7537,-0.92,0,0
2831,NL,Netherlands,,,SP.DYN.LE00.IN,"Life expectancy at birth, total (years)",Health,years,2021,81.3098,81.3585,-0.0487,-0.06,0,0
6796,NL,Netherlands,,,SP.DYN.LE00.IN,"Life expectancy at birth, total (years)",Health,years,2024,81.9659,81.3098,0.6561,0.81,0,0
1778,NL,Netherlands,,,SP.POP.TOTL,"Population, total",Health: Population,people,2018,17231624.0000,,,,0,0
1777,NL,Netherlands,,,SP.POP.TOTL,"Population, total",Health: Population,people,2019,17344874.0000,17231624.0000,113250.0000,0.66,0,0
1776,NL,Netherlands,,,SP.POP.TOTL,"Population, total",Health: Population,people,2020,17441500.0000,17344874.0000,96626.0000,0.56,0,0
1775,NL,Netherlands,,,SP.POP.TOTL,"Population, total",Health: Population,people,2021,17533044.0000,17441500.0000,91544.0000,0.52,0,0
6485,NL,Netherlands,,,SP.POP.TOTL,"Population, total",Health: Population,people,2024,17993485.0000,17533044.0000,460441.0000,2.63,0,0
6484,NL,Netherlands,,,SP.POP.TOTL,"Population, total",Health: Population,people,2025,18087633.0000,17993485.0000,94148.0000,0.52,0,0
763,NO,Norway,,,NY.GDP.PCAP.CD,GDP per capita (current US$),Economic Policy & Debt,current US$,2018,85579.0776,,,,0,0
762,NO,Norway,,,NY.GDP.PCAP.CD,GDP per capita (current US$),Economic Policy & Debt,current US$,2019,79329.3075,85579.0776,-6249.7701,-7.30,1,-0.031076
761,NO,Norway,,,NY.GDP.PCAP.CD,GDP per capita (current US$),Economic Policy & Debt,current US$,2020,71057.5879,79329.3075,-8271.7196,-10.43,1,-0.163088
761,NO,Norway,,,NY.GDP.PCAP.CD,GDP per capita (current US$),Economic Policy & Debt,current US$,2020,71057.5879,79329.3075,-8271.7196,-10.43,1,-0.098110
760,NO,Norway,,,NY.GDP.PCAP.CD,GDP per capita (current US$),Economic Policy & Debt,current US$,2021,96442.5552,71057.5879,25384.9673,35.72,1,-0.168415
760,NO,Norway,,,NY.GDP.PCAP.CD,GDP per capita (current US$),Economic Policy & Debt,current US$,2021,96442.5552,71057.5879,25384.9673,35.72,1,-0.103437
6012,NO,Norway,,,NY.GDP.PCAP.CD,GDP per capita (current US$),Economic Policy & Debt,current US$,2024,89888.9535,96442.5552,-6553.6017,-6.80,0,0
6011,NO,Norway,,,NY.GDP.PCAP.CD,GDP per capita (current US$),Economic Policy & Debt,current US$,2025,94594.1930,89888.9535,4705.2395,5.23,1,-0.066166
6011,NO,Norway,,,NY.GDP.PCAP.CD,GDP per capita (current US$),Economic Policy & Debt,current US$,2025,94594.1930,89888.9535,4705.2395,5.23,1,-0.001189
3887,NO,Norway,,,SH.H2O.BASW.ZS,People using at least basic drinking water services (% of population),Environment: Water and sanitation,% of population,2018,100.0000,,,,0,0
3886,NO,Norway,,,SH.H2O.BASW.ZS,People using at least basic drinking water services (% of population),Environment: Water and sanitation,% of population,2019,100.0000,100.0000,0.0000,0.00,0,0
3885,NO,Norway,,,SH.H2O.BASW.ZS,People using at least basic drinking water services (% of population),Environment: Water and sanitation,% of population,2020,100.0000,100.0000,0.0000,0.00,0,0
3884,NO,Norway,,,SH.H2O.BASW.ZS,People using at least basic drinking water services (% of population),Environment: Water and sanitation,% of population,2021,100.0000,100.0000,0.0000,0.00,0,0
7041,NO,Norway,,,SH.H2O.BASW.ZS,People using at least basic drinking water services (% of population),Environment: Water and sanitation,% of population,2024,100.0000,100.0000,0.0000,0.00,0,0
2866,NO,Norway,,,SP.DYN.LE00.IN,"Life expectancy at birth, total (years)",Health,years,2018,82.7585,,,,0,0
2865,NO,Norway,,,SP.DYN.LE00.IN,"Life expectancy at birth, total (years)",Health,years,2019,82.9585,82.7585,0.2000,0.24,0,0
2864,NO,Norway,,,SP.DYN.LE00.IN,"Life expectancy at birth, total (years)",Health,years,2020,83.2098,82.9585,0.2513,0.30,0,0
2863,NO,Norway,,,SP.DYN.LE00.IN,"Life expectancy at birth, total (years)",Health,years,2021,83.1634,83.2098,-0.0464,-0.06,0,0
6804,NO,Norway,,,SP.DYN.LE00.IN,"Life expectancy at birth, total (years)",Health,years,2024,83.1610,83.1634,-0.0024,0.00,0,0
1810,NO,Norway,,,SP.POP.TOTL,"Population, total",Health: Population,people,2018,5311916.0000,,,,0,0
1809,NO,Norway,,,SP.POP.TOTL,"Population, total",Health: Population,people,2019,5347896.0000,5311916.0000,35980.0000,0.68,0,0
1808,NO,Norway,,,SP.POP.TOTL,"Population, total",Health: Population,people,2020,5379475.0000,5347896.0000,31579.0000,0.59,0,0
1807,NO,Norway,,,SP.POP.TOTL,"Population, total",Health: Population,people,2021,5408320.0000,5379475.0000,28845.0000,0.54,0,0
6501,NO,Norway,,,SP.POP.TOTL,"Population, total",Health: Population,people,2024,5572279.0000,5408320.0000,163959.0000,3.03,0,0
6500,NO,Norway,,,SP.POP.TOTL,"Population, total",Health: Population,people,2025,5610870.0000,5572279.0000,38591.0000,0.69,0,0
727,NP,Nepal,,,NY.GDP.PCAP.CD,GDP per capita (current US$),Economic Policy & Debt,current US$,2018,1179.1984,,,,0,0
726,NP,Nepal,,,NY.GDP.PCAP.CD,GDP per capita (current US$),Economic Policy & Debt,current US$,2019,1203.1429,1179.1984,23.9445,2.03,0,0
725,NP,Nepal,,,NY.GDP.PCAP.CD,GDP per capita (current US$),Economic Policy & Debt,current US$,2020,1154.2152,1203.1429,-48.9277,-4.07,0,0
724,NP,Nepal,,,NY.GDP.PCAP.CD,GDP per capita (current US$),Economic Policy & Debt,current US$,2021,1252.7508,1154.2152,98.5356,8.54,0,0
5997,NP,Nepal,,,NY.GDP.PCAP.CD,GDP per capita (current US$),Economic Policy & Debt,current US$,2024,1460.2824,1252.7508,207.5316,16.57,0,0
5996,NP,Nepal,,,NY.GDP.PCAP.CD,GDP per capita (current US$),Economic Policy & Debt,current US$,2025,1535.8778,1460.2824,75.5954,5.18,1,-0.002040
3855,NP,Nepal,,,SH.H2O.BASW.ZS,People using at least basic drinking water services (% of population),Environment: Water and sanitation,% of population,2018,90.4032,,,,0,0
3854,NP,Nepal,,,SH.H2O.BASW.ZS,People using at least basic drinking water services (% of population),Environment: Water and sanitation,% of population,2019,90.9585,90.4032,0.5553,0.61,0,0
3853,NP,Nepal,,,SH.H2O.BASW.ZS,People using at least basic drinking water services (% of population),Environment: Water and sanitation,% of population,2020,91.5076,90.9585,0.5491,0.60,0,0
3852,NP,Nepal,,,SH.H2O.BASW.ZS,People using at least basic drinking water services (% of population),Environment: Water and sanitation,% of population,2021,92.0505,91.5076,0.5429,0.59,0,0
7033,NP,Nepal,,,SH.H2O.BASW.ZS,People using at least basic drinking water services (% of population),Environment: Water and sanitation,% of population,2024,93.6401,92.0505,1.5896,1.73,0,0
2830,NP,Nepal,,,SP.DYN.LE00.IN,"Life expectancy at birth, total (years)",Health,years,2018,69.0360,,,,0,0
2829,NP,Nepal,,,SP.DYN.LE00.IN,"Life expectancy at birth, total (years)",Health,years,2019,69.2990,69.0360,0.2630,0.38,0,0
2828,NP,Nepal,,,SP.DYN.LE00.IN,"Life expectancy at birth, total (years)",Health,years,2020,69.1060,69.2990,-0.1930,-0.28,0,0
2827,NP,Nepal,,,SP.DYN.LE00.IN,"Life expectancy at birth, total (years)",Health,years,2021,68.3850,69.1060,-0.7210,-1.04,0,0
6795,NP,Nepal,,,SP.DYN.LE00.IN,"Life expectancy at birth, total (years)",Health,years,2024,70.6360,68.3850,2.2510,3.29,0,0
1774,NP,Nepal,,,SP.POP.TOTL,"Population, total",Health: Population,people,2018,28079689.0000,,,,0,0
1773,NP,Nepal,,,SP.POP.TOTL,"Population, total",Health: Population,people,2019,28414064.0000,28079689.0000,334375.0000,1.19,0,0
1772,NP,Nepal,,,SP.POP.TOTL,"Population, total",Health: Population,people,2020,28966574.0000,28414064.0000,552510.0000,1.94,0,0
1771,NP,Nepal,,,SP.POP.TOTL,"Population, total",Health: Population,people,2021,29475010.0000,28966574.0000,508436.0000,1.76,0,0
6483,NP,Nepal,,,SP.POP.TOTL,"Population, total",Health: Population,people,2024,29651054.0000,29475010.0000,176044.0000,0.60,0,0
6482,NP,Nepal,,,SP.POP.TOTL,"Population, total",Health: Population,people,2025,29618118.0000,29651054.0000,-32936.0000,-0.11,0,0
723,NR,Naoero,,,NY.GDP.PCAP.CD,GDP per capita (current US$),Economic Policy & Debt,current US$,2018,11413.7463,,,,0,0
722,NR,Naoero,,,NY.GDP.PCAP.CD,GDP per capita (current US$),Economic Policy & Debt,current US$,2019,10801.7706,11413.7463,-611.9757,-5.36,0,0
721,NR,Naoero,,,NY.GDP.PCAP.CD,GDP per capita (current US$),Economic Policy & Debt,current US$,2020,10709.0688,10801.7706,-92.7018,-0.86,0,0
720,NR,Naoero,,,NY.GDP.PCAP.CD,GDP per capita (current US$),Economic Policy & Debt,current US$,2021,12748.1701,10709.0688,2039.1013,19.04,1,-0.017491
5995,NR,Naoero,,,NY.GDP.PCAP.CD,GDP per capita (current US$),Economic Policy & Debt,current US$,2024,14048.1640,12748.1701,1299.9939,10.20,0,0
5994,NR,Naoero,,,NY.GDP.PCAP.CD,GDP per capita (current US$),Economic Policy & Debt,current US$,2025,14639.5047,14048.1640,591.3407,4.21,0,0
3851,NR,Naoero,,,SH.H2O.BASW.ZS,People using at least basic drinking water services (% of population),Environment: Water and sanitation,% of population,2018,98.0180,,,,0,0
3850,NR,Naoero,,,SH.H2O.BASW.ZS,People using at least basic drinking water services (% of population),Environment: Water and sanitation,% of population,2019,97.9888,98.0180,-0.0292,-0.03,0,0
3849,NR,Naoero,,,SH.H2O.BASW.ZS,People using at least basic drinking water services (% of population),Environment: Water and sanitation,% of population,2020,97.9596,97.9888,-0.0292,-0.03,0,0
3848,NR,Naoero,,,SH.H2O.BASW.ZS,People using at least basic drinking water services (% of population),Environment: Water and sanitation,% of population,2021,97.9305,97.9596,-0.0291,-0.03,0,0
7032,NR,Naoero,,,SH.H2O.BASW.ZS,People using at least basic drinking water services (% of population),Environment: Water and sanitation,% of population,2024,97.8430,97.9305,-0.0875,-0.09,0,0
2826,NR,Naoero,,,SP.DYN.LE00.IN,"Life expectancy at birth, total (years)",Health,years,2018,61.2380,,,,0,0
2825,NR,Naoero,,,SP.DYN.LE00.IN,"Life expectancy at birth, total (years)",Health,years,2019,61.3930,61.2380,0.1550,0.25,0,0
2824,NR,Naoero,,,SP.DYN.LE00.IN,"Life expectancy at birth, total (years)",Health,years,2020,61.5270,61.3930,0.1340,0.22,0,0
2823,NR,Naoero,,,SP.DYN.LE00.IN,"Life expectancy at birth, total (years)",Health,years,2021,61.3310,61.5270,-0.1960,-0.32,0,0
6794,NR,Naoero,,,SP.DYN.LE00.IN,"Life expectancy at birth, total (years)",Health,years,2024,62.2790,61.3310,0.9480,1.55,1,-0.004769
1770,NR,Naoero,,,SP.POP.TOTL,"Population, total",Health: Population,people,2018,11477.0000,,,,0,0
1769,NR,Naoero,,,SP.POP.TOTL,"Population, total",Health: Population,people,2019,11587.0000,11477.0000,110.0000,0.96,0,0
1768,NR,Naoero,,,SP.POP.TOTL,"Population, total",Health: Population,people,2020,11643.0000,11587.0000,56.0000,0.48,0,0
1767,NR,Naoero,,,SP.POP.TOTL,"Population, total",Health: Population,people,2021,11709.0000,11643.0000,66.0000,0.57,0,0
6481,NR,Naoero,,,SP.POP.TOTL,"Population, total",Health: Population,people,2024,11947.0000,11709.0000,238.0000,2.03,0,0
6480,NR,Naoero,,,SP.POP.TOTL,"Population, total",Health: Population,people,2025,12025.0000,11947.0000,78.0000,0.65,0,0
739,NZ,New Zealand,,,NY.GDP.PCAP.CD,GDP per capita (current US$),Economic Policy & Debt,current US$,2018,43204.1305,,,,0,0
738,NZ,New Zealand,,,NY.GDP.PCAP.CD,GDP per capita (current US$),Economic Policy & Debt,current US$,2019,42872.2681,43204.1305,-331.8624,-0.77,0,0
737,NZ,New Zealand,,,NY.GDP.PCAP.CD,GDP per capita (current US$),Economic Policy & Debt,current US$,2020,42054.6743,42872.2681,-817.5938,-1.91,0,0
736,NZ,New Zealand,,,NY.GDP.PCAP.CD,GDP per capita (current US$),Economic Policy & Debt,current US$,2021,49902.1543,42054.6743,7847.4800,18.66,1,-0.064813
6002,NZ,New Zealand,,,NY.GDP.PCAP.CD,GDP per capita (current US$),Economic Policy & Debt,current US$,2024,49432.3626,49902.1543,-469.7917,-0.94,0,0
6001,NZ,New Zealand,,,NY.GDP.PCAP.CD,GDP per capita (current US$),Economic Policy & Debt,current US$,2025,49591.0406,49432.3626,158.6780,0.32,0,0
3867,NZ,New Zealand,,,SH.H2O.BASW.ZS,People using at least basic drinking water services (% of population),Environment: Water and sanitation,% of population,2018,100.0000,,,,0,0
3866,NZ,New Zealand,,,SH.H2O.BASW.ZS,People using at least basic drinking water services (% of population),Environment: Water and sanitation,% of population,2019,100.0000,100.0000,0.0000,0.00,0,0
3865,NZ,New Zealand,,,SH.H2O.BASW.ZS,People using at least basic drinking water services (% of population),Environment: Water and sanitation,% of population,2020,100.0000,100.0000,0.0000,0.00,0,0
3864,NZ,New Zealand,,,SH.H2O.BASW.ZS,People using at least basic drinking water services (% of population),Environment: Water and sanitation,% of population,2021,100.0000,100.0000,0.0000,0.00,0,0
7036,NZ,New Zealand,,,SH.H2O.BASW.ZS,People using at least basic drinking water services (% of population),Environment: Water and sanitation,% of population,2024,100.0000,100.0000,0.0000,0.00,0,0
2842,NZ,New Zealand,,,SP.DYN.LE00.IN,"Life expectancy at birth, total (years)",Health,years,2018,81.7073,,,,0,0
2841,NZ,New Zealand,,,SP.DYN.LE00.IN,"Life expectancy at birth, total (years)",Health,years,2019,82.0561,81.7073,0.3488,0.43,0,0
2840,NZ,New Zealand,,,SP.DYN.LE00.IN,"Life expectancy at birth, total (years)",Health,years,2020,82.2561,82.0561,0.2000,0.24,0,0
2839,NZ,New Zealand,,,SP.DYN.LE00.IN,"Life expectancy at birth, total (years)",Health,years,2021,82.2073,82.2561,-0.0488,-0.06,0,0
6798,NZ,New Zealand,,,SP.DYN.LE00.IN,"Life expectancy at birth, total (years)",Health,years,2024,82.0098,82.2073,-0.1975,-0.24,0,0
1786,NZ,New Zealand,,,SP.POP.TOTL,"Population, total",Health: Population,people,2018,4900600.0000,,,,0,0
1785,NZ,New Zealand,,,SP.POP.TOTL,"Population, total",Health: Population,people,2019,4970300.0000,4900600.0000,69700.0000,1.42,0,0
1784,NZ,New Zealand,,,SP.POP.TOTL,"Population, total",Health: Population,people,2020,5072400.0000,4970300.0000,102100.0000,2.05,0,0
1783,NZ,New Zealand,,,SP.POP.TOTL,"Population, total",Health: Population,people,2021,5084600.0000,5072400.0000,12200.0000,0.24,0,0
6489,NZ,New Zealand,,,SP.POP.TOTL,"Population, total",Health: Population,people,2024,5290000.0000,5084600.0000,205400.0000,4.04,0,0
6488,NZ,New Zealand,,,SP.POP.TOTL,"Population, total",Health: Population,people,2025,5324700.0000,5290000.0000,34700.0000,0.66,0,0
140,OE,OECD members,,,NY.GDP.PCAP.CD,GDP per capita (current US$),Economic Policy & Debt,current US$,2018,39756.7557,,,,0,0
139,OE,OECD members,,,NY.GDP.PCAP.CD,GDP per capita (current US$),Economic Policy & Debt,current US$,2019,39940.8350,39756.7557,184.0793,0.46,0,0
138,OE,OECD members,,,NY.GDP.PCAP.CD,GDP per capita (current US$),Economic Policy & Debt,current US$,2020,38947.5670,39940.8350,-993.2680,-2.49,0,0
137,OE,OECD members,,,NY.GDP.PCAP.CD,GDP per capita (current US$),Economic Policy & Debt,current US$,2021,43495.5050,38947.5670,4547.9380,11.68,0,0
5726,OE,OECD members,,,NY.GDP.PCAP.CD,GDP per capita (current US$),Economic Policy & Debt,current US$,2024,48881.8109,43495.5050,5386.3059,12.38,0,0
5725,OE,OECD members,,,NY.GDP.PCAP.CD,GDP per capita (current US$),Economic Policy & Debt,current US$,2025,51733.7140,48881.8109,2851.9031,5.83,1,-0.057589
3282,OE,OECD members,,,SH.H2O.BASW.ZS,People using at least basic drinking water services (% of population),Environment: Water and sanitation,% of population,2018,98.9403,,,,0,0
3281,OE,OECD members,,,SH.H2O.BASW.ZS,People using at least basic drinking water services (% of population),Environment: Water and sanitation,% of population,2019,98.9924,98.9403,0.0521,0.05,0,0
3280,OE,OECD members,,,SH.H2O.BASW.ZS,People using at least basic drinking water services (% of population),Environment: Water and sanitation,% of population,2020,99.0463,98.9924,0.0539,0.05,0,0
3279,OE,OECD members,,,SH.H2O.BASW.ZS,People using at least basic drinking water services (% of population),Environment: Water and sanitation,% of population,2021,99.0920,99.0463,0.0457,0.05,0,0
6893,OE,OECD members,,,SH.H2O.BASW.ZS,People using at least basic drinking water services (% of population),Environment: Water and sanitation,% of population,2024,99.1631,99.0920,0.0711,0.07,0,0
2226,OE,OECD members,,,SP.DYN.LE00.IN,"Life expectancy at birth, total (years)",Health,years,2018,80.0274,,,,0,0
2225,OE,OECD members,,,SP.DYN.LE00.IN,"Life expectancy at birth, total (years)",Health,years,2019,80.2449,80.0274,0.2175,0.27,0,0
2224,OE,OECD members,,,SP.DYN.LE00.IN,"Life expectancy at birth, total (years)",Health,years,2020,78.9579,80.2449,-1.2870,-1.60,0,0
2223,OE,OECD members,,,SP.DYN.LE00.IN,"Life expectancy at birth, total (years)",Health,years,2021,78.5867,78.9579,-0.3712,-0.47,0,0
6644,OE,OECD members,,,SP.DYN.LE00.IN,"Life expectancy at birth, total (years)",Health,years,2024,80.3986,78.5867,1.8119,2.31,0,0
1170,OE,OECD members,,,SP.POP.TOTL,"Population, total",Health: Population,people,2018,1356197538.0000,,,,0,0
1169,OE,OECD members,,,SP.POP.TOTL,"Population, total",Health: Population,people,2019,1364143219.0000,1356197538.0000,7945681.0000,0.59,0,0
1168,OE,OECD members,,,SP.POP.TOTL,"Population, total",Health: Population,people,2020,1369306579.0000,1364143219.0000,5163360.0000,0.38,0,0
1167,OE,OECD members,,,SP.POP.TOTL,"Population, total",Health: Population,people,2021,1371780402.0000,1369306579.0000,2473823.0000,0.18,0,0
6181,OE,OECD members,,,SP.POP.TOTL,"Population, total",Health: Population,people,2024,1396826761.0000,1371780402.0000,25046359.0000,1.83,0,0
6180,OE,OECD members,,,SP.POP.TOTL,"Population, total",Health: Population,people,2025,1402243571.0000,1396826761.0000,5416810.0000,0.39,0,0
767,OM,Oman,,,NY.GDP.PCAP.CD,GDP per capita (current US$),Economic Policy & Debt,current US$,2018,19901.7616,,,,0,0
766,OM,Oman,,,NY.GDP.PCAP.CD,GDP per capita (current US$),Economic Policy & Debt,current US$,2019,19180.1864,19901.7616,-721.5752,-3.63,0,0
765,OM,Oman,,,NY.GDP.PCAP.CD,GDP per capita (current US$),Economic Policy & Debt,current US$,2020,16784.8631,19180.1864,-2395.3233,-12.49,1,-0.096240
765,OM,Oman,,,NY.GDP.PCAP.CD,GDP per capita (current US$),Economic Policy & Debt,current US$,2020,16784.8631,19180.1864,-2395.3233,-12.49,1,-0.031263
764,OM,Oman,,,NY.GDP.PCAP.CD,GDP per capita (current US$),Economic Policy & Debt,current US$,2021,19403.4600,16784.8631,2618.5969,15.60,0,0
6014,OM,Oman,,,NY.GDP.PCAP.CD,GDP per capita (current US$),Economic Policy & Debt,current US$,2024,20285.2273,19403.4600,881.7673,4.54,0,0
6013,OM,Oman,,,NY.GDP.PCAP.CD,GDP per capita (current US$),Economic Policy & Debt,current US$,2025,19947.3966,20285.2273,-337.8307,-1.67,0,0
3891,OM,Oman,,,SH.H2O.BASW.ZS,People using at least basic drinking water services (% of population),Environment: Water and sanitation,% of population,2018,91.5231,,,,0,0
3890,OM,Oman,,,SH.H2O.BASW.ZS,People using at least basic drinking water services (% of population),Environment: Water and sanitation,% of population,2019,91.8883,91.5231,0.3652,0.40,0,0
3889,OM,Oman,,,SH.H2O.BASW.ZS,People using at least basic drinking water services (% of population),Environment: Water and sanitation,% of population,2020,92.1680,91.8883,0.2797,0.30,0,0
3888,OM,Oman,,,SH.H2O.BASW.ZS,People using at least basic drinking water services (% of population),Environment: Water and sanitation,% of population,2021,92.3097,92.1680,0.1417,0.15,0,0
7042,OM,Oman,,,SH.H2O.BASW.ZS,People using at least basic drinking water services (% of population),Environment: Water and sanitation,% of population,2024,92.6702,92.3097,0.3605,0.39,0,0
2870,OM,Oman,,,SP.DYN.LE00.IN,"Life expectancy at birth, total (years)",Health,years,2018,79.8640,,,,0,0
2869,OM,Oman,,,SP.DYN.LE00.IN,"Life expectancy at birth, total (years)",Health,years,2019,79.9460,79.8640,0.0820,0.10,0,0
2868,OM,Oman,,,SP.DYN.LE00.IN,"Life expectancy at birth, total (years)",Health,years,2020,77.7630,79.9460,-2.1830,-2.73,0,0
2867,OM,Oman,,,SP.DYN.LE00.IN,"Life expectancy at birth, total (years)",Health,years,2021,75.9690,77.7630,-1.7940,-2.31,0,0
6805,OM,Oman,,,SP.DYN.LE00.IN,"Life expectancy at birth, total (years)",Health,years,2024,80.2460,75.9690,4.2770,5.63,0,0
1814,OM,Oman,,,SP.POP.TOTL,"Population, total",Health: Population,people,2018,4597877.0000,,,,0,0
1813,OM,Oman,,,SP.POP.TOTL,"Population, total",Health: Population,people,2019,4591241.0000,4597877.0000,-6636.0000,-0.14,0,0
1812,OM,Oman,,,SP.POP.TOTL,"Population, total",Health: Population,people,2020,4522497.0000,4591241.0000,-68744.0000,-1.50,0,0
1811,OM,Oman,,,SP.POP.TOTL,"Population, total",Health: Population,people,2021,4500424.0000,4522497.0000,-22073.0000,-0.49,0,0
6503,OM,Oman,,,SP.POP.TOTL,"Population, total",Health: Population,people,2024,5281538.0000,4500424.0000,781114.0000,17.36,0,0
6502,OM,Oman,,,SP.POP.TOTL,"Population, total",Health: Population,people,2025,5494691.0000,5281538.0000,213153.0000,4.04,0,0
779,PA,Panama,,,NY.GDP.PCAP.CD,GDP per capita (current US$),Economic Policy & Debt,current US$,2018,16151.3273,,,,0,0
778,PA,Panama,,,NY.GDP.PCAP.CD,GDP per capita (current US$),Economic Policy & Debt,current US$,2019,16477.9066,16151.3273,326.5793,2.02,0,0
777,PA,Panama,,,NY.GDP.PCAP.CD,GDP per capita (current US$),Economic Policy & Debt,current US$,2020,13290.5608,16477.9066,-3187.3458,-19.34,1,-0.121361
777,PA,Panama,,,NY.GDP.PCAP.CD,GDP per capita (current US$),Economic Policy & Debt,current US$,2020,13290.5608,16477.9066,-3187.3458,-19.34,1,-0.056384
776,PA,Panama,,,NY.GDP.PCAP.CD,GDP per capita (current US$),Economic Policy & Debt,current US$,2021,15509.8069,13290.5608,2219.2461,16.70,1,-0.008086
6020,PA,Panama,,,NY.GDP.PCAP.CD,GDP per capita (current US$),Economic Policy & Debt,current US$,2024,19161.2188,15509.8069,3651.4119,23.54,0,0
6019,PA,Panama,,,NY.GDP.PCAP.CD,GDP per capita (current US$),Economic Policy & Debt,current US$,2025,19789.7309,19161.2188,628.5121,3.28,0,0
3903,PA,Panama,,,SH.H2O.BASW.ZS,People using at least basic drinking water services (% of population),Environment: Water and sanitation,% of population,2018,93.8241,,,,0,0
3902,PA,Panama,,,SH.H2O.BASW.ZS,People using at least basic drinking water services (% of population),Environment: Water and sanitation,% of population,2019,94.1390,93.8241,0.3149,0.34,0,0
3901,PA,Panama,,,SH.H2O.BASW.ZS,People using at least basic drinking water services (% of population),Environment: Water and sanitation,% of population,2020,94.4306,94.1390,0.2916,0.31,0,0
3900,PA,Panama,,,SH.H2O.BASW.ZS,People using at least basic drinking water services (% of population),Environment: Water and sanitation,% of population,2021,94.6437,94.4306,0.2131,0.23,0,0
7045,PA,Panama,,,SH.H2O.BASW.ZS,People using at least basic drinking water services (% of population),Environment: Water and sanitation,% of population,2024,95.2628,94.6437,0.6191,0.65,0,0
2882,PA,Panama,,,SP.DYN.LE00.IN,"Life expectancy at birth, total (years)",Health,years,2018,78.2660,,,,0,0
2881,PA,Panama,,,SP.DYN.LE00.IN,"Life expectancy at birth, total (years)",Health,years,2019,78.5140,78.2660,0.2480,0.32,0,0
2880,PA,Panama,,,SP.DYN.LE00.IN,"Life expectancy at birth, total (years)",Health,years,2020,76.3300,78.5140,-2.1840,-2.78,0,0
2879,PA,Panama,,,SP.DYN.LE00.IN,"Life expectancy at birth, total (years)",Health,years,2021,77.0040,76.3300,0.6740,0.88,0,0
6808,PA,Panama,,,SP.DYN.LE00.IN,"Life expectancy at birth, total (years)",Health,years,2024,79.7750,77.0040,2.7710,3.60,0,0
1826,PA,Panama,,,SP.POP.TOTL,"Population, total",Health: Population,people,2018,4167860.0000,,,,0,0
1825,PA,Panama,,,SP.POP.TOTL,"Population, total",Health: Population,people,2019,4234700.0000,4167860.0000,66840.0000,1.60,0,0
1824,PA,Panama,,,SP.POP.TOTL,"Population, total",Health: Population,people,2020,4293261.0000,4234700.0000,58561.0000,1.38,0,0
1823,PA,Panama,,,SP.POP.TOTL,"Population, total",Health: Population,people,2021,4345405.0000,4293261.0000,52144.0000,1.21,0,0
6509,PA,Panama,,,SP.POP.TOTL,"Population, total",Health: Population,people,2024,4515577.0000,4345405.0000,170172.0000,3.92,0,0
6508,PA,Panama,,,SP.POP.TOTL,"Population, total",Health: Population,people,2025,4571189.0000,4515577.0000,55612.0000,1.23,0,0
791,PE,Peru,,,NY.GDP.PCAP.CD,GDP per capita (current US$),Economic Policy & Debt,current US$,2018,6978.4912,,,,0,0
790,PE,Peru,,,NY.GDP.PCAP.CD,GDP per capita (current US$),Economic Policy & Debt,current US$,2019,7037.0080,6978.4912,58.5168,0.84,0,0
789,PE,Peru,,,NY.GDP.PCAP.CD,GDP per capita (current US$),Economic Policy & Debt,current US$,2020,6133.3255,7037.0080,-903.6825,-12.84,1,-0.045956
788,PE,Peru,,,NY.GDP.PCAP.CD,GDP per capita (current US$),Economic Policy & Debt,current US$,2021,6828.5342,6133.3255,695.2087,11.33,0,0
6026,PE,Peru,,,NY.GDP.PCAP.CD,GDP per capita (current US$),Economic Policy & Debt,current US$,2024,8526.2967,6828.5342,1697.7625,24.86,0,0
6025,PE,Peru,,,NY.GDP.PCAP.CD,GDP per capita (current US$),Economic Policy & Debt,current US$,2025,9684.4117,8526.2967,1158.1150,13.58,1,-0.120943
6025,PE,Peru,,,NY.GDP.PCAP.CD,GDP per capita (current US$),Economic Policy & Debt,current US$,2025,9684.4117,8526.2967,1158.1150,13.58,1,-0.055966
3915,PE,Peru,,,SH.H2O.BASW.ZS,People using at least basic drinking water services (% of population),Environment: Water and sanitation,% of population,2018,92.1863,,,,0,0
3914,PE,Peru,,,SH.H2O.BASW.ZS,People using at least basic drinking water services (% of population),Environment: Water and sanitation,% of population,2019,92.7705,92.1863,0.5842,0.63,0,0
3913,PE,Peru,,,SH.H2O.BASW.ZS,People using at least basic drinking water services (% of population),Environment: Water and sanitation,% of population,2020,93.3514,92.7705,0.5809,0.63,0,0
3912,PE,Peru,,,SH.H2O.BASW.ZS,People using at least basic drinking water services (% of population),Environment: Water and sanitation,% of population,2021,93.9288,93.3514,0.5774,0.62,0,0
7048,PE,Peru,,,SH.H2O.BASW.ZS,People using at least basic drinking water services (% of population),Environment: Water and sanitation,% of population,2024,95.6371,93.9288,1.7083,1.82,0,0
2894,PE,Peru,,,SP.DYN.LE00.IN,"Life expectancy at birth, total (years)",Health,years,2018,76.0180,,,,0,0
2893,PE,Peru,,,SP.DYN.LE00.IN,"Life expectancy at birth, total (years)",Health,years,2019,76.2750,76.0180,0.2570,0.34,0,0
2892,PE,Peru,,,SP.DYN.LE00.IN,"Life expectancy at birth, total (years)",Health,years,2020,73.8320,76.2750,-2.4430,-3.20,0,0
2891,PE,Peru,,,SP.DYN.LE00.IN,"Life expectancy at birth, total (years)",Health,years,2021,71.5960,73.8320,-2.2360,-3.03,0,0
6811,PE,Peru,,,SP.DYN.LE00.IN,"Life expectancy at birth, total (years)",Health,years,2024,77.9410,71.5960,6.3450,8.86,0,0
1838,PE,Peru,,,SP.POP.TOTL,"Population, total",Health: Population,people,2018,31897584.0000,,,,0,0
1837,PE,Peru,,,SP.POP.TOTL,"Population, total",Health: Population,people,2019,32449303.0000,31897584.0000,551719.0000,1.73,0,0
1836,PE,Peru,,,SP.POP.TOTL,"Population, total",Health: Population,people,2020,32838579.0000,32449303.0000,389276.0000,1.20,0,0
1835,PE,Peru,,,SP.POP.TOTL,"Population, total",Health: Population,people,2021,33155882.0000,32838579.0000,317303.0000,0.97,0,0
6515,PE,Peru,,,SP.POP.TOTL,"Population, total",Health: Population,people,2024,34217848.0000,33155882.0000,1061966.0000,3.20,0,0
6514,PE,Peru,,,SP.POP.TOTL,"Population, total",Health: Population,people,2025,34576665.0000,34217848.0000,358817.0000,1.05,0,0
459,PF,French Polynesia,,,NY.GDP.PCAP.CD,GDP per capita (current US$),Economic Policy & Debt,current US$,2018,21925.6160,,,,0,0
458,PF,French Polynesia,,,NY.GDP.PCAP.CD,GDP per capita (current US$),Economic Policy & Debt,current US$,2019,21582.5892,21925.6160,-343.0268,-1.56,0,0
457,PF,French Polynesia,,,NY.GDP.PCAP.CD,GDP per capita (current US$),Economic Policy & Debt,current US$,2020,19966.4839,21582.5892,-1616.1053,-7.49,1,-0.019147
456,PF,French Polynesia,,,NY.GDP.PCAP.CD,GDP per capita (current US$),Economic Policy & Debt,current US$,2021,21426.3854,19966.4839,1459.9015,7.31,0,0
5872,PF,French Polynesia,,,NY.GDP.PCAP.CD,GDP per capita (current US$),Economic Policy & Debt,current US$,2024,22439.8839,21426.3854,1013.4985,4.73,0,0
3588,PF,French Polynesia,,,SH.H2O.BASW.ZS,People using at least basic drinking water services (% of population),Environment: Water and sanitation,% of population,2018,100.0000,,,,0,0
3587,PF,French Polynesia,,,SH.H2O.BASW.ZS,People using at least basic drinking water services (% of population),Environment: Water and sanitation,% of population,2019,100.0000,100.0000,0.0000,0.00,0,0
3586,PF,French Polynesia,,,SH.H2O.BASW.ZS,People using at least basic drinking water services (% of population),Environment: Water and sanitation,% of population,2020,100.0000,100.0000,0.0000,0.00,0,0
3585,PF,French Polynesia,,,SH.H2O.BASW.ZS,People using at least basic drinking water services (% of population),Environment: Water and sanitation,% of population,2021,100.0000,100.0000,0.0000,0.00,0,0
6968,PF,French Polynesia,,,SH.H2O.BASW.ZS,People using at least basic drinking water services (% of population),Environment: Water and sanitation,% of population,2024,100.0000,100.0000,0.0000,0.00,0,0
2554,PF,French Polynesia,,,SP.DYN.LE00.IN,"Life expectancy at birth, total (years)",Health,years,2018,82.9850,,,,0,0
2553,PF,French Polynesia,,,SP.DYN.LE00.IN,"Life expectancy at birth, total (years)",Health,years,2019,83.1950,82.9850,0.2100,0.25,0,0
2552,PF,French Polynesia,,,SP.DYN.LE00.IN,"Life expectancy at birth, total (years)",Health,years,2020,82.4590,83.1950,-0.7360,-0.88,0,0
2551,PF,French Polynesia,,,SP.DYN.LE00.IN,"Life expectancy at birth, total (years)",Health,years,2021,79.5710,82.4590,-2.8880,-3.50,1,-0.008286
6726,PF,French Polynesia,,,SP.DYN.LE00.IN,"Life expectancy at birth, total (years)",Health,years,2024,84.1920,79.5710,4.6210,5.81,0,0
1498,PF,French Polynesia,,,SP.POP.TOTL,"Population, total",Health: Population,people,2018,279815.0000,,,,0,0
1497,PF,French Polynesia,,,SP.POP.TOTL,"Population, total",Health: Population,people,2019,279034.0000,279815.0000,-781.0000,-0.28,0,0
1496,PF,French Polynesia,,,SP.POP.TOTL,"Population, total",Health: Population,people,2020,279209.0000,279034.0000,175.0000,0.06,0,0
1495,PF,French Polynesia,,,SP.POP.TOTL,"Population, total",Health: Population,people,2021,279792.0000,279209.0000,583.0000,0.21,0,0
6345,PF,French Polynesia,,,SP.POP.TOTL,"Population, total",Health: Population,people,2024,281807.0000,279792.0000,2015.0000,0.72,0,0
6344,PF,French Polynesia,,,SP.POP.TOTL,"Population, total",Health: Population,people,2025,282465.0000,281807.0000,658.0000,0.23,0,0
783,PG,Papua New Guinea,,,NY.GDP.PCAP.CD,GDP per capita (current US$),Economic Policy & Debt,current US$,2018,2566.3683,,,,0,0
782,PG,Papua New Guinea,,,NY.GDP.PCAP.CD,GDP per capita (current US$),Economic Policy & Debt,current US$,2019,2575.7727,2566.3683,9.4044,0.37,0,0
781,PG,Papua New Guinea,,,NY.GDP.PCAP.CD,GDP per capita (current US$),Economic Policy & Debt,current US$,2020,2429.6113,2575.7727,-146.1614,-5.67,0,0
780,PG,Papua New Guinea,,,NY.GDP.PCAP.CD,GDP per capita (current US$),Economic Policy & Debt,current US$,2021,2607.9777,2429.6113,178.3664,7.34,0,0
6022,PG,Papua New Guinea,,,NY.GDP.PCAP.CD,GDP per capita (current US$),Economic Policy & Debt,current US$,2024,2912.4914,2607.9777,304.5137,11.68,0,0
6021,PG,Papua New Guinea,,,NY.GDP.PCAP.CD,GDP per capita (current US$),Economic Policy & Debt,current US$,2025,3019.5309,2912.4914,107.0395,3.68,0,0
3907,PG,Papua New Guinea,,,SH.H2O.BASW.ZS,People using at least basic drinking water services (% of population),Environment: Water and sanitation,% of population,2018,47.2247,,,,0,0
3906,PG,Papua New Guinea,,,SH.H2O.BASW.ZS,People using at least basic drinking water services (% of population),Environment: Water and sanitation,% of population,2019,48.2857,47.2247,1.0610,2.25,0,0
3905,PG,Papua New Guinea,,,SH.H2O.BASW.ZS,People using at least basic drinking water services (% of population),Environment: Water and sanitation,% of population,2020,49.3274,48.2857,1.0417,2.16,0,0
3904,PG,Papua New Guinea,,,SH.H2O.BASW.ZS,People using at least basic drinking water services (% of population),Environment: Water and sanitation,% of population,2021,50.3502,49.3274,1.0228,2.07,0,0
7046,PG,Papua New Guinea,,,SH.H2O.BASW.ZS,People using at least basic drinking water services (% of population),Environment: Water and sanitation,% of population,2024,53.2985,50.3502,2.9483,5.86,1,-0.046203
2886,PG,Papua New Guinea,,,SP.DYN.LE00.IN,"Life expectancy at birth, total (years)",Health,years,2018,65.1140,,,,0,0
2885,PG,Papua New Guinea,,,SP.DYN.LE00.IN,"Life expectancy at birth, total (years)",Health,years,2019,65.3310,65.1140,0.2170,0.33,0,0
2884,PG,Papua New Guinea,,,SP.DYN.LE00.IN,"Life expectancy at birth, total (years)",Health,years,2020,65.0750,65.3310,-0.2560,-0.39,0,0
2883,PG,Papua New Guinea,,,SP.DYN.LE00.IN,"Life expectancy at birth, total (years)",Health,years,2021,64.3580,65.0750,-0.7170,-1.10,0,0
6809,PG,Papua New Guinea,,,SP.DYN.LE00.IN,"Life expectancy at birth, total (years)",Health,years,2024,66.2560,64.3580,1.8980,2.95,0,0
1830,PG,Papua New Guinea,,,SP.POP.TOTL,"Population, total",Health: Population,people,2018,9394513.0000,,,,0,0
1829,PG,Papua New Guinea,,,SP.POP.TOTL,"Population, total",Health: Population,people,2019,9609010.0000,9394513.0000,214497.0000,2.28,0,0
1828,PG,Papua New Guinea,,,SP.POP.TOTL,"Population, total",Health: Population,people,2020,9815746.0000,9609010.0000,206736.0000,2.15,0,0
1827,PG,Papua New Guinea,,,SP.POP.TOTL,"Population, total",Health: Population,people,2021,10012896.0000,9815746.0000,197150.0000,2.01,0,0
6511,PG,Papua New Guinea,,,SP.POP.TOTL,"Population, total",Health: Population,people,2024,10576502.0000,10012896.0000,563606.0000,5.63,0,0
6510,PG,Papua New Guinea,,,SP.POP.TOTL,"Population, total",Health: Population,people,2025,10762817.0000,10576502.0000,186315.0000,1.76,0,0
795,PH,Philippines,,,NY.GDP.PCAP.CD,GDP per capita (current US$),Economic Policy & Debt,current US$,2018,3168.5104,,,,0,0
794,PH,Philippines,,,NY.GDP.PCAP.CD,GDP per capita (current US$),Economic Policy & Debt,current US$,2019,3400.7895,3168.5104,232.2791,7.33,0,0
793,PH,Philippines,,,NY.GDP.PCAP.CD,GDP per capita (current US$),Economic Policy & Debt,current US$,2020,3227.5791,3400.7895,-173.2104,-5.09,0,0
792,PH,Philippines,,,NY.GDP.PCAP.CD,GDP per capita (current US$),Economic Policy & Debt,current US$,2021,3484.3859,3227.5791,256.8068,7.96,0,0
6028,PH,Philippines,,,NY.GDP.PCAP.CD,GDP per capita (current US$),Economic Policy & Debt,current US$,2024,3985.2946,3484.3859,500.9087,14.38,0,0
6027,PH,Philippines,,,NY.GDP.PCAP.CD,GDP per capita (current US$),Economic Policy & Debt,current US$,2025,4170.7235,3985.2946,185.4289,4.65,0,0
3919,PH,Philippines,,,SH.H2O.BASW.ZS,People using at least basic drinking water services (% of population),Environment: Water and sanitation,% of population,2018,93.4798,,,,0,0
3918,PH,Philippines,,,SH.H2O.BASW.ZS,People using at least basic drinking water services (% of population),Environment: Water and sanitation,% of population,2019,93.8786,93.4798,0.3988,0.43,0,0
3917,PH,Philippines,,,SH.H2O.BASW.ZS,People using at least basic drinking water services (% of population),Environment: Water and sanitation,% of population,2020,94.2768,93.8786,0.3982,0.42,0,0
3916,PH,Philippines,,,SH.H2O.BASW.ZS,People using at least basic drinking water services (% of population),Environment: Water and sanitation,% of population,2021,94.6741,94.2768,0.3973,0.42,0,0
7049,PH,Philippines,,,SH.H2O.BASW.ZS,People using at least basic drinking water services (% of population),Environment: Water and sanitation,% of population,2024,95.8592,94.6741,1.1851,1.25,0,0
2898,PH,Philippines,,,SP.DYN.LE00.IN,"Life expectancy at birth, total (years)",Health,years,2018,69.7610,,,,0,0
2897,PH,Philippines,,,SP.DYN.LE00.IN,"Life expectancy at birth, total (years)",Health,years,2019,69.6800,69.7610,-0.0810,-0.12,0,0
2896,PH,Philippines,,,SP.DYN.LE00.IN,"Life expectancy at birth, total (years)",Health,years,2020,70.0970,69.6800,0.4170,0.60,0,0
2895,PH,Philippines,,,SP.DYN.LE00.IN,"Life expectancy at birth, total (years)",Health,years,2021,66.6750,70.0970,-3.4220,-4.88,0,0
6812,PH,Philippines,,,SP.DYN.LE00.IN,"Life expectancy at birth, total (years)",Health,years,2024,69.9460,66.6750,3.2710,4.91,0,0
1842,PH,Philippines,,,SP.POP.TOTL,"Population, total",Health: Population,people,2018,109465287.0000,,,,0,0
1841,PH,Philippines,,,SP.POP.TOTL,"Population, total",Health: Population,people,2019,110804683.0000,109465287.0000,1339396.0000,1.22,0,0
1840,PH,Philippines,,,SP.POP.TOTL,"Population, total",Health: Population,people,2020,112081264.0000,110804683.0000,1276581.0000,1.15,0,0
1839,PH,Philippines,,,SP.POP.TOTL,"Population, total",Health: Population,people,2021,113100950.0000,112081264.0000,1019686.0000,0.91,0,0
6517,PH,Philippines,,,SP.POP.TOTL,"Population, total",Health: Population,people,2024,115843670.0000,113100950.0000,2742720.0000,2.43,0,0
6516,PH,Philippines,,,SP.POP.TOTL,"Population, total",Health: Population,people,2025,116786962.0000,115843670.0000,943292.0000,0.81,0,0
771,PK,Pakistan,,,NY.GDP.PCAP.CD,GDP per capita (current US$),Economic Policy & Debt,current US$,2018,1569.3381,,,,0,0
770,PK,Pakistan,,,NY.GDP.PCAP.CD,GDP per capita (current US$),Economic Policy & Debt,current US$,2019,1390.4169,1569.3381,-178.9212,-11.40,0,0
769,PK,Pakistan,,,NY.GDP.PCAP.CD,GDP per capita (current US$),Economic Policy & Debt,current US$,2020,1278.3974,1390.4169,-112.0195,-8.06,1,-0.036534
768,PK,Pakistan,,,NY.GDP.PCAP.CD,GDP per capita (current US$),Economic Policy & Debt,current US$,2021,1455.3192,1278.3974,176.9218,13.84,0,0
6016,PK,Pakistan,,,NY.GDP.PCAP.CD,GDP per capita (current US$),Economic Policy & Debt,current US$,2024,1479.4776,1455.3192,24.1584,1.66,0,0
6015,PK,Pakistan,,,NY.GDP.PCAP.CD,GDP per capita (current US$),Economic Policy & Debt,current US$,2025,1595.9091,1479.4776,116.4315,7.87,0,0
3895,PK,Pakistan,,,SH.H2O.BASW.ZS,People using at least basic drinking water services (% of population),Environment: Water and sanitation,% of population,2018,90.0758,,,,0,0
3894,PK,Pakistan,,,SH.H2O.BASW.ZS,People using at least basic drinking water services (% of population),Environment: Water and sanitation,% of population,2019,90.2268,90.0758,0.1510,0.17,0,0
3893,PK,Pakistan,,,SH.H2O.BASW.ZS,People using at least basic drinking water services (% of population),Environment: Water and sanitation,% of population,2020,90.3763,90.2268,0.1495,0.17,0,0
3892,PK,Pakistan,,,SH.H2O.BASW.ZS,People using at least basic drinking water services (% of population),Environment: Water and sanitation,% of population,2021,90.5243,90.3763,0.1480,0.16,0,0
7043,PK,Pakistan,,,SH.H2O.BASW.ZS,People using at least basic drinking water services (% of population),Environment: Water and sanitation,% of population,2024,90.6933,90.5243,0.1690,0.19,0,0
2874,PK,Pakistan,,,SP.DYN.LE00.IN,"Life expectancy at birth, total (years)",Health,years,2018,66.4810,,,,0,0
2873,PK,Pakistan,,,SP.DYN.LE00.IN,"Life expectancy at birth, total (years)",Health,years,2019,66.7290,66.4810,0.2480,0.37,0,0
2872,PK,Pakistan,,,SP.DYN.LE00.IN,"Life expectancy at birth, total (years)",Health,years,2020,65.7010,66.7290,-1.0280,-1.54,0,0
2871,PK,Pakistan,,,SP.DYN.LE00.IN,"Life expectancy at birth, total (years)",Health,years,2021,65.7730,65.7010,0.0720,0.11,0,0
6806,PK,Pakistan,,,SP.DYN.LE00.IN,"Life expectancy at birth, total (years)",Health,years,2024,67.7990,65.7730,2.0260,3.08,0,0
1818,PK,Pakistan,,,SP.POP.TOTL,"Population, total",Health: Population,people,2018,226928892.0000,,,,0,0
1817,PK,Pakistan,,,SP.POP.TOTL,"Population, total",Health: Population,people,2019,230800899.0000,226928892.0000,3872007.0000,1.71,0,0
1816,PK,Pakistan,,,SP.POP.TOTL,"Population, total",Health: Population,people,2020,235001746.0000,230800899.0000,4200847.0000,1.82,0,0
1815,PK,Pakistan,,,SP.POP.TOTL,"Population, total",Health: Population,people,2021,239477801.0000,235001746.0000,4476055.0000,1.90,0,0
6505,PK,Pakistan,,,SP.POP.TOTL,"Population, total",Health: Population,people,2024,251269164.0000,239477801.0000,11791363.0000,4.92,0,0
6504,PK,Pakistan,,,SP.POP.TOTL,"Population, total",Health: Population,people,2025,255219554.0000,251269164.0000,3950390.0000,1.57,0,0
799,PL,Poland,,,NY.GDP.PCAP.CD,GDP per capita (current US$),Economic Policy & Debt,current US$,2018,15658.2106,,,,0,0
798,PL,Poland,,,NY.GDP.PCAP.CD,GDP per capita (current US$),Economic Policy & Debt,current US$,2019,15874.5221,15658.2106,216.3115,1.38,0,0
797,PL,Poland,,,NY.GDP.PCAP.CD,GDP per capita (current US$),Economic Policy & Debt,current US$,2020,16150.9305,15874.5221,276.4084,1.74,0,0
796,PL,Poland,,,NY.GDP.PCAP.CD,GDP per capita (current US$),Economic Policy & Debt,current US$,2021,18635.5105,16150.9305,2484.5800,15.38,0,0
6030,PL,Poland,,,NY.GDP.PCAP.CD,GDP per capita (current US$),Economic Policy & Debt,current US$,2024,25103.5657,18635.5105,6468.0552,34.71,0,0
6029,PL,Poland,,,NY.GDP.PCAP.CD,GDP per capita (current US$),Economic Policy & Debt,current US$,2025,28419.5777,25103.5657,3316.0120,13.21,1,-0.150721
6029,PL,Poland,,,NY.GDP.PCAP.CD,GDP per capita (current US$),Economic Policy & Debt,current US$,2025,28419.5777,25103.5657,3316.0120,13.21,1,-0.085743
3923,PL,Poland,,,SH.H2O.BASW.ZS,People using at least basic drinking water services (% of population),Environment: Water and sanitation,% of population,2018,93.3312,,,,0,0
3922,PL,Poland,,,SH.H2O.BASW.ZS,People using at least basic drinking water services (% of population),Environment: Water and sanitation,% of population,2019,92.7883,93.3312,-0.5429,-0.58,0,0
3921,PL,Poland,,,SH.H2O.BASW.ZS,People using at least basic drinking water services (% of population),Environment: Water and sanitation,% of population,2020,92.2481,92.7883,-0.5402,-0.58,0,0
3920,PL,Poland,,,SH.H2O.BASW.ZS,People using at least basic drinking water services (% of population),Environment: Water and sanitation,% of population,2021,91.7109,92.2481,-0.5372,-0.58,0,0
7050,PL,Poland,,,SH.H2O.BASW.ZS,People using at least basic drinking water services (% of population),Environment: Water and sanitation,% of population,2024,90.1245,91.7109,-1.5864,-1.73,0,0
2902,PL,Poland,,,SP.DYN.LE00.IN,"Life expectancy at birth, total (years)",Health,years,2018,77.6024,,,,0,0
2901,PL,Poland,,,SP.DYN.LE00.IN,"Life expectancy at birth, total (years)",Health,years,2019,77.9049,77.6024,0.3025,0.39,0,0
2900,PL,Poland,,,SP.DYN.LE00.IN,"Life expectancy at birth, total (years)",Health,years,2020,76.4000,77.9049,-1.5049,-1.93,0,0
2899,PL,Poland,,,SP.DYN.LE00.IN,"Life expectancy at birth, total (years)",Health,years,2021,75.3512,76.4000,-1.0488,-1.37,0,0
6813,PL,Poland,,,SP.DYN.LE00.IN,"Life expectancy at birth, total (years)",Health,years,2024,78.4098,75.3512,3.0586,4.06,0,0
1846,PL,Poland,,,SP.POP.TOTL,"Population, total",Health: Population,people,2018,37974750.0000,,,,0,0
1845,PL,Poland,,,SP.POP.TOTL,"Population, total",Health: Population,people,2019,37965475.0000,37974750.0000,-9275.0000,-0.02,0,0
1844,PL,Poland,,,SP.POP.TOTL,"Population, total",Health: Population,people,2020,37515748.0000,37965475.0000,-449727.0000,-1.18,0,0
1843,PL,Poland,,,SP.POP.TOTL,"Population, total",Health: Population,people,2021,36981559.0000,37515748.0000,-534189.0000,-1.42,0,0
6519,PL,Poland,,,SP.POP.TOTL,"Population, total",Health: Population,people,2024,36559233.0000,36981559.0000,-422326.0000,-1.14,0,0
6518,PL,Poland,,,SP.POP.TOTL,"Population, total",Health: Population,people,2025,36435861.0000,36559233.0000,-123372.0000,-0.34,0,0
807,PR,Puerto Rico (US),,,NY.GDP.PCAP.CD,GDP per capita (current US$),Economic Policy & Debt,current US$,2018,30679.9182,,,,0,0
806,PR,Puerto Rico (US),,,NY.GDP.PCAP.CD,GDP per capita (current US$),Economic Policy & Debt,current US$,2019,31830.5285,30679.9182,1150.6103,3.75,0,0
805,PR,Puerto Rico (US),,,NY.GDP.PCAP.CD,GDP per capita (current US$),Economic Policy & Debt,current US$,2020,31427.1035,31830.5285,-403.4250,-1.27,0,0
804,PR,Puerto Rico (US),,,NY.GDP.PCAP.CD,GDP per capita (current US$),Economic Policy & Debt,current US$,2021,32618.8705,31427.1035,1191.7670,3.79,0,0
6034,PR,Puerto Rico (US),,,NY.GDP.PCAP.CD,GDP per capita (current US$),Economic Policy & Debt,current US$,2024,39353.2242,32618.8705,6734.3537,20.65,0,0
6033,PR,Puerto Rico (US),,,NY.GDP.PCAP.CD,GDP per capita (current US$),Economic Policy & Debt,current US$,2025,40620.1527,39353.2242,1266.9285,3.22,1,-0.012727
3931,PR,Puerto Rico (US),,,SH.H2O.BASW.ZS,People using at least basic drinking water services (% of population),Environment: Water and sanitation,% of population,2018,99.8679,,,,0,0
3930,PR,Puerto Rico (US),,,SH.H2O.BASW.ZS,People using at least basic drinking water services (% of population),Environment: Water and sanitation,% of population,2019,100.0000,99.8679,0.1321,0.13,0,0
3929,PR,Puerto Rico (US),,,SH.H2O.BASW.ZS,People using at least basic drinking water services (% of population),Environment: Water and sanitation,% of population,2020,100.0000,100.0000,0.0000,0.00,0,0
3928,PR,Puerto Rico (US),,,SH.H2O.BASW.ZS,People using at least basic drinking water services (% of population),Environment: Water and sanitation,% of population,2021,100.0000,100.0000,0.0000,0.00,0,0
7052,PR,Puerto Rico (US),,,SH.H2O.BASW.ZS,People using at least basic drinking water services (% of population),Environment: Water and sanitation,% of population,2024,100.0000,100.0000,0.0000,0.00,0,0
2910,PR,Puerto Rico (US),,,SP.DYN.LE00.IN,"Life expectancy at birth, total (years)",Health,years,2018,81.0860,,,,0,0
2909,PR,Puerto Rico (US),,,SP.DYN.LE00.IN,"Life expectancy at birth, total (years)",Health,years,2019,81.4380,81.0860,0.3520,0.43,0,0
2908,PR,Puerto Rico (US),,,SP.DYN.LE00.IN,"Life expectancy at birth, total (years)",Health,years,2020,80.0090,81.4380,-1.4290,-1.75,0,0
2907,PR,Puerto Rico (US),,,SP.DYN.LE00.IN,"Life expectancy at birth, total (years)",Health,years,2021,79.7700,80.0090,-0.2390,-0.30,0,0
6815,PR,Puerto Rico (US),,,SP.DYN.LE00.IN,"Life expectancy at birth, total (years)",Health,years,2024,81.9020,79.7700,2.1320,2.67,0,0
1854,PR,Puerto Rico (US),,,SP.POP.TOTL,"Population, total",Health: Population,people,2018,3290690.0000,,,,0,0
1853,PR,Puerto Rico (US),,,SP.POP.TOTL,"Population, total",Health: Population,people,2019,3302691.0000,3290690.0000,12001.0000,0.36,0,0
1852,PR,Puerto Rico (US),,,SP.POP.TOTL,"Population, total",Health: Population,people,2020,3281591.0000,3302691.0000,-21100.0000,-0.64,0,0
1851,PR,Puerto Rico (US),,,SP.POP.TOTL,"Population, total",Health: Population,people,2021,3262731.0000,3281591.0000,-18860.0000,-0.57,0,0
6523,PR,Puerto Rico (US),,,SP.POP.TOTL,"Population, total",Health: Population,people,2024,3202521.0000,3262731.0000,-60210.0000,-1.85,0,0
6522,PR,Puerto Rico (US),,,SP.POP.TOTL,"Population, total",Health: Population,people,2025,3184835.0000,3202521.0000,-17686.0000,-0.55,0,0
1021,PS,West Bank and Gaza,,,NY.GDP.PCAP.CD,GDP per capita (current US$),Economic Policy & Debt,current US$,2018,3562.3309,,,,0,0
1020,PS,West Bank and Gaza,,,NY.GDP.PCAP.CD,GDP per capita (current US$),Economic Policy & Debt,current US$,2019,3656.8583,3562.3309,94.5274,2.65,0,0
1019,PS,West Bank and Gaza,,,NY.GDP.PCAP.CD,GDP per capita (current US$),Economic Policy & Debt,current US$,2020,3233.5686,3656.8583,-423.2897,-11.58,1,-0.043591
1018,PS,West Bank and Gaza,,,NY.GDP.PCAP.CD,GDP per capita (current US$),Economic Policy & Debt,current US$,2021,3678.6357,3233.5686,445.0671,13.76,0,0
4140,PS,West Bank and Gaza,,,SH.H2O.BASW.ZS,People using at least basic drinking water services (% of population),Environment: Water and sanitation,% of population,2018,99.1373,,,,0,0
4139,PS,West Bank and Gaza,,,SH.H2O.BASW.ZS,People using at least basic drinking water services (% of population),Environment: Water and sanitation,% of population,2019,99.0487,99.1373,-0.0886,-0.09,0,0
4138,PS,West Bank and Gaza,,,SH.H2O.BASW.ZS,People using at least basic drinking water services (% of population),Environment: Water and sanitation,% of population,2020,98.9584,99.0487,-0.0903,-0.09,0,0
4137,PS,West Bank and Gaza,,,SH.H2O.BASW.ZS,People using at least basic drinking water services (% of population),Environment: Water and sanitation,% of population,2021,98.8664,98.9584,-0.0920,-0.09,0,0
3130,PS,West Bank and Gaza,,,SP.DYN.LE00.IN,"Life expectancy at birth, total (years)",Health,years,2018,75.3800,,,,0,0
3129,PS,West Bank and Gaza,,,SP.DYN.LE00.IN,"Life expectancy at birth, total (years)",Health,years,2019,75.8110,75.3800,0.4310,0.57,0,0
3128,PS,West Bank and Gaza,,,SP.DYN.LE00.IN,"Life expectancy at birth, total (years)",Health,years,2020,74.9980,75.8110,-0.8130,-1.07,0,0
3127,PS,West Bank and Gaza,,,SP.DYN.LE00.IN,"Life expectancy at birth, total (years)",Health,years,2021,73.8900,74.9980,-1.1080,-1.48,0,0
2074,PS,West Bank and Gaza,,,SP.POP.TOTL,"Population, total",Health: Population,people,2018,4569087.0000,,,,0,0
2073,PS,West Bank and Gaza,,,SP.POP.TOTL,"Population, total",Health: Population,people,2019,4685306.0000,4569087.0000,116219.0000,2.54,0,0
2072,PS,West Bank and Gaza,,,SP.POP.TOTL,"Population, total",Health: Population,people,2020,4803269.0000,4685306.0000,117963.0000,2.52,0,0
2071,PS,West Bank and Gaza,,,SP.POP.TOTL,"Population, total",Health: Population,people,2021,4922749.0000,4803269.0000,119480.0000,2.49,0,0
803,PT,Portugal,,,NY.GDP.PCAP.CD,GDP per capita (current US$),Economic Policy & Debt,current US$,2018,23541.1401,,,,0,0
802,PT,Portugal,,,NY.GDP.PCAP.CD,GDP per capita (current US$),Economic Policy & Debt,current US$,2019,23343.3629,23541.1401,-197.7772,-0.84,0,0
801,PT,Portugal,,,NY.GDP.PCAP.CD,GDP per capita (current US$),Economic Policy & Debt,current US$,2020,22299.4044,23343.3629,-1043.9585,-4.47,0,0
800,PT,Portugal,,,NY.GDP.PCAP.CD,GDP per capita (current US$),Economic Policy & Debt,current US$,2021,24711.4510,22299.4044,2412.0466,10.82,0,0
6032,PT,Portugal,,,NY.GDP.PCAP.CD,GDP per capita (current US$),Economic Policy & Debt,current US$,2024,29328.3067,24711.4510,4616.8557,18.68,0,0
6031,PT,Portugal,,,NY.GDP.PCAP.CD,GDP per capita (current US$),Economic Policy & Debt,current US$,2025,32081.8106,29328.3067,2753.5039,9.39,1,-0.084985
6031,PT,Portugal,,,NY.GDP.PCAP.CD,GDP per capita (current US$),Economic Policy & Debt,current US$,2025,32081.8106,29328.3067,2753.5039,9.39,1,-0.020007
3927,PT,Portugal,,,SH.H2O.BASW.ZS,People using at least basic drinking water services (% of population),Environment: Water and sanitation,% of population,2018,99.2083,,,,0,0
3926,PT,Portugal,,,SH.H2O.BASW.ZS,People using at least basic drinking water services (% of population),Environment: Water and sanitation,% of population,2019,99.2196,99.2083,0.0113,0.01,0,0
3925,PT,Portugal,,,SH.H2O.BASW.ZS,People using at least basic drinking water services (% of population),Environment: Water and sanitation,% of population,2020,99.2321,99.2196,0.0125,0.01,0,0
3924,PT,Portugal,,,SH.H2O.BASW.ZS,People using at least basic drinking water services (% of population),Environment: Water and sanitation,% of population,2021,99.2457,99.2321,0.0136,0.01,0,0
7051,PT,Portugal,,,SH.H2O.BASW.ZS,People using at least basic drinking water services (% of population),Environment: Water and sanitation,% of population,2024,99.2876,99.2457,0.0419,0.04,0,0
2906,PT,Portugal,,,SP.DYN.LE00.IN,"Life expectancy at birth, total (years)",Health,years,2018,81.3244,,,,0,0
2905,PT,Portugal,,,SP.DYN.LE00.IN,"Life expectancy at birth, total (years)",Health,years,2019,81.6756,81.3244,0.3512,0.43,0,0
2904,PT,Portugal,,,SP.DYN.LE00.IN,"Life expectancy at birth, total (years)",Health,years,2020,81.3293,81.6756,-0.3463,-0.42,0,0
2903,PT,Portugal,,,SP.DYN.LE00.IN,"Life expectancy at birth, total (years)",Health,years,2021,81.3780,81.3293,0.0487,0.06,0,0
6814,PT,Portugal,,,SP.DYN.LE00.IN,"Life expectancy at birth, total (years)",Health,years,2024,82.3829,81.3780,1.0049,1.23,0,0
1850,PT,Portugal,,,SP.POP.TOTL,"Population, total",Health: Population,people,2018,10283822.0000,,,,0,0
1849,PT,Portugal,,,SP.POP.TOTL,"Population, total",Health: Population,people,2019,10286263.0000,10283822.0000,2441.0000,0.02,0,0
1848,PT,Portugal,,,SP.POP.TOTL,"Population, total",Health: Population,people,2020,10297081.0000,10286263.0000,10818.0000,0.11,0,0
1847,PT,Portugal,,,SP.POP.TOTL,"Population, total",Health: Population,people,2021,10361831.0000,10297081.0000,64750.0000,0.63,0,0
6521,PT,Portugal,,,SP.POP.TOTL,"Population, total",Health: Population,people,2024,10694681.0000,10361831.0000,332850.0000,3.21,0,0
6520,PT,Portugal,,,SP.POP.TOTL,"Population, total",Health: Population,people,2025,10804871.0000,10694681.0000,110190.0000,1.03,0,0
775,PW,Palau,,,NY.GDP.PCAP.CD,GDP per capita (current US$),Economic Policy & Debt,current US$,2018,16179.8778,,,,0,0
774,PW,Palau,,,NY.GDP.PCAP.CD,GDP per capita (current US$),Economic Policy & Debt,current US$,2019,15841.8923,16179.8778,-337.9855,-2.09,0,0
773,PW,Palau,,,NY.GDP.PCAP.CD,GDP per capita (current US$),Economic Policy & Debt,current US$,2020,14556.3095,15841.8923,-1285.5828,-8.12,0,0
772,PW,Palau,,,NY.GDP.PCAP.CD,GDP per capita (current US$),Economic Policy & Debt,current US$,2021,13267.4877,14556.3095,-1288.8218,-8.85,1,-0.048567
6018,PW,Palau,,,NY.GDP.PCAP.CD,GDP per capita (current US$),Economic Policy & Debt,current US$,2024,18169.0767,13267.4877,4901.5890,36.94,0,0
6017,PW,Palau,,,NY.GDP.PCAP.CD,GDP per capita (current US$),Economic Policy & Debt,current US$,2025,19532.3558,18169.0767,1363.2791,7.50,1,-0.037741
3899,PW,Palau,,,SH.H2O.BASW.ZS,People using at least basic drinking water services (% of population),Environment: Water and sanitation,% of population,2018,99.5029,,,,0,0
3898,PW,Palau,,,SH.H2O.BASW.ZS,People using at least basic drinking water services (% of population),Environment: Water and sanitation,% of population,2019,99.5096,99.5029,0.0067,0.01,0,0
3897,PW,Palau,,,SH.H2O.BASW.ZS,People using at least basic drinking water services (% of population),Environment: Water and sanitation,% of population,2020,99.5160,99.5096,0.0064,0.01,0,0
3896,PW,Palau,,,SH.H2O.BASW.ZS,People using at least basic drinking water services (% of population),Environment: Water and sanitation,% of population,2021,99.5219,99.5160,0.0059,0.01,0,0
7044,PW,Palau,,,SH.H2O.BASW.ZS,People using at least basic drinking water services (% of population),Environment: Water and sanitation,% of population,2024,99.5322,99.5219,0.0103,0.01,0,0
2878,PW,Palau,,,SP.DYN.LE00.IN,"Life expectancy at birth, total (years)",Health,years,2018,68.9890,,,,0,0
2877,PW,Palau,,,SP.DYN.LE00.IN,"Life expectancy at birth, total (years)",Health,years,2019,68.9820,68.9890,-0.0070,-0.01,0,0
2876,PW,Palau,,,SP.DYN.LE00.IN,"Life expectancy at birth, total (years)",Health,years,2020,68.6890,68.9820,-0.2930,-0.42,0,0
2875,PW,Palau,,,SP.DYN.LE00.IN,"Life expectancy at birth, total (years)",Health,years,2021,68.5630,68.6890,-0.1260,-0.18,0,0
6807,PW,Palau,,,SP.DYN.LE00.IN,"Life expectancy at birth, total (years)",Health,years,2024,69.3830,68.5630,0.8200,1.20,0,0
1822,PW,Palau,,,SP.POP.TOTL,"Population, total",Health: Population,people,2018,17814.0000,,,,0,0
1821,PW,Palau,,,SP.POP.TOTL,"Population, total",Health: Population,people,2019,17798.0000,17814.0000,-16.0000,-0.09,0,0
1820,PW,Palau,,,SP.POP.TOTL,"Population, total",Health: Population,people,2020,17792.0000,17798.0000,-6.0000,-0.03,0,0
1819,PW,Palau,,,SP.POP.TOTL,"Population, total",Health: Population,people,2021,17783.0000,17792.0000,-9.0000,-0.05,0,0
6507,PW,Palau,,,SP.POP.TOTL,"Population, total",Health: Population,people,2024,17695.0000,17783.0000,-88.0000,-0.49,0,0
6506,PW,Palau,,,SP.POP.TOTL,"Population, total",Health: Population,people,2025,17663.0000,17695.0000,-32.0000,-0.18,0,0
787,PY,Paraguay,,,NY.GDP.PCAP.CD,GDP per capita (current US$),Economic Policy & Debt,current US$,2018,6258.4499,,,,0,0
786,PY,Paraguay,,,NY.GDP.PCAP.CD,GDP per capita (current US$),Economic Policy & Debt,current US$,2019,5821.1820,6258.4499,-437.2679,-6.99,0,0
785,PY,Paraguay,,,NY.GDP.PCAP.CD,GDP per capita (current US$),Economic Policy & Debt,current US$,2020,5365.4722,5821.1820,-455.7098,-7.83,1,-0.014767
784,PY,Paraguay,,,NY.GDP.PCAP.CD,GDP per capita (current US$),Economic Policy & Debt,current US$,2021,5974.9057,5365.4722,609.4335,11.36,0,0
6024,PY,Paraguay,,,NY.GDP.PCAP.CD,GDP per capita (current US$),Economic Policy & Debt,current US$,2024,6456.6072,5974.9057,481.7015,8.06,0,0
6023,PY,Paraguay,,,NY.GDP.PCAP.CD,GDP per capita (current US$),Economic Policy & Debt,current US$,2025,7026.6191,6456.6072,570.0119,8.83,1,-0.010031
3911,PY,Paraguay,,,SH.H2O.BASW.ZS,People using at least basic drinking water services (% of population),Environment: Water and sanitation,% of population,2018,96.9921,,,,0,0
3910,PY,Paraguay,,,SH.H2O.BASW.ZS,People using at least basic drinking water services (% of population),Environment: Water and sanitation,% of population,2019,98.0247,96.9921,1.0326,1.06,0,0
3909,PY,Paraguay,,,SH.H2O.BASW.ZS,People using at least basic drinking water services (% of population),Environment: Water and sanitation,% of population,2020,99.0462,98.0247,1.0215,1.04,0,0
3908,PY,Paraguay,,,SH.H2O.BASW.ZS,People using at least basic drinking water services (% of population),Environment: Water and sanitation,% of population,2021,99.3305,99.0462,0.2843,0.29,0,0
7047,PY,Paraguay,,,SH.H2O.BASW.ZS,People using at least basic drinking water services (% of population),Environment: Water and sanitation,% of population,2024,99.6036,99.3305,0.2731,0.27,0,0
2890,PY,Paraguay,,,SP.DYN.LE00.IN,"Life expectancy at birth, total (years)",Health,years,2018,73.6270,,,,0,0
2889,PY,Paraguay,,,SP.DYN.LE00.IN,"Life expectancy at birth, total (years)",Health,years,2019,73.6680,73.6270,0.0410,0.06,0,0
2888,PY,Paraguay,,,SP.DYN.LE00.IN,"Life expectancy at birth, total (years)",Health,years,2020,72.7200,73.6680,-0.9480,-1.29,0,0
2887,PY,Paraguay,,,SP.DYN.LE00.IN,"Life expectancy at birth, total (years)",Health,years,2021,68.1080,72.7200,-4.6120,-6.34,1,-0.017443
6810,PY,Paraguay,,,SP.DYN.LE00.IN,"Life expectancy at birth, total (years)",Health,years,2024,73.9820,68.1080,5.8740,8.62,0,0
1834,PY,Paraguay,,,SP.POP.TOTL,"Population, total",Health: Population,people,2018,6427382.0000,,,,0,0
1833,PY,Paraguay,,,SP.POP.TOTL,"Population, total",Health: Population,people,2019,6515058.0000,6427382.0000,87676.0000,1.36,0,0
1832,PY,Paraguay,,,SP.POP.TOTL,"Population, total",Health: Population,people,2020,6603739.0000,6515058.0000,88681.0000,1.36,0,0
1831,PY,Paraguay,,,SP.POP.TOTL,"Population, total",Health: Population,people,2021,6684182.0000,6603739.0000,80443.0000,1.22,0,0
6513,PY,Paraguay,,,SP.POP.TOTL,"Population, total",Health: Population,people,2024,6929153.0000,6684182.0000,244971.0000,3.66,0,0
6512,PY,Paraguay,,,SP.POP.TOTL,"Population, total",Health: Population,people,2025,7013078.0000,6929153.0000,83925.0000,1.21,0,0
811,QA,Qatar,,,NY.GDP.PCAP.CD,GDP per capita (current US$),Economic Policy & Debt,current US$,2018,71039.8491,,,,0,0
810,QA,Qatar,,,NY.GDP.PCAP.CD,GDP per capita (current US$),Economic Policy & Debt,current US$,2019,66841.3013,71039.8491,-4198.5478,-5.91,0,0
809,QA,Qatar,,,NY.GDP.PCAP.CD,GDP per capita (current US$),Economic Policy & Debt,current US$,2020,51683.5054,66841.3013,-15157.7959,-22.68,1,-0.196736
809,QA,Qatar,,,NY.GDP.PCAP.CD,GDP per capita (current US$),Economic Policy & Debt,current US$,2020,51683.5054,66841.3013,-15157.7959,-22.68,1,-0.131759
808,QA,Qatar,,,NY.GDP.PCAP.CD,GDP per capita (current US$),Economic Policy & Debt,current US$,2021,71751.8831,51683.5054,20068.3777,38.83,1,-0.129840
808,QA,Qatar,,,NY.GDP.PCAP.CD,GDP per capita (current US$),Economic Policy & Debt,current US$,2021,71751.8831,51683.5054,20068.3777,38.83,1,-0.064863
6036,QA,Qatar,,,NY.GDP.PCAP.CD,GDP per capita (current US$),Economic Policy & Debt,current US$,2024,75685.0866,71751.8831,3933.2035,5.48,0,0
6035,QA,Qatar,,,NY.GDP.PCAP.CD,GDP per capita (current US$),Economic Policy & Debt,current US$,2025,72524.9066,75685.0866,-3160.1800,-4.18,1,-0.003373
3935,QA,Qatar,,,SH.H2O.BASW.ZS,People using at least basic drinking water services (% of population),Environment: Water and sanitation,% of population,2018,99.9644,,,,0,0
3934,QA,Qatar,,,SH.H2O.BASW.ZS,People using at least basic drinking water services (% of population),Environment: Water and sanitation,% of population,2019,99.9705,99.9644,0.0061,0.01,0,0
3933,QA,Qatar,,,SH.H2O.BASW.ZS,People using at least basic drinking water services (% of population),Environment: Water and sanitation,% of population,2020,99.9767,99.9705,0.0062,0.01,0,0
3932,QA,Qatar,,,SH.H2O.BASW.ZS,People using at least basic drinking water services (% of population),Environment: Water and sanitation,% of population,2021,99.9828,99.9767,0.0061,0.01,0,0
7053,QA,Qatar,,,SH.H2O.BASW.ZS,People using at least basic drinking water services (% of population),Environment: Water and sanitation,% of population,2024,99.9890,99.9828,0.0062,0.01,0,0
2914,QA,Qatar,,,SP.DYN.LE00.IN,"Life expectancy at birth, total (years)",Health,years,2018,82.7140,,,,0,0
2913,QA,Qatar,,,SP.DYN.LE00.IN,"Life expectancy at birth, total (years)",Health,years,2019,82.9450,82.7140,0.2310,0.28,0,0
2912,QA,Qatar,,,SP.DYN.LE00.IN,"Life expectancy at birth, total (years)",Health,years,2020,80.4090,82.9450,-2.5360,-3.06,0,0
2911,QA,Qatar,,,SP.DYN.LE00.IN,"Life expectancy at birth, total (years)",Health,years,2021,81.0830,80.4090,0.6740,0.84,0,0
6816,QA,Qatar,,,SP.DYN.LE00.IN,"Life expectancy at birth, total (years)",Health,years,2024,82.5220,81.0830,1.4390,1.77,0,0
1858,QA,Qatar,,,SP.POP.TOTL,"Population, total",Health: Population,people,2018,2580734.0000,,,,0,0
1857,QA,Qatar,,,SP.POP.TOTL,"Population, total",Health: Population,people,2019,2638657.0000,2580734.0000,57923.0000,2.24,0,0
1856,QA,Qatar,,,SP.POP.TOTL,"Population, total",Health: Population,people,2020,2794148.0000,2638657.0000,155491.0000,5.89,0,0
1855,QA,Qatar,,,SP.POP.TOTL,"Population, total",Health: Population,people,2021,2504910.0000,2794148.0000,-289238.0000,-10.35,1,-0.010048
6525,QA,Qatar,,,SP.POP.TOTL,"Population, total",Health: Population,people,2024,2857822.0000,2504910.0000,352912.0000,14.09,0,0
6524,QA,Qatar,,,SP.POP.TOTL,"Population, total",Health: Population,people,2025,2972215.0000,2857822.0000,114393.0000,4.00,0,0
815,RO,Romania,,,NY.GDP.PCAP.CD,GDP per capita (current US$),Economic Policy & Debt,current US$,2018,12416.1343,,,,0,0
814,RO,Romania,,,NY.GDP.PCAP.CD,GDP per capita (current US$),Economic Policy & Debt,current US$,2019,12909.6104,12416.1343,493.4761,3.97,0,0
813,RO,Romania,,,NY.GDP.PCAP.CD,GDP per capita (current US$),Economic Policy & Debt,current US$,2020,13009.1525,12909.6104,99.5421,0.77,0,0
812,RO,Romania,,,NY.GDP.PCAP.CD,GDP per capita (current US$),Economic Policy & Debt,current US$,2021,14908.0413,13009.1525,1898.8888,14.60,0,0
6038,RO,Romania,,,NY.GDP.PCAP.CD,GDP per capita (current US$),Economic Policy & Debt,current US$,2024,20080.2096,14908.0413,5172.1683,34.69,0,0
6037,RO,Romania,,,NY.GDP.PCAP.CD,GDP per capita (current US$),Economic Policy & Debt,current US$,2025,22537.9532,20080.2096,2457.7436,12.24,1,-0.135129
6037,RO,Romania,,,NY.GDP.PCAP.CD,GDP per capita (current US$),Economic Policy & Debt,current US$,2025,22537.9532,20080.2096,2457.7436,12.24,1,-0.070152
3939,RO,Romania,,,SH.H2O.BASW.ZS,People using at least basic drinking water services (% of population),Environment: Water and sanitation,% of population,2018,100.0000,,,,0,0
3938,RO,Romania,,,SH.H2O.BASW.ZS,People using at least basic drinking water services (% of population),Environment: Water and sanitation,% of population,2019,100.0000,100.0000,0.0000,0.00,0,0
3937,RO,Romania,,,SH.H2O.BASW.ZS,People using at least basic drinking water services (% of population),Environment: Water and sanitation,% of population,2020,100.0000,100.0000,0.0000,0.00,0,0
3936,RO,Romania,,,SH.H2O.BASW.ZS,People using at least basic drinking water services (% of population),Environment: Water and sanitation,% of population,2021,100.0000,100.0000,0.0000,0.00,0,0
7054,RO,Romania,,,SH.H2O.BASW.ZS,People using at least basic drinking water services (% of population),Environment: Water and sanitation,% of population,2024,100.0000,100.0000,0.0000,0.00,0,0
2918,RO,Romania,,,SP.DYN.LE00.IN,"Life expectancy at birth, total (years)",Health,years,2018,75.3585,,,,0,0
2917,RO,Romania,,,SP.DYN.LE00.IN,"Life expectancy at birth, total (years)",Health,years,2019,75.6073,75.3585,0.2488,0.33,0,0
2916,RO,Romania,,,SP.DYN.LE00.IN,"Life expectancy at birth, total (years)",Health,years,2020,74.2537,75.6073,-1.3536,-1.79,0,0
2915,RO,Romania,,,SP.DYN.LE00.IN,"Life expectancy at birth, total (years)",Health,years,2021,72.8098,74.2537,-1.4439,-1.94,0,0
6817,RO,Romania,,,SP.DYN.LE00.IN,"Life expectancy at birth, total (years)",Health,years,2024,76.4585,72.8098,3.6487,5.01,0,0
1862,RO,Romania,,,SP.POP.TOTL,"Population, total",Health: Population,people,2018,19473970.0000,,,,0,0
1861,RO,Romania,,,SP.POP.TOTL,"Population, total",Health: Population,people,2019,19371648.0000,19473970.0000,-102322.0000,-0.53,0,0
1860,RO,Romania,,,SP.POP.TOTL,"Population, total",Health: Population,people,2020,19265250.0000,19371648.0000,-106398.0000,-0.55,0,0
1859,RO,Romania,,,SP.POP.TOTL,"Population, total",Health: Population,people,2021,19122059.0000,19265250.0000,-143191.0000,-0.74,0,0
6527,RO,Romania,,,SP.POP.TOTL,"Population, total",Health: Population,people,2024,19051804.0000,19122059.0000,-70255.0000,-0.37,0,0
6526,RO,Romania,,,SP.POP.TOTL,"Population, total",Health: Population,people,2025,19020271.0000,19051804.0000,-31533.0000,-0.17,0,0
847,RS,Serbia,,,NY.GDP.PCAP.CD,GDP per capita (current US$),Economic Policy & Debt,current US$,2018,7559.8617,,,,0,0
846,RS,Serbia,,,NY.GDP.PCAP.CD,GDP per capita (current US$),Economic Policy & Debt,current US$,2019,7755.6330,7559.8617,195.7713,2.59,1,-0.009795
845,RS,Serbia,,,NY.GDP.PCAP.CD,GDP per capita (current US$),Economic Policy & Debt,current US$,2020,8098.7096,7755.6330,343.0766,4.42,0,0
844,RS,Serbia,,,NY.GDP.PCAP.CD,GDP per capita (current US$),Economic Policy & Debt,current US$,2021,9680.5280,8098.7096,1581.8184,19.53,1,-0.017867
6052,RS,Serbia,,,NY.GDP.PCAP.CD,GDP per capita (current US$),Economic Policy & Debt,current US$,2024,13677.7795,9680.5280,3997.2515,41.29,1,-0.008731
6051,RS,Serbia,,,NY.GDP.PCAP.CD,GDP per capita (current US$),Economic Policy & Debt,current US$,2025,15262.0464,13677.7795,1584.2669,11.58,1,-0.126593
6051,RS,Serbia,,,NY.GDP.PCAP.CD,GDP per capita (current US$),Economic Policy & Debt,current US$,2025,15262.0464,13677.7795,1584.2669,11.58,1,-0.061616
3971,RS,Serbia,,,SH.H2O.BASW.ZS,People using at least basic drinking water services (% of population),Environment: Water and sanitation,% of population,2018,94.3248,,,,0,0
3970,RS,Serbia,,,SH.H2O.BASW.ZS,People using at least basic drinking water services (% of population),Environment: Water and sanitation,% of population,2019,94.6906,94.3248,0.3658,0.39,0,0
3969,RS,Serbia,,,SH.H2O.BASW.ZS,People using at least basic drinking water services (% of population),Environment: Water and sanitation,% of population,2020,95.0575,94.6906,0.3669,0.39,0,0
3968,RS,Serbia,,,SH.H2O.BASW.ZS,People using at least basic drinking water services (% of population),Environment: Water and sanitation,% of population,2021,95.4257,95.0575,0.3682,0.39,0,0
7062,RS,Serbia,,,SH.H2O.BASW.ZS,People using at least basic drinking water services (% of population),Environment: Water and sanitation,% of population,2024,95.3984,95.4257,-0.0273,-0.03,0,0
2950,RS,Serbia,,,SP.DYN.LE00.IN,"Life expectancy at birth, total (years)",Health,years,2018,75.8902,,,,0,0
2949,RS,Serbia,,,SP.DYN.LE00.IN,"Life expectancy at birth, total (years)",Health,years,2019,75.9366,75.8902,0.0464,0.06,0,0
2948,RS,Serbia,,,SP.DYN.LE00.IN,"Life expectancy at birth, total (years)",Health,years,2020,74.4780,75.9366,-1.4586,-1.92,0,0
2947,RS,Serbia,,,SP.DYN.LE00.IN,"Life expectancy at birth, total (years)",Health,years,2021,72.7805,74.4780,-1.6975,-2.28,0,0
6825,RS,Serbia,,,SP.DYN.LE00.IN,"Life expectancy at birth, total (years)",Health,years,2024,75.9683,72.7805,3.1878,4.38,0,0
1894,RS,Serbia,,,SP.POP.TOTL,"Population, total",Health: Population,people,2018,6982604.0000,,,,0,0
1893,RS,Serbia,,,SP.POP.TOTL,"Population, total",Health: Population,people,2019,6945235.0000,6982604.0000,-37369.0000,-0.54,0,0
1892,RS,Serbia,,,SP.POP.TOTL,"Population, total",Health: Population,people,2020,6899126.0000,6945235.0000,-46109.0000,-0.66,0,0
1891,RS,Serbia,,,SP.POP.TOTL,"Population, total",Health: Population,people,2021,6834326.0000,6899126.0000,-64800.0000,-0.94,0,0
6543,RS,Serbia,,,SP.POP.TOTL,"Population, total",Health: Population,people,2024,6586476.0000,6834326.0000,-247850.0000,-3.63,0,0
6542,RS,Serbia,,,SP.POP.TOTL,"Population, total",Health: Population,people,2025,6549143.0000,6586476.0000,-37333.0000,-0.57,0,0
819,RU,Russian Federation,,,NY.GDP.PCAP.CD,GDP per capita (current US$),Economic Policy & Debt,current US$,2018,11211.8877,,,,0,0
818,RU,Russian Federation,,,NY.GDP.PCAP.CD,GDP per capita (current US$),Economic Policy & Debt,current US$,2019,11447.7012,11211.8877,235.8135,2.10,0,0
817,RU,Russian Federation,,,NY.GDP.PCAP.CD,GDP per capita (current US$),Economic Policy & Debt,current US$,2020,10108.3271,11447.7012,-1339.3741,-11.70,1,-0.058164
816,RU,Russian Federation,,,NY.GDP.PCAP.CD,GDP per capita (current US$),Economic Policy & Debt,current US$,2021,12425.0293,10108.3271,2316.7022,22.92,1,-0.033632
6040,RU,Russian Federation,,,NY.GDP.PCAP.CD,GDP per capita (current US$),Economic Policy & Debt,current US$,2024,14961.8975,12425.0293,2536.8682,20.42,0,0
6039,RU,Russian Federation,,,NY.GDP.PCAP.CD,GDP per capita (current US$),Economic Policy & Debt,current US$,2025,17546.6094,14961.8975,2584.7119,17.28,1,-0.150357
6039,RU,Russian Federation,,,NY.GDP.PCAP.CD,GDP per capita (current US$),Economic Policy & Debt,current US$,2025,17546.6094,14961.8975,2584.7119,17.28,1,-0.085380
3943,RU,Russian Federation,,,SH.H2O.BASW.ZS,People using at least basic drinking water services (% of population),Environment: Water and sanitation,% of population,2018,96.7209,,,,0,0
3942,RU,Russian Federation,,,SH.H2O.BASW.ZS,People using at least basic drinking water services (% of population),Environment: Water and sanitation,% of population,2019,96.7475,96.7209,0.0266,0.03,0,0
3941,RU,Russian Federation,,,SH.H2O.BASW.ZS,People using at least basic drinking water services (% of population),Environment: Water and sanitation,% of population,2020,96.7753,96.7475,0.0278,0.03,0,0
3940,RU,Russian Federation,,,SH.H2O.BASW.ZS,People using at least basic drinking water services (% of population),Environment: Water and sanitation,% of population,2021,96.8046,96.7753,0.0293,0.03,0,0
7055,RU,Russian Federation,,,SH.H2O.BASW.ZS,People using at least basic drinking water services (% of population),Environment: Water and sanitation,% of population,2024,96.9003,96.8046,0.0957,0.10,0,0
2922,RU,Russian Federation,,,SP.DYN.LE00.IN,"Life expectancy at birth, total (years)",Health,years,2018,72.6622,,,,0,0
2921,RU,Russian Federation,,,SP.DYN.LE00.IN,"Life expectancy at birth, total (years)",Health,years,2019,73.0839,72.6622,0.4217,0.58,0,0
2920,RU,Russian Federation,,,SP.DYN.LE00.IN,"Life expectancy at birth, total (years)",Health,years,2020,71.3388,73.0839,-1.7451,-2.39,0,0
2919,RU,Russian Federation,,,SP.DYN.LE00.IN,"Life expectancy at birth, total (years)",Health,years,2021,69.9002,71.3388,-1.4386,-2.02,0,0
6818,RU,Russian Federation,,,SP.DYN.LE00.IN,"Life expectancy at birth, total (years)",Health,years,2024,73.4405,69.9002,3.5403,5.06,0,0
1866,RU,Russian Federation,,,SP.POP.TOTL,"Population, total",Health: Population,people,2018,145398106.0000,,,,0,0
1865,RU,Russian Federation,,,SP.POP.TOTL,"Population, total",Health: Population,people,2019,145453291.0000,145398106.0000,55185.0000,0.04,0,0
1864,RU,Russian Federation,,,SP.POP.TOTL,"Population, total",Health: Population,people,2020,145245148.0000,145453291.0000,-208143.0000,-0.14,0,0
1863,RU,Russian Federation,,,SP.POP.TOTL,"Population, total",Health: Population,people,2021,144746762.0000,145245148.0000,-498386.0000,-0.34,0,0
6529,RU,Russian Federation,,,SP.POP.TOTL,"Population, total",Health: Population,people,2024,143669648.0000,144746762.0000,-1077114.0000,-0.74,0,0
6528,RU,Russian Federation,,,SP.POP.TOTL,"Population, total",Health: Population,people,2025,143513328.0000,143669648.0000,-156320.0000,-0.11,0,0
823,RW,Rwanda,,,NY.GDP.PCAP.CD,GDP per capita (current US$),Economic Policy & Debt,current US$,2018,772.7550,,,,0,0
822,RW,Rwanda,,,NY.GDP.PCAP.CD,GDP per capita (current US$),Economic Policy & Debt,current US$,2019,823.3553,772.7550,50.6003,6.55,0,0
821,RW,Rwanda,,,NY.GDP.PCAP.CD,GDP per capita (current US$),Economic Policy & Debt,current US$,2020,802.6387,823.3553,-20.7166,-2.52,0,0
820,RW,Rwanda,,,NY.GDP.PCAP.CD,GDP per capita (current US$),Economic Policy & Debt,current US$,2021,842.5815,802.6387,39.9428,4.98,0,0
6042,RW,Rwanda,,,NY.GDP.PCAP.CD,GDP per capita (current US$),Economic Policy & Debt,current US$,2024,1059.9371,842.5815,217.3556,25.80,0,0
6041,RW,Rwanda,,,NY.GDP.PCAP.CD,GDP per capita (current US$),Economic Policy & Debt,current US$,2025,1123.7387,1059.9371,63.8016,6.02,1,-0.035526
3947,RW,Rwanda,,,SH.H2O.BASW.ZS,People using at least basic drinking water services (% of population),Environment: Water and sanitation,% of population,2018,57.8995,,,,0,0
3946,RW,Rwanda,,,SH.H2O.BASW.ZS,People using at least basic drinking water services (% of population),Environment: Water and sanitation,% of population,2019,58.4729,57.8995,0.5734,0.99,0,0
3945,RW,Rwanda,,,SH.H2O.BASW.ZS,People using at least basic drinking water services (% of population),Environment: Water and sanitation,% of population,2020,59.0524,58.4729,0.5795,0.99,0,0
3944,RW,Rwanda,,,SH.H2O.BASW.ZS,People using at least basic drinking water services (% of population),Environment: Water and sanitation,% of population,2021,59.6381,59.0524,0.5857,0.99,0,0
7056,RW,Rwanda,,,SH.H2O.BASW.ZS,People using at least basic drinking water services (% of population),Environment: Water and sanitation,% of population,2024,61.3922,59.6381,1.7541,2.94,0,0
2926,RW,Rwanda,,,SP.DYN.LE00.IN,"Life expectancy at birth, total (years)",Health,years,2018,66.3540,,,,0,0
2925,RW,Rwanda,,,SP.DYN.LE00.IN,"Life expectancy at birth, total (years)",Health,years,2019,66.6910,66.3540,0.3370,0.51,0,0
2924,RW,Rwanda,,,SP.DYN.LE00.IN,"Life expectancy at birth, total (years)",Health,years,2020,66.9530,66.6910,0.2620,0.39,0,0
2923,RW,Rwanda,,,SP.DYN.LE00.IN,"Life expectancy at birth, total (years)",Health,years,2021,66.8500,66.9530,-0.1030,-0.15,0,0
6819,RW,Rwanda,,,SP.DYN.LE00.IN,"Life expectancy at birth, total (years)",Health,years,2024,68.0170,66.8500,1.1670,1.75,0,0
1870,RW,Rwanda,,,SP.POP.TOTL,"Population, total",Health: Population,people,2018,12487996.0000,,,,0,0
1869,RW,Rwanda,,,SP.POP.TOTL,"Population, total",Health: Population,people,2019,12776103.0000,12487996.0000,288107.0000,2.31,0,0
1868,RW,Rwanda,,,SP.POP.TOTL,"Population, total",Health: Population,people,2020,13065837.0000,12776103.0000,289734.0000,2.27,0,0
1867,RW,Rwanda,,,SP.POP.TOTL,"Population, total",Health: Population,people,2021,13355260.0000,13065837.0000,289423.0000,2.22,0,0
6531,RW,Rwanda,,,SP.POP.TOTL,"Population, total",Health: Population,people,2024,14256567.0000,13355260.0000,901307.0000,6.75,0,0
6530,RW,Rwanda,,,SP.POP.TOTL,"Population, total",Health: Population,people,2025,14569341.0000,14256567.0000,312774.0000,2.19,0,0
160,S1,Small states,,,NY.GDP.PCAP.CD,GDP per capita (current US$),Economic Policy & Debt,current US$,2018,12064.6886,,,,0,0
159,S1,Small states,,,NY.GDP.PCAP.CD,GDP per capita (current US$),Economic Policy & Debt,current US$,2019,11997.3037,12064.6886,-67.3849,-0.56,0,0
158,S1,Small states,,,NY.GDP.PCAP.CD,GDP per capita (current US$),Economic Policy & Debt,current US$,2020,10730.4939,11997.3037,-1266.8098,-10.56,1,-0.040946
157,S1,Small states,,,NY.GDP.PCAP.CD,GDP per capita (current US$),Economic Policy & Debt,current US$,2021,12435.8613,10730.4939,1705.3674,15.89,0,0
5736,S1,Small states,,,NY.GDP.PCAP.CD,GDP per capita (current US$),Economic Policy & Debt,current US$,2024,15409.2649,12435.8613,2973.4036,23.91,0,0
5735,S1,Small states,,,NY.GDP.PCAP.CD,GDP per capita (current US$),Economic Policy & Debt,current US$,2025,16577.8451,15409.2649,1168.5802,7.58,1,-0.052139
3302,S1,Small states,,,SH.H2O.BASW.ZS,People using at least basic drinking water services (% of population),Environment: Water and sanitation,% of population,2018,91.7492,,,,0,0
3301,S1,Small states,,,SH.H2O.BASW.ZS,People using at least basic drinking water services (% of population),Environment: Water and sanitation,% of population,2019,92.0062,91.7492,0.2570,0.28,0,0
3300,S1,Small states,,,SH.H2O.BASW.ZS,People using at least basic drinking water services (% of population),Environment: Water and sanitation,% of population,2020,92.1295,92.0062,0.1233,0.13,0,0
3299,S1,Small states,,,SH.H2O.BASW.ZS,People using at least basic drinking water services (% of population),Environment: Water and sanitation,% of population,2021,92.3834,92.1295,0.2539,0.28,0,0
6898,S1,Small states,,,SH.H2O.BASW.ZS,People using at least basic drinking water services (% of population),Environment: Water and sanitation,% of population,2024,93.1026,92.3834,0.7192,0.78,0,0
2246,S1,Small states,,,SP.DYN.LE00.IN,"Life expectancy at birth, total (years)",Health,years,2018,71.8641,,,,0,0
2245,S1,Small states,,,SP.DYN.LE00.IN,"Life expectancy at birth, total (years)",Health,years,2019,72.0010,71.8641,0.1369,0.19,0,0
2244,S1,Small states,,,SP.DYN.LE00.IN,"Life expectancy at birth, total (years)",Health,years,2020,71.8256,72.0010,-0.1754,-0.24,0,0
2243,S1,Small states,,,SP.DYN.LE00.IN,"Life expectancy at birth, total (years)",Health,years,2021,70.7757,71.8256,-1.0499,-1.46,0,0
6649,S1,Small states,,,SP.DYN.LE00.IN,"Life expectancy at birth, total (years)",Health,years,2024,73.1115,70.7757,2.3358,3.30,0,0
1190,S1,Small states,,,SP.POP.TOTL,"Population, total",Health: Population,people,2018,19084934.0000,,,,0,0
1189,S1,Small states,,,SP.POP.TOTL,"Population, total",Health: Population,people,2019,19293697.0000,19084934.0000,208763.0000,1.09,0,0
1188,S1,Small states,,,SP.POP.TOTL,"Population, total",Health: Population,people,2020,19472157.0000,19293697.0000,178460.0000,0.92,0,0
1187,S1,Small states,,,SP.POP.TOTL,"Population, total",Health: Population,people,2021,19646549.0000,19472157.0000,174392.0000,0.90,0,0
6191,S1,Small states,,,SP.POP.TOTL,"Population, total",Health: Population,people,2024,20193405.0000,19646549.0000,546856.0000,2.78,0,0
6190,S1,Small states,,,SP.POP.TOTL,"Population, total",Health: Population,people,2025,20347135.0000,20193405.0000,153730.0000,0.76,0,0
148,S2,Pacific island small states,,,NY.GDP.PCAP.CD,GDP per capita (current US$),Economic Policy & Debt,current US$,2018,4295.1818,,,,0,0
147,S2,Pacific island small states,,,NY.GDP.PCAP.CD,GDP per capita (current US$),Economic Policy & Debt,current US$,2019,4185.0759,4295.1818,-110.1059,-2.56,0,0
146,S2,Pacific island small states,,,NY.GDP.PCAP.CD,GDP per capita (current US$),Economic Policy & Debt,current US$,2020,3632.5291,4185.0759,-552.5468,-13.20,1,-0.039270
145,S2,Pacific island small states,,,NY.GDP.PCAP.CD,GDP per capita (current US$),Economic Policy & Debt,current US$,2021,3646.9886,3632.5291,14.4595,0.40,0,0
5730,S2,Pacific island small states,,,NY.GDP.PCAP.CD,GDP per capita (current US$),Economic Policy & Debt,current US$,2024,4528.4836,3646.9886,881.4950,24.17,0,0
5729,S2,Pacific island small states,,,NY.GDP.PCAP.CD,GDP per capita (current US$),Economic Policy & Debt,current US$,2025,4719.6902,4528.4836,191.2066,4.22,0,0
3290,S2,Pacific island small states,,,SH.H2O.BASW.ZS,People using at least basic drinking water services (% of population),Environment: Water and sanitation,% of population,2018,86.5834,,,,0,0
3289,S2,Pacific island small states,,,SH.H2O.BASW.ZS,People using at least basic drinking water services (% of population),Environment: Water and sanitation,% of population,2019,86.5504,86.5834,-0.0330,-0.04,0,0
3288,S2,Pacific island small states,,,SH.H2O.BASW.ZS,People using at least basic drinking water services (% of population),Environment: Water and sanitation,% of population,2020,86.5414,86.5504,-0.0090,-0.01,0,0
3287,S2,Pacific island small states,,,SH.H2O.BASW.ZS,People using at least basic drinking water services (% of population),Environment: Water and sanitation,% of population,2021,86.3783,86.5414,-0.1631,-0.19,0,0
6895,S2,Pacific island small states,,,SH.H2O.BASW.ZS,People using at least basic drinking water services (% of population),Environment: Water and sanitation,% of population,2024,86.5186,86.3783,0.1403,0.16,0,0
2234,S2,Pacific island small states,,,SP.DYN.LE00.IN,"Life expectancy at birth, total (years)",Health,years,2018,68.5826,,,,0,0
2233,S2,Pacific island small states,,,SP.DYN.LE00.IN,"Life expectancy at birth, total (years)",Health,years,2019,68.6422,68.5826,0.0596,0.09,0,0
2232,S2,Pacific island small states,,,SP.DYN.LE00.IN,"Life expectancy at birth, total (years)",Health,years,2020,68.3568,68.6422,-0.2854,-0.42,0,0
2231,S2,Pacific island small states,,,SP.DYN.LE00.IN,"Life expectancy at birth, total (years)",Health,years,2021,67.4810,68.3568,-0.8758,-1.28,0,0
6646,S2,Pacific island small states,,,SP.DYN.LE00.IN,"Life expectancy at birth, total (years)",Health,years,2024,69.4404,67.4810,1.9594,2.90,0,0
1178,S2,Pacific island small states,,,SP.POP.TOTL,"Population, total",Health: Population,people,2018,2542009.0000,,,,0,0
1177,S2,Pacific island small states,,,SP.POP.TOTL,"Population, total",Health: Population,people,2019,2568656.0000,2542009.0000,26647.0000,1.05,0,0
1176,S2,Pacific island small states,,,SP.POP.TOTL,"Population, total",Health: Population,people,2020,2595522.0000,2568656.0000,26866.0000,1.05,0,0
1175,S2,Pacific island small states,,,SP.POP.TOTL,"Population, total",Health: Population,people,2021,2625493.0000,2595522.0000,29971.0000,1.15,0,0
6185,S2,Pacific island small states,,,SP.POP.TOTL,"Population, total",Health: Population,people,2024,2722467.0000,2625493.0000,96974.0000,3.69,0,0
6184,S2,Pacific island small states,,,SP.POP.TOTL,"Population, total",Health: Population,people,2025,2755649.0000,2722467.0000,33182.0000,1.22,0,0
16,S3,Caribbean small states,,,NY.GDP.PCAP.CD,GDP per capita (current US$),Economic Policy & Debt,current US$,2018,13896.5484,,,,0,0
15,S3,Caribbean small states,,,NY.GDP.PCAP.CD,GDP per capita (current US$),Economic Policy & Debt,current US$,2019,13995.7627,13896.5484,99.2143,0.71,0,0
14,S3,Caribbean small states,,,NY.GDP.PCAP.CD,GDP per capita (current US$),Economic Policy & Debt,current US$,2020,11961.4085,13995.7627,-2034.3542,-14.54,1,-0.079791
14,S3,Caribbean small states,,,NY.GDP.PCAP.CD,GDP per capita (current US$),Economic Policy & Debt,current US$,2020,11961.4085,13995.7627,-2034.3542,-14.54,1,-0.014814
13,S3,Caribbean small states,,,NY.GDP.PCAP.CD,GDP per capita (current US$),Economic Policy & Debt,current US$,2021,13996.4475,11961.4085,2035.0390,17.01,1,-0.029075
5664,S3,Caribbean small states,,,NY.GDP.PCAP.CD,GDP per capita (current US$),Economic Policy & Debt,current US$,2024,19923.5746,13996.4475,5927.1271,42.35,1,-0.006924
5663,S3,Caribbean small states,,,NY.GDP.PCAP.CD,GDP per capita (current US$),Economic Policy & Debt,current US$,2025,20880.0607,19923.5746,956.4861,4.80,1,-0.061957
3158,S3,Caribbean small states,,,SH.H2O.BASW.ZS,People using at least basic drinking water services (% of population),Environment: Water and sanitation,% of population,2018,97.0593,,,,0,0
3157,S3,Caribbean small states,,,SH.H2O.BASW.ZS,People using at least basic drinking water services (% of population),Environment: Water and sanitation,% of population,2019,97.2434,97.0593,0.1841,0.19,0,0
3156,S3,Caribbean small states,,,SH.H2O.BASW.ZS,People using at least basic drinking water services (% of population),Environment: Water and sanitation,% of population,2020,97.2992,97.2434,0.0558,0.06,0,0
3155,S3,Caribbean small states,,,SH.H2O.BASW.ZS,People using at least basic drinking water services (% of population),Environment: Water and sanitation,% of population,2021,97.4499,97.2992,0.1507,0.15,0,0
6862,S3,Caribbean small states,,,SH.H2O.BASW.ZS,People using at least basic drinking water services (% of population),Environment: Water and sanitation,% of population,2024,97.6908,97.4499,0.2409,0.25,0,0
2102,S3,Caribbean small states,,,SP.DYN.LE00.IN,"Life expectancy at birth, total (years)",Health,years,2018,72.2211,,,,0,0
2101,S3,Caribbean small states,,,SP.DYN.LE00.IN,"Life expectancy at birth, total (years)",Health,years,2019,72.1293,72.2211,-0.0918,-0.13,0,0
2100,S3,Caribbean small states,,,SP.DYN.LE00.IN,"Life expectancy at birth, total (years)",Health,years,2020,71.9394,72.1293,-0.1899,-0.26,0,0
2099,S3,Caribbean small states,,,SP.DYN.LE00.IN,"Life expectancy at birth, total (years)",Health,years,2021,69.9228,71.9394,-2.0166,-2.80,0,0
6613,S3,Caribbean small states,,,SP.DYN.LE00.IN,"Life expectancy at birth, total (years)",Health,years,2024,73.3127,69.9228,3.3899,4.85,0,0
1046,S3,Caribbean small states,,,SP.POP.TOTL,"Population, total",Health: Population,people,2018,4407658.0000,,,,0,0
1045,S3,Caribbean small states,,,SP.POP.TOTL,"Population, total",Health: Population,people,2019,4443134.0000,4407658.0000,35476.0000,0.80,0,0
1044,S3,Caribbean small states,,,SP.POP.TOTL,"Population, total",Health: Population,people,2020,4459302.0000,4443134.0000,16168.0000,0.36,0,0
1043,S3,Caribbean small states,,,SP.POP.TOTL,"Population, total",Health: Population,people,2021,4479167.0000,4459302.0000,19865.0000,0.45,0,0
6119,S3,Caribbean small states,,,SP.POP.TOTL,"Population, total",Health: Population,people,2024,4539060.0000,4479167.0000,59893.0000,1.34,0,0
6118,S3,Caribbean small states,,,SP.POP.TOTL,"Population, total",Health: Population,people,2025,4556558.0000,4539060.0000,17498.0000,0.39,0,0
144,S4,Other small states,,,NY.GDP.PCAP.CD,GDP per capita (current US$),Economic Policy & Debt,current US$,2018,13026.8384,,,,0,0
143,S4,Other small states,,,NY.GDP.PCAP.CD,GDP per capita (current US$),Economic Policy & Debt,current US$,2019,12908.1968,13026.8384,-118.6416,-0.91,0,0
142,S4,Other small states,,,NY.GDP.PCAP.CD,GDP per capita (current US$),Economic Policy & Debt,current US$,2020,11772.0947,12908.1968,-1136.1021,-8.80,1,-0.014490
141,S4,Other small states,,,NY.GDP.PCAP.CD,GDP per capita (current US$),Economic Policy & Debt,current US$,2021,13718.3633,11772.0947,1946.2686,16.53,0,0
5728,S4,Other small states,,,NY.GDP.PCAP.CD,GDP per capita (current US$),Economic Policy & Debt,current US$,2024,16111.8328,13718.3633,2393.4695,17.45,0,0
5727,S4,Other small states,,,NY.GDP.PCAP.CD,GDP per capita (current US$),Economic Policy & Debt,current US$,2025,17540.3100,16111.8328,1428.4772,8.87,1,-0.054033
3286,S4,Other small states,,,SH.H2O.BASW.ZS,People using at least basic drinking water services (% of population),Environment: Water and sanitation,% of population,2018,90.9738,,,,0,0
3285,S4,Other small states,,,SH.H2O.BASW.ZS,People using at least basic drinking water services (% of population),Environment: Water and sanitation,% of population,2019,91.3665,90.9738,0.3927,0.43,0,0
3284,S4,Other small states,,,SH.H2O.BASW.ZS,People using at least basic drinking water services (% of population),Environment: Water and sanitation,% of population,2020,91.7169,91.3665,0.3504,0.38,0,0
3283,S4,Other small states,,,SH.H2O.BASW.ZS,People using at least basic drinking water services (% of population),Environment: Water and sanitation,% of population,2021,92.0454,91.7169,0.3285,0.36,0,0
6894,S4,Other small states,,,SH.H2O.BASW.ZS,People using at least basic drinking water services (% of population),Environment: Water and sanitation,% of population,2024,93.0570,92.0454,1.0116,1.10,0,0
2230,S4,Other small states,,,SP.DYN.LE00.IN,"Life expectancy at birth, total (years)",Health,years,2018,72.4218,,,,0,0
2229,S4,Other small states,,,SP.DYN.LE00.IN,"Life expectancy at birth, total (years)",Health,years,2019,72.6570,72.4218,0.2352,0.32,0,0
2228,S4,Other small states,,,SP.DYN.LE00.IN,"Life expectancy at birth, total (years)",Health,years,2020,72.5097,72.6570,-0.1473,-0.20,0,0
2227,S4,Other small states,,,SP.DYN.LE00.IN,"Life expectancy at birth, total (years)",Health,years,2021,71.7700,72.5097,-0.7397,-1.02,0,0
6645,S4,Other small states,,,SP.DYN.LE00.IN,"Life expectancy at birth, total (years)",Health,years,2024,73.8138,71.7700,2.0438,2.85,0,0
1174,S4,Other small states,,,SP.POP.TOTL,"Population, total",Health: Population,people,2018,12135267.0000,,,,0,0
1173,S4,Other small states,,,SP.POP.TOTL,"Population, total",Health: Population,people,2019,12281907.0000,12135267.0000,146640.0000,1.21,0,0
1172,S4,Other small states,,,SP.POP.TOTL,"Population, total",Health: Population,people,2020,12417333.0000,12281907.0000,135426.0000,1.10,0,0
1171,S4,Other small states,,,SP.POP.TOTL,"Population, total",Health: Population,people,2021,12541889.0000,12417333.0000,124556.0000,1.00,0,0
6183,S4,Other small states,,,SP.POP.TOTL,"Population, total",Health: Population,people,2024,12931878.0000,12541889.0000,389989.0000,3.11,0,0
6182,S4,Other small states,,,SP.POP.TOTL,"Population, total",Health: Population,people,2025,13034928.0000,12931878.0000,103050.0000,0.80,0,0
839,SA,Saudi Arabia,,,NY.GDP.PCAP.CD,GDP per capita (current US$),Economic Policy & Debt,current US$,2018,29360.0659,,,,0,0
838,SA,Saudi Arabia,,,NY.GDP.PCAP.CD,GDP per capita (current US$),Economic Policy & Debt,current US$,2019,29566.7934,29360.0659,206.7275,0.70,0,0
837,SA,Saudi Arabia,,,NY.GDP.PCAP.CD,GDP per capita (current US$),Economic Policy & Debt,current US$,2020,24338.8307,29566.7934,-5227.9627,-17.68,1,-0.139658
837,SA,Saudi Arabia,,,NY.GDP.PCAP.CD,GDP per capita (current US$),Economic Policy & Debt,current US$,2020,24338.8307,29566.7934,-5227.9627,-17.68,1,-0.074681
836,SA,Saudi Arabia,,,NY.GDP.PCAP.CD,GDP per capita (current US$),Economic Policy & Debt,current US$,2021,31920.7654,24338.8307,7581.9347,31.15,1,-0.093729
836,SA,Saudi Arabia,,,NY.GDP.PCAP.CD,GDP per capita (current US$),Economic Policy & Debt,current US$,2021,31920.7654,24338.8307,7581.9347,31.15,1,-0.028752
6048,SA,Saudi Arabia,,,NY.GDP.PCAP.CD,GDP per capita (current US$),Economic Policy & Debt,current US$,2024,35527.7862,31920.7654,3607.0208,11.30,0,0
6047,SA,Saudi Arabia,,,NY.GDP.PCAP.CD,GDP per capita (current US$),Economic Policy & Debt,current US$,2025,34536.6555,35527.7862,-991.1307,-2.79,0,0
3963,SA,Saudi Arabia,,,SH.H2O.BASW.ZS,People using at least basic drinking water services (% of population),Environment: Water and sanitation,% of population,2018,99.0503,,,,0,0
3962,SA,Saudi Arabia,,,SH.H2O.BASW.ZS,People using at least basic drinking water services (% of population),Environment: Water and sanitation,% of population,2019,99.0487,99.0503,-0.0016,0.00,0,0
3961,SA,Saudi Arabia,,,SH.H2O.BASW.ZS,People using at least basic drinking water services (% of population),Environment: Water and sanitation,% of population,2020,99.0471,99.0487,-0.0016,0.00,0,0
3960,SA,Saudi Arabia,,,SH.H2O.BASW.ZS,People using at least basic drinking water services (% of population),Environment: Water and sanitation,% of population,2021,99.0455,99.0471,-0.0016,0.00,0,0
7060,SA,Saudi Arabia,,,SH.H2O.BASW.ZS,People using at least basic drinking water services (% of population),Environment: Water and sanitation,% of population,2024,99.0408,99.0455,-0.0047,0.00,0,0
2942,SA,Saudi Arabia,,,SP.DYN.LE00.IN,"Life expectancy at birth, total (years)",Health,years,2018,78.7500,,,,0,0
2941,SA,Saudi Arabia,,,SP.DYN.LE00.IN,"Life expectancy at birth, total (years)",Health,years,2019,78.3130,78.7500,-0.4370,-0.55,0,0
2940,SA,Saudi Arabia,,,SP.DYN.LE00.IN,"Life expectancy at birth, total (years)",Health,years,2020,77.5960,78.3130,-0.7170,-0.92,0,0
2939,SA,Saudi Arabia,,,SP.DYN.LE00.IN,"Life expectancy at birth, total (years)",Health,years,2021,77.0890,77.5960,-0.5070,-0.65,0,0
6823,SA,Saudi Arabia,,,SP.DYN.LE00.IN,"Life expectancy at birth, total (years)",Health,years,2024,78.9820,77.0890,1.8930,2.46,0,0
1886,SA,Saudi Arabia,,,SP.POP.TOTL,"Population, total",Health: Population,people,2018,30196281.0000,,,,0,0
1885,SA,Saudi Arabia,,,SP.POP.TOTL,"Population, total",Health: Population,people,2019,30063799.0000,30196281.0000,-132482.0000,-0.44,0,0
1884,SA,Saudi Arabia,,,SP.POP.TOTL,"Population, total",Health: Population,people,2020,31552510.0000,30063799.0000,1488711.0000,4.95,0,0
1883,SA,Saudi Arabia,,,SP.POP.TOTL,"Population, total",Health: Population,people,2021,30784383.0000,31552510.0000,-768127.0000,-2.43,0,0
6539,SA,Saudi Arabia,,,SP.POP.TOTL,"Population, total",Health: Population,people,2024,35300280.0000,30784383.0000,4515897.0000,14.67,0,0
6538,SA,Saudi Arabia,,,SP.POP.TOTL,"Population, total",Health: Population,people,2025,36973555.0000,35300280.0000,1673275.0000,4.74,0,0
875,SB,Solomon Islands,,,NY.GDP.PCAP.CD,GDP per capita (current US$),Economic Policy & Debt,current US$,2018,2278.1991,,,,0,0
874,SB,Solomon Islands,,,NY.GDP.PCAP.CD,GDP per capita (current US$),Economic Policy & Debt,current US$,2019,2223.6589,2278.1991,-54.5402,-2.39,0,0
873,SB,Solomon Islands,,,NY.GDP.PCAP.CD,GDP per capita (current US$),Economic Policy & Debt,current US$,2020,2063.3278,2223.6589,-160.3311,-7.21,0,0
872,SB,Solomon Islands,,,NY.GDP.PCAP.CD,GDP per capita (current US$),Economic Policy & Debt,current US$,2021,2043.4441,2063.3278,-19.8837,-0.96,0,0
6066,SB,Solomon Islands,,,NY.GDP.PCAP.CD,GDP per capita (current US$),Economic Policy & Debt,current US$,2024,1933.5554,2043.4441,-109.8887,-5.38,0,0
6065,SB,Solomon Islands,,,NY.GDP.PCAP.CD,GDP per capita (current US$),Economic Policy & Debt,current US$,2025,2086.1896,1933.5554,152.6342,7.89,0,0
3995,SB,Solomon Islands,,,SH.H2O.BASW.ZS,People using at least basic drinking water services (% of population),Environment: Water and sanitation,% of population,2018,71.7615,,,,0,0
3994,SB,Solomon Islands,,,SH.H2O.BASW.ZS,People using at least basic drinking water services (% of population),Environment: Water and sanitation,% of population,2019,71.5849,71.7615,-0.1766,-0.25,0,0
3993,SB,Solomon Islands,,,SH.H2O.BASW.ZS,People using at least basic drinking water services (% of population),Environment: Water and sanitation,% of population,2020,71.4130,71.5849,-0.1719,-0.24,0,0
3992,SB,Solomon Islands,,,SH.H2O.BASW.ZS,People using at least basic drinking water services (% of population),Environment: Water and sanitation,% of population,2021,71.2455,71.4130,-0.1675,-0.23,0,0
7068,SB,Solomon Islands,,,SH.H2O.BASW.ZS,People using at least basic drinking water services (% of population),Environment: Water and sanitation,% of population,2024,71.6090,71.2455,0.3635,0.51,0,0
2978,SB,Solomon Islands,,,SP.DYN.LE00.IN,"Life expectancy at birth, total (years)",Health,years,2018,69.8060,,,,0,0
2977,SB,Solomon Islands,,,SP.DYN.LE00.IN,"Life expectancy at birth, total (years)",Health,years,2019,69.9810,69.8060,0.1750,0.25,0,0
2976,SB,Solomon Islands,,,SP.DYN.LE00.IN,"Life expectancy at birth, total (years)",Health,years,2020,69.2580,69.9810,-0.7230,-1.03,0,0
2975,SB,Solomon Islands,,,SP.DYN.LE00.IN,"Life expectancy at birth, total (years)",Health,years,2021,68.8900,69.2580,-0.3680,-0.53,0,0
6832,SB,Solomon Islands,,,SP.DYN.LE00.IN,"Life expectancy at birth, total (years)",Health,years,2024,70.6940,68.8900,1.8040,2.62,0,0
1922,SB,Solomon Islands,,,SP.POP.TOTL,"Population, total",Health: Population,people,2018,709101.0000,,,,0,0
1921,SB,Solomon Islands,,,SP.POP.TOTL,"Population, total",Health: Population,people,2019,728147.0000,709101.0000,19046.0000,2.69,0,0
1920,SB,Solomon Islands,,,SP.POP.TOTL,"Population, total",Health: Population,people,2020,744498.0000,728147.0000,16351.0000,2.25,0,0
1919,SB,Solomon Islands,,,SP.POP.TOTL,"Population, total",Health: Population,people,2021,762591.0000,744498.0000,18093.0000,2.43,0,0
6557,SB,Solomon Islands,,,SP.POP.TOTL,"Population, total",Health: Population,people,2024,819198.0000,762591.0000,56607.0000,7.42,0,0
6556,SB,Solomon Islands,,,SP.POP.TOTL,"Population, total",Health: Population,people,2025,838645.0000,819198.0000,19447.0000,2.37,0,0
851,SC,Seychelles,,,NY.GDP.PCAP.CD,GDP per capita (current US$),Economic Policy & Debt,current US$,2018,18440.2340,,,,0,0
850,SC,Seychelles,,,NY.GDP.PCAP.CD,GDP per capita (current US$),Economic Policy & Debt,current US$,2019,19141.5119,18440.2340,701.2779,3.80,0,0
849,SC,Seychelles,,,NY.GDP.PCAP.CD,GDP per capita (current US$),Economic Policy & Debt,current US$,2020,14041.4754,19141.5119,-5100.0365,-26.64,1,-0.138993
849,SC,Seychelles,,,NY.GDP.PCAP.CD,GDP per capita (current US$),Economic Policy & Debt,current US$,2020,14041.4754,19141.5119,-5100.0365,-26.64,1,-0.074016
848,SC,Seychelles,,,NY.GDP.PCAP.CD,GDP per capita (current US$),Economic Policy & Debt,current US$,2021,14982.9111,14041.4754,941.4357,6.70,0,0
6054,SC,Seychelles,,,NY.GDP.PCAP.CD,GDP per capita (current US$),Economic Policy & Debt,current US$,2024,18364.5260,14982.9111,3381.6149,22.57,0,0
6053,SC,Seychelles,,,NY.GDP.PCAP.CD,GDP per capita (current US$),Economic Policy & Debt,current US$,2025,19449.3836,18364.5260,1084.8576,5.91,0,0
3975,SC,Seychelles,,,SH.H2O.BASW.ZS,People using at least basic drinking water services (% of population),Environment: Water and sanitation,% of population,2018,96.2447,,,,0,0
3974,SC,Seychelles,,,SH.H2O.BASW.ZS,People using at least basic drinking water services (% of population),Environment: Water and sanitation,% of population,2019,96.8605,96.2447,0.6158,0.64,0,0
3973,SC,Seychelles,,,SH.H2O.BASW.ZS,People using at least basic drinking water services (% of population),Environment: Water and sanitation,% of population,2020,97.0338,96.8605,0.1733,0.18,0,0
3972,SC,Seychelles,,,SH.H2O.BASW.ZS,People using at least basic drinking water services (% of population),Environment: Water and sanitation,% of population,2021,97.2072,97.0338,0.1734,0.18,0,0
7063,SC,Seychelles,,,SH.H2O.BASW.ZS,People using at least basic drinking water services (% of population),Environment: Water and sanitation,% of population,2024,97.7273,97.2072,0.5201,0.54,0,0
2954,SC,Seychelles,,,SP.DYN.LE00.IN,"Life expectancy at birth, total (years)",Health,years,2018,72.8415,,,,0,0
2953,SC,Seychelles,,,SP.DYN.LE00.IN,"Life expectancy at birth, total (years)",Health,years,2019,74.0463,72.8415,1.2048,1.65,0,0
2952,SC,Seychelles,,,SP.DYN.LE00.IN,"Life expectancy at birth, total (years)",Health,years,2020,77.2366,74.0463,3.1903,4.31,0,0
2951,SC,Seychelles,,,SP.DYN.LE00.IN,"Life expectancy at birth, total (years)",Health,years,2021,73.3976,77.2366,-3.8390,-4.97,0,0
6826,SC,Seychelles,,,SP.DYN.LE00.IN,"Life expectancy at birth, total (years)",Health,years,2024,76.2951,73.3976,2.8975,3.95,0,0
1898,SC,Seychelles,,,SP.POP.TOTL,"Population, total",Health: Population,people,2018,96762.0000,,,,0,0
1897,SC,Seychelles,,,SP.POP.TOTL,"Population, total",Health: Population,people,2019,97625.0000,96762.0000,863.0000,0.89,0,0
1896,SC,Seychelles,,,SP.POP.TOTL,"Population, total",Health: Population,people,2020,98462.0000,97625.0000,837.0000,0.86,0,0
1895,SC,Seychelles,,,SP.POP.TOTL,"Population, total",Health: Population,people,2021,99258.0000,98462.0000,796.0000,0.81,0,0
6545,SC,Seychelles,,,SP.POP.TOTL,"Population, total",Health: Population,people,2024,121354.0000,99258.0000,22096.0000,22.26,0,0
6544,SC,Seychelles,,,SP.POP.TOTL,"Population, total",Health: Population,people,2025,122730.0000,121354.0000,1376.0000,1.13,0,0
909,SD,Sudan,,,NY.GDP.PCAP.CD,GDP per capita (current US$),Economic Policy & Debt,current US$,2018,731.0275,,,,0,0
908,SD,Sudan,,,NY.GDP.PCAP.CD,GDP per capita (current US$),Economic Policy & Debt,current US$,2019,709.9753,731.0275,-21.0522,-2.88,0,0
907,SD,Sudan,,,NY.GDP.PCAP.CD,GDP per capita (current US$),Economic Policy & Debt,current US$,2020,577.7952,709.9753,-132.1801,-18.62,1,-0.128227
907,SD,Sudan,,,NY.GDP.PCAP.CD,GDP per capita (current US$),Economic Policy & Debt,current US$,2020,577.7952,709.9753,-132.1801,-18.62,1,-0.063250
906,SD,Sudan,,,NY.GDP.PCAP.CD,GDP per capita (current US$),Economic Policy & Debt,current US$,2021,712.1220,577.7952,134.3268,23.25,1,-0.062764
6082,SD,Sudan,,,NY.GDP.PCAP.CD,GDP per capita (current US$),Economic Policy & Debt,current US$,2024,984.6077,712.1220,272.4857,38.26,0,0
6081,SD,Sudan,,,NY.GDP.PCAP.CD,GDP per capita (current US$),Economic Policy & Debt,current US$,2025,1164.5399,984.6077,179.9322,18.27,1,-0.163254
6081,SD,Sudan,,,NY.GDP.PCAP.CD,GDP per capita (current US$),Economic Policy & Debt,current US$,2025,1164.5399,984.6077,179.9322,18.27,1,-0.098276
4028,SD,Sudan,,,SH.H2O.BASW.ZS,People using at least basic drinking water services (% of population),Environment: Water and sanitation,% of population,2018,59.1535,,,,0,0
4027,SD,Sudan,,,SH.H2O.BASW.ZS,People using at least basic drinking water services (% of population),Environment: Water and sanitation,% of population,2019,60.1228,59.1535,0.9693,1.64,0,0
4026,SD,Sudan,,,SH.H2O.BASW.ZS,People using at least basic drinking water services (% of population),Environment: Water and sanitation,% of population,2020,61.0926,60.1228,0.9698,1.61,0,0
4025,SD,Sudan,,,SH.H2O.BASW.ZS,People using at least basic drinking water services (% of population),Environment: Water and sanitation,% of population,2021,62.0627,61.0926,0.9701,1.59,0,0
7076,SD,Sudan,,,SH.H2O.BASW.ZS,People using at least basic drinking water services (% of population),Environment: Water and sanitation,% of population,2024,64.8917,62.0627,2.8290,4.56,1,-0.003601
3018,SD,Sudan,,,SP.DYN.LE00.IN,"Life expectancy at birth, total (years)",Health,years,2018,65.5010,,,,0,0
3017,SD,Sudan,,,SP.DYN.LE00.IN,"Life expectancy at birth, total (years)",Health,years,2019,65.8030,65.5010,0.3020,0.46,0,0
3016,SD,Sudan,,,SP.DYN.LE00.IN,"Life expectancy at birth, total (years)",Health,years,2020,65.1240,65.8030,-0.6790,-1.03,0,0
3015,SD,Sudan,,,SP.DYN.LE00.IN,"Life expectancy at birth, total (years)",Health,years,2021,64.4600,65.1240,-0.6640,-1.02,0,0
6842,SD,Sudan,,,SP.DYN.LE00.IN,"Life expectancy at birth, total (years)",Health,years,2024,66.5210,64.4600,2.0610,3.20,0,0
1962,SD,Sudan,,,SP.POP.TOTL,"Population, total",Health: Population,people,2018,44230596.0000,,,,0,0
1961,SD,Sudan,,,SP.POP.TOTL,"Population, total",Health: Population,people,2019,45548175.0000,44230596.0000,1317579.0000,2.98,0,0
1960,SD,Sudan,,,SP.POP.TOTL,"Population, total",Health: Population,people,2020,46789231.0000,45548175.0000,1241056.0000,2.72,0,0
1959,SD,Sudan,,,SP.POP.TOTL,"Population, total",Health: Population,people,2021,48066924.0000,46789231.0000,1277693.0000,2.73,0,0
6577,SD,Sudan,,,SP.POP.TOTL,"Population, total",Health: Population,people,2024,50448963.0000,48066924.0000,2382039.0000,4.96,0,0
6576,SD,Sudan,,,SP.POP.TOTL,"Population, total",Health: Population,people,2025,51662147.0000,50448963.0000,1213184.0000,2.40,0,0
917,SE,Sweden,,,NY.GDP.PCAP.CD,GDP per capita (current US$),Economic Policy & Debt,current US$,2018,54018.4554,,,,0,0
916,SE,Sweden,,,NY.GDP.PCAP.CD,GDP per capita (current US$),Economic Policy & Debt,current US$,2019,51648.9893,54018.4554,-2369.4661,-4.39,0,0
915,SE,Sweden,,,NY.GDP.PCAP.CD,GDP per capita (current US$),Economic Policy & Debt,current US$,2020,52568.5727,51648.9893,919.5834,1.78,0,0
914,SE,Sweden,,,NY.GDP.PCAP.CD,GDP per capita (current US$),Economic Policy & Debt,current US$,2021,60647.5416,52568.5727,8078.9689,15.37,1,-0.057946
6086,SE,Sweden,,,NY.GDP.PCAP.CD,GDP per capita (current US$),Economic Policy & Debt,current US$,2024,57222.7101,60647.5416,-3424.8315,-5.65,0,0
6085,SE,Sweden,,,NY.GDP.PCAP.CD,GDP per capita (current US$),Economic Policy & Debt,current US$,2025,63133.2127,57222.7101,5910.5026,10.33,1,-0.072723
6085,SE,Sweden,,,NY.GDP.PCAP.CD,GDP per capita (current US$),Economic Policy & Debt,current US$,2025,63133.2127,57222.7101,5910.5026,10.33,1,-0.007745
4036,SE,Sweden,,,SH.H2O.BASW.ZS,People using at least basic drinking water services (% of population),Environment: Water and sanitation,% of population,2018,99.7063,,,,0,0
4035,SE,Sweden,,,SH.H2O.BASW.ZS,People using at least basic drinking water services (% of population),Environment: Water and sanitation,% of population,2019,99.7176,99.7063,0.0113,0.01,0,0
4034,SE,Sweden,,,SH.H2O.BASW.ZS,People using at least basic drinking water services (% of population),Environment: Water and sanitation,% of population,2020,99.7286,99.7176,0.0110,0.01,0,0
4033,SE,Sweden,,,SH.H2O.BASW.ZS,People using at least basic drinking water services (% of population),Environment: Water and sanitation,% of population,2021,99.7394,99.7286,0.0108,0.01,0,0
7078,SE,Sweden,,,SH.H2O.BASW.ZS,People using at least basic drinking water services (% of population),Environment: Water and sanitation,% of population,2024,99.7608,99.7394,0.0214,0.02,0,0
3026,SE,Sweden,,,SP.DYN.LE00.IN,"Life expectancy at birth, total (years)",Health,years,2018,82.5585,,,,0,0
3025,SE,Sweden,,,SP.DYN.LE00.IN,"Life expectancy at birth, total (years)",Health,years,2019,83.1098,82.5585,0.5513,0.67,0,0
3024,SE,Sweden,,,SP.DYN.LE00.IN,"Life expectancy at birth, total (years)",Health,years,2020,82.3561,83.1098,-0.7537,-0.91,0,0
3023,SE,Sweden,,,SP.DYN.LE00.IN,"Life expectancy at birth, total (years)",Health,years,2021,83.0561,82.3561,0.7000,0.85,0,0
6844,SE,Sweden,,,SP.DYN.LE00.IN,"Life expectancy at birth, total (years)",Health,years,2024,84.0634,83.0561,1.0073,1.21,0,0
1970,SE,Sweden,,,SP.POP.TOTL,"Population, total",Health: Population,people,2018,10175214.0000,,,,0,0
1969,SE,Sweden,,,SP.POP.TOTL,"Population, total",Health: Population,people,2019,10278887.0000,10175214.0000,103673.0000,1.02,0,0
1968,SE,Sweden,,,SP.POP.TOTL,"Population, total",Health: Population,people,2020,10353442.0000,10278887.0000,74555.0000,0.73,0,0
1967,SE,Sweden,,,SP.POP.TOTL,"Population, total",Health: Population,people,2021,10415811.0000,10353442.0000,62369.0000,0.60,0,0
6581,SE,Sweden,,,SP.POP.TOTL,"Population, total",Health: Population,people,2024,10569709.0000,10415811.0000,153898.0000,1.48,0,0
6580,SE,Sweden,,,SP.POP.TOTL,"Population, total",Health: Population,people,2025,10596620.0000,10569709.0000,26911.0000,0.25,0,0
859,SG,Singapore,,,NY.GDP.PCAP.CD,GDP per capita (current US$),Economic Policy & Debt,current US$,2018,67032.8226,,,,0,0
858,SG,Singapore,,,NY.GDP.PCAP.CD,GDP per capita (current US$),Economic Policy & Debt,current US$,2019,66068.7003,67032.8226,-964.1223,-1.44,0,0
857,SG,Singapore,,,NY.GDP.PCAP.CD,GDP per capita (current US$),Economic Policy & Debt,current US$,2020,61772.5036,66068.7003,-4296.1967,-6.50,1,-0.082122
857,SG,Singapore,,,NY.GDP.PCAP.CD,GDP per capita (current US$),Economic Policy & Debt,current US$,2020,61772.5036,66068.7003,-4296.1967,-6.50,1,-0.017145
856,SG,Singapore,,,NY.GDP.PCAP.CD,GDP per capita (current US$),Economic Policy & Debt,current US$,2021,80884.8565,61772.5036,19112.3529,30.94,1,-0.135532
856,SG,Singapore,,,NY.GDP.PCAP.CD,GDP per capita (current US$),Economic Policy & Debt,current US$,2021,80884.8565,61772.5036,19112.3529,30.94,1,-0.070554
6058,SG,Singapore,,,NY.GDP.PCAP.CD,GDP per capita (current US$),Economic Policy & Debt,current US$,2024,94896.5621,80884.8565,14011.7056,17.32,1,-0.061092
6057,SG,Singapore,,,NY.GDP.PCAP.CD,GDP per capita (current US$),Economic Policy & Debt,current US$,2025,98813.9788,94896.5621,3917.4167,4.13,1,-0.139566
6057,SG,Singapore,,,NY.GDP.PCAP.CD,GDP per capita (current US$),Economic Policy & Debt,current US$,2025,98813.9788,94896.5621,3917.4167,4.13,1,-0.074589
3983,SG,Singapore,,,SH.H2O.BASW.ZS,People using at least basic drinking water services (% of population),Environment: Water and sanitation,% of population,2018,100.0000,,,,0,0
3982,SG,Singapore,,,SH.H2O.BASW.ZS,People using at least basic drinking water services (% of population),Environment: Water and sanitation,% of population,2019,100.0000,100.0000,0.0000,0.00,0,0
3981,SG,Singapore,,,SH.H2O.BASW.ZS,People using at least basic drinking water services (% of population),Environment: Water and sanitation,% of population,2020,100.0000,100.0000,0.0000,0.00,0,0
3980,SG,Singapore,,,SH.H2O.BASW.ZS,People using at least basic drinking water services (% of population),Environment: Water and sanitation,% of population,2021,100.0000,100.0000,0.0000,0.00,0,0
7065,SG,Singapore,,,SH.H2O.BASW.ZS,People using at least basic drinking water services (% of population),Environment: Water and sanitation,% of population,2024,100.0000,100.0000,0.0000,0.00,0,0
2962,SG,Singapore,,,SP.DYN.LE00.IN,"Life expectancy at birth, total (years)",Health,years,2018,83.2976,,,,0,0
2961,SG,Singapore,,,SP.DYN.LE00.IN,"Life expectancy at birth, total (years)",Health,years,2019,83.5951,83.2976,0.2975,0.36,0,0
2960,SG,Singapore,,,SP.DYN.LE00.IN,"Life expectancy at birth, total (years)",Health,years,2020,83.5439,83.5951,-0.0512,-0.06,0,0
2959,SG,Singapore,,,SP.DYN.LE00.IN,"Life expectancy at birth, total (years)",Health,years,2021,83.0927,83.5439,-0.4512,-0.54,0,0
6828,SG,Singapore,,,SP.DYN.LE00.IN,"Life expectancy at birth, total (years)",Health,years,2024,83.3463,83.0927,0.2536,0.31,0,0
1906,SG,Singapore,,,SP.POP.TOTL,"Population, total",Health: Population,people,2018,5638676.0000,,,,0,0
1905,SG,Singapore,,,SP.POP.TOTL,"Population, total",Health: Population,people,2019,5703569.0000,5638676.0000,64893.0000,1.15,0,0
1904,SG,Singapore,,,SP.POP.TOTL,"Population, total",Health: Population,people,2020,5685807.0000,5703569.0000,-17762.0000,-0.31,0,0
1903,SG,Singapore,,,SP.POP.TOTL,"Population, total",Health: Population,people,2021,5453566.0000,5685807.0000,-232241.0000,-4.08,0,0
6549,SG,Singapore,,,SP.POP.TOTL,"Population, total",Health: Population,people,2024,6036860.0000,5453566.0000,583294.0000,10.70,0,0
6548,SG,Singapore,,,SP.POP.TOTL,"Population, total",Health: Population,people,2025,6111175.0000,6036860.0000,74315.0000,1.23,0,0
871,SI,Slovenia,,,NY.GDP.PCAP.CD,GDP per capita (current US$),Economic Policy & Debt,current US$,2018,25888.0481,,,,0,0
870,SI,Slovenia,,,NY.GDP.PCAP.CD,GDP per capita (current US$),Economic Policy & Debt,current US$,2019,25814.1687,25888.0481,-73.8794,-0.29,0,0
869,SI,Slovenia,,,NY.GDP.PCAP.CD,GDP per capita (current US$),Economic Policy & Debt,current US$,2020,25392.0651,25814.1687,-422.1036,-1.64,0,0
868,SI,Slovenia,,,NY.GDP.PCAP.CD,GDP per capita (current US$),Economic Policy & Debt,current US$,2021,29192.8402,25392.0651,3800.7751,14.97,0,0
6064,SI,Slovenia,,,NY.GDP.PCAP.CD,GDP per capita (current US$),Economic Policy & Debt,current US$,2024,34301.0319,29192.8402,5108.1917,17.50,0,0
6063,SI,Slovenia,,,NY.GDP.PCAP.CD,GDP per capita (current US$),Economic Policy & Debt,current US$,2025,37376.2216,34301.0319,3075.1897,8.97,1,-0.096765
6063,SI,Slovenia,,,NY.GDP.PCAP.CD,GDP per capita (current US$),Economic Policy & Debt,current US$,2025,37376.2216,34301.0319,3075.1897,8.97,1,-0.031788
3991,SI,Slovenia,,,SH.H2O.BASW.ZS,People using at least basic drinking water services (% of population),Environment: Water and sanitation,% of population,2018,99.5995,,,,0,0
3990,SI,Slovenia,,,SH.H2O.BASW.ZS,People using at least basic drinking water services (% of population),Environment: Water and sanitation,% of population,2019,99.5945,99.5995,-0.0050,-0.01,0,0
3989,SI,Slovenia,,,SH.H2O.BASW.ZS,People using at least basic drinking water services (% of population),Environment: Water and sanitation,% of population,2020,99.5895,99.5945,-0.0050,-0.01,0,0
3988,SI,Slovenia,,,SH.H2O.BASW.ZS,People using at least basic drinking water services (% of population),Environment: Water and sanitation,% of population,2021,99.5846,99.5895,-0.0049,0.00,0,0
7067,SI,Slovenia,,,SH.H2O.BASW.ZS,People using at least basic drinking water services (% of population),Environment: Water and sanitation,% of population,2024,99.5746,99.5846,-0.0100,-0.01,0,0
2974,SI,Slovenia,,,SP.DYN.LE00.IN,"Life expectancy at birth, total (years)",Health,years,2018,81.3780,,,,0,0
2973,SI,Slovenia,,,SP.DYN.LE00.IN,"Life expectancy at birth, total (years)",Health,years,2019,81.5293,81.3780,0.1513,0.19,0,0
2972,SI,Slovenia,,,SP.DYN.LE00.IN,"Life expectancy at birth, total (years)",Health,years,2020,80.5317,81.5293,-0.9976,-1.22,0,0
2971,SI,Slovenia,,,SP.DYN.LE00.IN,"Life expectancy at birth, total (years)",Health,years,2021,80.6756,80.5317,0.1439,0.18,0,0
6831,SI,Slovenia,,,SP.DYN.LE00.IN,"Life expectancy at birth, total (years)",Health,years,2024,82.2854,80.6756,1.6098,2.00,0,0
1918,SI,Slovenia,,,SP.POP.TOTL,"Population, total",Health: Population,people,2018,2073894.0000,,,,0,0
1917,SI,Slovenia,,,SP.POP.TOTL,"Population, total",Health: Population,people,2019,2088385.0000,2073894.0000,14491.0000,0.70,0,0
1916,SI,Slovenia,,,SP.POP.TOTL,"Population, total",Health: Population,people,2020,2102419.0000,2088385.0000,14034.0000,0.67,0,0
1915,SI,Slovenia,,,SP.POP.TOTL,"Population, total",Health: Population,people,2021,2108079.0000,2102419.0000,5660.0000,0.27,0,0
6555,SI,Slovenia,,,SP.POP.TOTL,"Population, total",Health: Population,people,2024,2127400.0000,2108079.0000,19321.0000,0.92,0,0
6554,SI,Slovenia,,,SP.POP.TOTL,"Population, total",Health: Population,people,2025,2130986.0000,2127400.0000,3586.0000,0.17,0,0
867,SK,Slovak Republic,,,NY.GDP.PCAP.CD,GDP per capita (current US$),Economic Policy & Debt,current US$,2018,19573.3717,,,,0,0
866,SK,Slovak Republic,,,NY.GDP.PCAP.CD,GDP per capita (current US$),Economic Policy & Debt,current US$,2019,19406.0590,19573.3717,-167.3127,-0.85,0,0
865,SK,Slovak Republic,,,NY.GDP.PCAP.CD,GDP per capita (current US$),Economic Policy & Debt,current US$,2020,19735.4858,19406.0590,329.4268,1.70,0,0
864,SK,Slovak Republic,,,NY.GDP.PCAP.CD,GDP per capita (current US$),Economic Policy & Debt,current US$,2021,22123.3342,19735.4858,2387.8484,12.10,0,0
6062,SK,Slovak Republic,,,NY.GDP.PCAP.CD,GDP per capita (current US$),Economic Policy & Debt,current US$,2024,25992.6749,22123.3342,3869.3407,17.49,0,0
6061,SK,Slovak Republic,,,NY.GDP.PCAP.CD,GDP per capita (current US$),Economic Policy & Debt,current US$,2025,28543.6653,25992.6749,2550.9904,9.81,1,-0.086304
6061,SK,Slovak Republic,,,NY.GDP.PCAP.CD,GDP per capita (current US$),Economic Policy & Debt,current US$,2025,28543.6653,25992.6749,2550.9904,9.81,1,-0.021327
3987,SK,Slovak Republic,,,SH.H2O.BASW.ZS,People using at least basic drinking water services (% of population),Environment: Water and sanitation,% of population,2018,99.7878,,,,0,0
3986,SK,Slovak Republic,,,SH.H2O.BASW.ZS,People using at least basic drinking water services (% of population),Environment: Water and sanitation,% of population,2019,99.7878,99.7878,0.0000,0.00,0,0
3985,SK,Slovak Republic,,,SH.H2O.BASW.ZS,People using at least basic drinking water services (% of population),Environment: Water and sanitation,% of population,2020,99.7877,99.7878,-0.0001,0.00,0,0
3984,SK,Slovak Republic,,,SH.H2O.BASW.ZS,People using at least basic drinking water services (% of population),Environment: Water and sanitation,% of population,2021,99.7875,99.7877,-0.0002,0.00,0,0
7066,SK,Slovak Republic,,,SH.H2O.BASW.ZS,People using at least basic drinking water services (% of population),Environment: Water and sanitation,% of population,2024,99.7861,99.7875,-0.0014,0.00,0,0
2970,SK,Slovak Republic,,,SP.DYN.LE00.IN,"Life expectancy at birth, total (years)",Health,years,2018,77.2659,,,,0,0
2969,SK,Slovak Republic,,,SP.DYN.LE00.IN,"Life expectancy at birth, total (years)",Health,years,2019,77.6659,77.2659,0.4000,0.52,0,0
2968,SK,Slovak Republic,,,SP.DYN.LE00.IN,"Life expectancy at birth, total (years)",Health,years,2020,76.8659,77.6659,-0.8000,-1.03,0,0
2967,SK,Slovak Republic,,,SP.DYN.LE00.IN,"Life expectancy at birth, total (years)",Health,years,2021,74.6146,76.8659,-2.2513,-2.93,0,0
6830,SK,Slovak Republic,,,SP.DYN.LE00.IN,"Life expectancy at birth, total (years)",Health,years,2024,78.3707,74.6146,3.7561,5.03,0,0
1914,SK,Slovak Republic,,,SP.POP.TOTL,"Population, total",Health: Population,people,2018,5446771.0000,,,,0,0
1913,SK,Slovak Republic,,,SP.POP.TOTL,"Population, total",Health: Population,people,2019,5454147.0000,5446771.0000,7376.0000,0.14,0,0
1912,SK,Slovak Republic,,,SP.POP.TOTL,"Population, total",Health: Population,people,2020,5458827.0000,5454147.0000,4680.0000,0.09,0,0
1911,SK,Slovak Republic,,,SP.POP.TOTL,"Population, total",Health: Population,people,2021,5447247.0000,5458827.0000,-11580.0000,-0.21,0,0
6553,SK,Slovak Republic,,,SP.POP.TOTL,"Population, total",Health: Population,people,2024,5422069.0000,5447247.0000,-25178.0000,-0.46,0,0
6552,SK,Slovak Republic,,,SP.POP.TOTL,"Population, total",Health: Population,people,2025,5413813.0000,5422069.0000,-8256.0000,-0.15,0,0
855,SL,Sierra Leone,,,NY.GDP.PCAP.CD,GDP per capita (current US$),Economic Policy & Debt,current US$,2018,845.9145,,,,0,0
854,SL,Sierra Leone,,,NY.GDP.PCAP.CD,GDP per capita (current US$),Economic Policy & Debt,current US$,2019,843.7125,845.9145,-2.2020,-0.26,0,0
853,SL,Sierra Leone,,,NY.GDP.PCAP.CD,GDP per capita (current US$),Economic Policy & Debt,current US$,2020,845.2776,843.7125,1.5651,0.19,0,0
852,SL,Sierra Leone,,,NY.GDP.PCAP.CD,GDP per capita (current US$),Economic Policy & Debt,current US$,2021,885.3964,845.2776,40.1188,4.75,0,0
6056,SL,Sierra Leone,,,NY.GDP.PCAP.CD,GDP per capita (current US$),Economic Policy & Debt,current US$,2024,806.6547,885.3964,-78.7417,-8.89,0,0
6055,SL,Sierra Leone,,,NY.GDP.PCAP.CD,GDP per capita (current US$),Economic Policy & Debt,current US$,2025,846.2962,806.6547,39.6415,4.91,0,0
3979,SL,Sierra Leone,,,SH.H2O.BASW.ZS,People using at least basic drinking water services (% of population),Environment: Water and sanitation,% of population,2018,61.0747,,,,0,0
3978,SL,Sierra Leone,,,SH.H2O.BASW.ZS,People using at least basic drinking water services (% of population),Environment: Water and sanitation,% of population,2019,62.2436,61.0747,1.1689,1.91,0,0
3977,SL,Sierra Leone,,,SH.H2O.BASW.ZS,People using at least basic drinking water services (% of population),Environment: Water and sanitation,% of population,2020,63.4122,62.2436,1.1686,1.88,0,0
3976,SL,Sierra Leone,,,SH.H2O.BASW.ZS,People using at least basic drinking water services (% of population),Environment: Water and sanitation,% of population,2021,64.5803,63.4122,1.1681,1.84,0,0
7064,SL,Sierra Leone,,,SH.H2O.BASW.ZS,People using at least basic drinking water services (% of population),Environment: Water and sanitation,% of population,2024,68.0790,64.5803,3.4987,5.42,0,0
2958,SL,Sierra Leone,,,SP.DYN.LE00.IN,"Life expectancy at birth, total (years)",Health,years,2018,59.0590,,,,0,0
2957,SL,Sierra Leone,,,SP.DYN.LE00.IN,"Life expectancy at birth, total (years)",Health,years,2019,59.5930,59.0590,0.5340,0.90,0,0
2956,SL,Sierra Leone,,,SP.DYN.LE00.IN,"Life expectancy at birth, total (years)",Health,years,2020,59.6940,59.5930,0.1010,0.17,0,0
2955,SL,Sierra Leone,,,SP.DYN.LE00.IN,"Life expectancy at birth, total (years)",Health,years,2021,60.2600,59.6940,0.5660,0.95,0,0
6827,SL,Sierra Leone,,,SP.DYN.LE00.IN,"Life expectancy at birth, total (years)",Health,years,2024,61.9640,60.2600,1.7040,2.83,0,0
1902,SL,Sierra Leone,,,SP.POP.TOTL,"Population, total",Health: Population,people,2018,7554563.0000,,,,0,0
1901,SL,Sierra Leone,,,SP.POP.TOTL,"Population, total",Health: Population,people,2019,7731991.0000,7554563.0000,177428.0000,2.35,0,0
1900,SL,Sierra Leone,,,SP.POP.TOTL,"Population, total",Health: Population,people,2020,7912558.0000,7731991.0000,180567.0000,2.34,0,0
1899,SL,Sierra Leone,,,SP.POP.TOTL,"Population, total",Health: Population,people,2021,8094602.0000,7912558.0000,182044.0000,2.30,0,0
6547,SL,Sierra Leone,,,SP.POP.TOTL,"Population, total",Health: Population,people,2024,8642022.0000,8094602.0000,547420.0000,6.76,0,0
6546,SL,Sierra Leone,,,SP.POP.TOTL,"Population, total",Health: Population,people,2025,8819794.0000,8642022.0000,177772.0000,2.06,0,0
831,SM,San Marino,,,NY.GDP.PCAP.CD,GDP per capita (current US$),Economic Policy & Debt,current US$,2018,47950.7076,,,,0,0
830,SM,San Marino,,,NY.GDP.PCAP.CD,GDP per capita (current US$),Economic Policy & Debt,current US$,2019,46626.9999,47950.7076,-1323.7077,-2.76,0,0
829,SM,San Marino,,,NY.GDP.PCAP.CD,GDP per capita (current US$),Economic Policy & Debt,current US$,2020,44426.6260,46626.9999,-2200.3739,-4.72,0,0
828,SM,San Marino,,,NY.GDP.PCAP.CD,GDP per capita (current US$),Economic Policy & Debt,current US$,2021,54168.9744,44426.6260,9742.3484,21.93,1,-0.117150
828,SM,San Marino,,,NY.GDP.PCAP.CD,GDP per capita (current US$),Economic Policy & Debt,current US$,2021,54168.9744,44426.6260,9742.3484,21.93,1,-0.052173
3955,SM,San Marino,,,SH.H2O.BASW.ZS,People using at least basic drinking water services (% of population),Environment: Water and sanitation,% of population,2018,100.0000,,,,0,0
3954,SM,San Marino,,,SH.H2O.BASW.ZS,People using at least basic drinking water services (% of population),Environment: Water and sanitation,% of population,2019,100.0000,100.0000,0.0000,0.00,0,0
3953,SM,San Marino,,,SH.H2O.BASW.ZS,People using at least basic drinking water services (% of population),Environment: Water and sanitation,% of population,2020,100.0000,100.0000,0.0000,0.00,0,0
3952,SM,San Marino,,,SH.H2O.BASW.ZS,People using at least basic drinking water services (% of population),Environment: Water and sanitation,% of population,2021,100.0000,100.0000,0.0000,0.00,0,0
7058,SM,San Marino,,,SH.H2O.BASW.ZS,People using at least basic drinking water services (% of population),Environment: Water and sanitation,% of population,2024,100.0000,100.0000,0.0000,0.00,0,0
2934,SM,San Marino,,,SP.DYN.LE00.IN,"Life expectancy at birth, total (years)",Health,years,2018,85.0950,,,,0,0
2933,SM,San Marino,,,SP.DYN.LE00.IN,"Life expectancy at birth, total (years)",Health,years,2019,85.2570,85.0950,0.1620,0.19,0,0
2932,SM,San Marino,,,SP.DYN.LE00.IN,"Life expectancy at birth, total (years)",Health,years,2020,82.6500,85.2570,-2.6070,-3.06,0,0
2931,SM,San Marino,,,SP.DYN.LE00.IN,"Life expectancy at birth, total (years)",Health,years,2021,83.5390,82.6500,0.8890,1.08,0,0
6821,SM,San Marino,,,SP.DYN.LE00.IN,"Life expectancy at birth, total (years)",Health,years,2024,85.8170,83.5390,2.2780,2.73,0,0
1878,SM,San Marino,,,SP.POP.TOTL,"Population, total",Health: Population,people,2018,34522.0000,,,,0,0
1877,SM,San Marino,,,SP.POP.TOTL,"Population, total",Health: Population,people,2019,34663.0000,34522.0000,141.0000,0.41,0,0
1876,SM,San Marino,,,SP.POP.TOTL,"Population, total",Health: Population,people,2020,34770.0000,34663.0000,107.0000,0.31,0,0
1875,SM,San Marino,,,SP.POP.TOTL,"Population, total",Health: Population,people,2021,34252.0000,34770.0000,-518.0000,-1.49,0,0
6535,SM,San Marino,,,SP.POP.TOTL,"Population, total",Health: Population,people,2024,33977.0000,34252.0000,-275.0000,-0.80,0,0
6534,SM,San Marino,,,SP.POP.TOTL,"Population, total",Health: Population,people,2025,34109.0000,33977.0000,132.0000,0.39,0,0
843,SN,Senegal,,,NY.GDP.PCAP.CD,GDP per capita (current US$),Economic Policy & Debt,current US$,2018,1452.5561,,,,0,0
842,SN,Senegal,,,NY.GDP.PCAP.CD,GDP per capita (current US$),Economic Policy & Debt,current US$,2019,1431.1813,1452.5561,-21.3748,-1.47,0,0
841,SN,Senegal,,,NY.GDP.PCAP.CD,GDP per capita (current US$),Economic Policy & Debt,current US$,2020,1461.0872,1431.1813,29.9059,2.09,0,0
840,SN,Senegal,,,NY.GDP.PCAP.CD,GDP per capita (current US$),Economic Policy & Debt,current US$,2021,1598.1068,1461.0872,137.0196,9.38,0,0
6050,SN,Senegal,,,NY.GDP.PCAP.CD,GDP per capita (current US$),Economic Policy & Debt,current US$,2024,1738.7322,1598.1068,140.6254,8.80,0,0
6049,SN,Senegal,,,NY.GDP.PCAP.CD,GDP per capita (current US$),Economic Policy & Debt,current US$,2025,1954.7117,1738.7322,215.9795,12.42,1,-0.104719
6049,SN,Senegal,,,NY.GDP.PCAP.CD,GDP per capita (current US$),Economic Policy & Debt,current US$,2025,1954.7117,1738.7322,215.9795,12.42,1,-0.039742
3967,SN,Senegal,,,SH.H2O.BASW.ZS,People using at least basic drinking water services (% of population),Environment: Water and sanitation,% of population,2018,81.1662,,,,0,0
3966,SN,Senegal,,,SH.H2O.BASW.ZS,People using at least basic drinking water services (% of population),Environment: Water and sanitation,% of population,2019,82.3289,81.1662,1.1627,1.43,0,0
3965,SN,Senegal,,,SH.H2O.BASW.ZS,People using at least basic drinking water services (% of population),Environment: Water and sanitation,% of population,2020,83.4856,82.3289,1.1567,1.40,0,0
3964,SN,Senegal,,,SH.H2O.BASW.ZS,People using at least basic drinking water services (% of population),Environment: Water and sanitation,% of population,2021,84.6361,83.4856,1.1505,1.38,0,0
7061,SN,Senegal,,,SH.H2O.BASW.ZS,People using at least basic drinking water services (% of population),Environment: Water and sanitation,% of population,2024,88.0436,84.6361,3.4075,4.03,0,0
2946,SN,Senegal,,,SP.DYN.LE00.IN,"Life expectancy at birth, total (years)",Health,years,2018,67.3790,,,,0,0
2945,SN,Senegal,,,SP.DYN.LE00.IN,"Life expectancy at birth, total (years)",Health,years,2019,67.6680,67.3790,0.2890,0.43,0,0
2944,SN,Senegal,,,SP.DYN.LE00.IN,"Life expectancy at birth, total (years)",Health,years,2020,67.4960,67.6680,-0.1720,-0.25,0,0
2943,SN,Senegal,,,SP.DYN.LE00.IN,"Life expectancy at birth, total (years)",Health,years,2021,66.8680,67.4960,-0.6280,-0.93,0,0
6824,SN,Senegal,,,SP.DYN.LE00.IN,"Life expectancy at birth, total (years)",Health,years,2024,68.9240,66.8680,2.0560,3.07,0,0
1890,SN,Senegal,,,SP.POP.TOTL,"Population, total",Health: Population,people,2018,15914498.0000,,,,0,0
1889,SN,Senegal,,,SP.POP.TOTL,"Population, total",Health: Population,people,2019,16352922.0000,15914498.0000,438424.0000,2.75,0,0
1888,SN,Senegal,,,SP.POP.TOTL,"Population, total",Health: Population,people,2020,16789219.0000,16352922.0000,436297.0000,2.67,0,0
1887,SN,Senegal,,,SP.POP.TOTL,"Population, total",Health: Population,people,2021,17220867.0000,16789219.0000,431648.0000,2.57,0,0
6541,SN,Senegal,,,SP.POP.TOTL,"Population, total",Health: Population,people,2024,18501984.0000,17220867.0000,1281117.0000,7.44,0,0
6540,SN,Senegal,,,SP.POP.TOTL,"Population, total",Health: Population,people,2025,18931966.0000,18501984.0000,429982.0000,2.32,0,0
879,SO,"Somalia, Fed. Rep.",,,NY.GDP.PCAP.CD,GDP per capita (current US$),Economic Policy & Debt,current US$,2018,509.4973,,,,0,0
878,SO,"Somalia, Fed. Rep.",,,NY.GDP.PCAP.CD,GDP per capita (current US$),Economic Policy & Debt,current US$,2019,539.9548,509.4973,30.4575,5.98,0,0
877,SO,"Somalia, Fed. Rep.",,,NY.GDP.PCAP.CD,GDP per capita (current US$),Economic Policy & Debt,current US$,2020,518.1611,539.9548,-21.7937,-4.04,0,0
876,SO,"Somalia, Fed. Rep.",,,NY.GDP.PCAP.CD,GDP per capita (current US$),Economic Policy & Debt,current US$,2021,549.0570,518.1611,30.8959,5.96,0,0
6068,SO,"Somalia, Fed. Rep.",,,NY.GDP.PCAP.CD,GDP per capita (current US$),Economic Policy & Debt,current US$,2024,629.5389,549.0570,80.4819,14.66,0,0
6067,SO,"Somalia, Fed. Rep.",,,NY.GDP.PCAP.CD,GDP per capita (current US$),Economic Policy & Debt,current US$,2025,661.1739,629.5389,31.6350,5.03,0,0
3999,SO,"Somalia, Fed. Rep.",,,SH.H2O.BASW.ZS,People using at least basic drinking water services (% of population),Environment: Water and sanitation,% of population,2018,60.8553,,,,0,0
3998,SO,"Somalia, Fed. Rep.",,,SH.H2O.BASW.ZS,People using at least basic drinking water services (% of population),Environment: Water and sanitation,% of population,2019,63.1910,60.8553,2.3357,3.84,0,0
3997,SO,"Somalia, Fed. Rep.",,,SH.H2O.BASW.ZS,People using at least basic drinking water services (% of population),Environment: Water and sanitation,% of population,2020,65.5578,63.1910,2.3668,3.75,0,0
3996,SO,"Somalia, Fed. Rep.",,,SH.H2O.BASW.ZS,People using at least basic drinking water services (% of population),Environment: Water and sanitation,% of population,2021,67.9536,65.5578,2.3958,3.65,0,0
7069,SO,"Somalia, Fed. Rep.",,,SH.H2O.BASW.ZS,People using at least basic drinking water services (% of population),Environment: Water and sanitation,% of population,2024,75.2948,67.9536,7.3412,10.80,0,0
2982,SO,"Somalia, Fed. Rep.",,,SP.DYN.LE00.IN,"Life expectancy at birth, total (years)",Health,years,2018,54.7670,,,,0,0
2981,SO,"Somalia, Fed. Rep.",,,SP.DYN.LE00.IN,"Life expectancy at birth, total (years)",Health,years,2019,57.2490,54.7670,2.4820,4.53,0,0
2980,SO,"Somalia, Fed. Rep.",,,SP.DYN.LE00.IN,"Life expectancy at birth, total (years)",Health,years,2020,57.0950,57.2490,-0.1540,-0.27,0,0
2979,SO,"Somalia, Fed. Rep.",,,SP.DYN.LE00.IN,"Life expectancy at birth, total (years)",Health,years,2021,55.7030,57.0950,-1.3920,-2.44,0,0
6833,SO,"Somalia, Fed. Rep.",,,SP.DYN.LE00.IN,"Life expectancy at birth, total (years)",Health,years,2024,58.9670,55.7030,3.2640,5.86,0,0
1926,SO,"Somalia, Fed. Rep.",,,SP.POP.TOTL,"Population, total",Health: Population,people,2018,15452487.0000,,,,0,0
1925,SO,"Somalia, Fed. Rep.",,,SP.POP.TOTL,"Population, total",Health: Population,people,2019,16030971.0000,15452487.0000,578484.0000,3.74,0,0
1924,SO,"Somalia, Fed. Rep.",,,SP.POP.TOTL,"Population, total",Health: Population,people,2020,16651191.0000,16030971.0000,620220.0000,3.87,0,0
1923,SO,"Somalia, Fed. Rep.",,,SP.POP.TOTL,"Population, total",Health: Population,people,2021,17271431.0000,16651191.0000,620240.0000,3.72,0,0
6559,SO,"Somalia, Fed. Rep.",,,SP.POP.TOTL,"Population, total",Health: Population,people,2024,19009151.0000,17271431.0000,1737720.0000,10.06,0,0
6558,SO,"Somalia, Fed. Rep.",,,SP.POP.TOTL,"Population, total",Health: Population,people,2025,19654739.0000,19009151.0000,645588.0000,3.40,0,0
913,SR,Suriname,,,NY.GDP.PCAP.CD,GDP per capita (current US$),Economic Policy & Debt,current US$,2018,6665.7418,,,,0,0
912,SR,Suriname,,,NY.GDP.PCAP.CD,GDP per capita (current US$),Economic Policy & Debt,current US$,2019,6629.6678,6665.7418,-36.0740,-0.54,0,0
911,SR,Suriname,,,NY.GDP.PCAP.CD,GDP per capita (current US$),Economic Policy & Debt,current US$,2020,4755.3922,6629.6678,-1874.2756,-28.27,1,-0.139439
911,SR,Suriname,,,NY.GDP.PCAP.CD,GDP per capita (current US$),Economic Policy & Debt,current US$,2020,4755.3922,6629.6678,-1874.2756,-28.27,1,-0.074462
910,SR,Suriname,,,NY.GDP.PCAP.CD,GDP per capita (current US$),Economic Policy & Debt,current US$,2021,5029.8484,4755.3922,274.4562,5.77,0,0
6084,SR,Suriname,,,NY.GDP.PCAP.CD,GDP per capita (current US$),Economic Policy & Debt,current US$,2024,6961.7896,5029.8484,1931.9412,38.41,0,0
6083,SR,Suriname,,,NY.GDP.PCAP.CD,GDP per capita (current US$),Economic Policy & Debt,current US$,2025,7069.8723,6961.7896,108.0827,1.55,0,0
4032,SR,Suriname,,,SH.H2O.BASW.ZS,People using at least basic drinking water services (% of population),Environment: Water and sanitation,% of population,2018,97.0931,,,,0,0
4031,SR,Suriname,,,SH.H2O.BASW.ZS,People using at least basic drinking water services (% of population),Environment: Water and sanitation,% of population,2019,97.5418,97.0931,0.4487,0.46,0,0
4030,SR,Suriname,,,SH.H2O.BASW.ZS,People using at least basic drinking water services (% of population),Environment: Water and sanitation,% of population,2020,97.9896,97.5418,0.4478,0.46,0,0
4029,SR,Suriname,,,SH.H2O.BASW.ZS,People using at least basic drinking water services (% of population),Environment: Water and sanitation,% of population,2021,97.9911,97.9896,0.0015,0.00,0,0
7077,SR,Suriname,,,SH.H2O.BASW.ZS,People using at least basic drinking water services (% of population),Environment: Water and sanitation,% of population,2024,97.9978,97.9911,0.0067,0.01,0,0
3022,SR,Suriname,,,SP.DYN.LE00.IN,"Life expectancy at birth, total (years)",Health,years,2018,71.4680,,,,0,0
3021,SR,Suriname,,,SP.DYN.LE00.IN,"Life expectancy at birth, total (years)",Health,years,2019,71.7730,71.4680,0.3050,0.43,0,0
3020,SR,Suriname,,,SP.DYN.LE00.IN,"Life expectancy at birth, total (years)",Health,years,2020,72.3210,71.7730,0.5480,0.76,0,0
3019,SR,Suriname,,,SP.DYN.LE00.IN,"Life expectancy at birth, total (years)",Health,years,2021,68.9430,72.3210,-3.3780,-4.67,0,0
6843,SR,Suriname,,,SP.DYN.LE00.IN,"Life expectancy at birth, total (years)",Health,years,2024,73.7570,68.9430,4.8140,6.98,0,0
1966,SR,Suriname,,,SP.POP.TOTL,"Population, total",Health: Population,people,2018,599513.0000,,,,0,0
1965,SR,Suriname,,,SP.POP.TOTL,"Population, total",Health: Population,people,2019,605768.0000,599513.0000,6255.0000,1.04,0,0
1964,SR,Suriname,,,SP.POP.TOTL,"Population, total",Health: Population,people,2020,612317.0000,605768.0000,6549.0000,1.08,0,0
1963,SR,Suriname,,,SP.POP.TOTL,"Population, total",Health: Population,people,2021,617896.0000,612317.0000,5579.0000,0.91,0,0
6579,SR,Suriname,,,SP.POP.TOTL,"Population, total",Health: Population,people,2024,634431.0000,617896.0000,16535.0000,2.68,0,0
6578,SR,Suriname,,,SP.POP.TOTL,"Population, total",Health: Population,people,2025,639850.0000,634431.0000,5419.0000,0.85,0,0
4007,SS,South Sudan,,,SH.H2O.BASW.ZS,People using at least basic drinking water services (% of population),Environment: Water and sanitation,% of population,2018,40.0226,,,,1,-0.024141
4006,SS,South Sudan,,,SH.H2O.BASW.ZS,People using at least basic drinking water services (% of population),Environment: Water and sanitation,% of population,2019,39.9136,40.0226,-0.1090,-0.27,1,-0.013832
4005,SS,South Sudan,,,SH.H2O.BASW.ZS,People using at least basic drinking water services (% of population),Environment: Water and sanitation,% of population,2020,39.7909,39.9136,-0.1227,-0.31,0,0
4004,SS,South Sudan,,,SH.H2O.BASW.ZS,People using at least basic drinking water services (% of population),Environment: Water and sanitation,% of population,2021,39.6555,39.7909,-0.1354,-0.34,1,-0.010501
7071,SS,South Sudan,,,SH.H2O.BASW.ZS,People using at least basic drinking water services (% of population),Environment: Water and sanitation,% of population,2024,39.7494,39.6555,0.0939,0.24,0,0
2990,SS,South Sudan,,,SP.DYN.LE00.IN,"Life expectancy at birth, total (years)",Health,years,2018,51.9050,,,,1,-0.060697
2989,SS,South Sudan,,,SP.DYN.LE00.IN,"Life expectancy at birth, total (years)",Health,years,2019,58.1290,51.9050,6.2240,11.99,1,-0.053686
2988,SS,South Sudan,,,SP.DYN.LE00.IN,"Life expectancy at birth, total (years)",Health,years,2020,57.6480,58.1290,-0.4810,-0.83,0,0
2987,SS,South Sudan,,,SP.DYN.LE00.IN,"Life expectancy at birth, total (years)",Health,years,2021,57.0470,57.6480,-0.6010,-1.04,0,0
6835,SS,South Sudan,,,SP.DYN.LE00.IN,"Life expectancy at birth, total (years)",Health,years,2024,57.7380,57.0470,0.6910,1.21,0,0
1934,SS,South Sudan,,,SP.POP.TOTL,"Population, total",Health: Population,people,2018,10122977.0000,,,,0,0
1933,SS,South Sudan,,,SP.POP.TOTL,"Population, total",Health: Population,people,2019,10423384.0000,10122977.0000,300407.0000,2.97,0,0
1932,SS,South Sudan,,,SP.POP.TOTL,"Population, total",Health: Population,people,2020,10698467.0000,10423384.0000,275083.0000,2.64,0,0
1931,SS,South Sudan,,,SP.POP.TOTL,"Population, total",Health: Population,people,2021,10865780.0000,10698467.0000,167313.0000,1.56,0,0
6563,SS,South Sudan,,,SP.POP.TOTL,"Population, total",Health: Population,people,2024,11943408.0000,10865780.0000,1077628.0000,9.92,0,0
6562,SS,South Sudan,,,SP.POP.TOTL,"Population, total",Health: Population,people,2025,12188788.0000,11943408.0000,245380.0000,2.05,0,0
835,ST,Sao Tome and Principe,,,NY.GDP.PCAP.CD,GDP per capita (current US$),Economic Policy & Debt,current US$,2018,1825.5997,,,,1,-0.025126
834,ST,Sao Tome and Principe,,,NY.GDP.PCAP.CD,GDP per capita (current US$),Economic Policy & Debt,current US$,2019,1935.2932,1825.5997,109.6935,6.01,1,-0.027505
833,ST,Sao Tome and Principe,,,NY.GDP.PCAP.CD,GDP per capita (current US$),Economic Policy & Debt,current US$,2020,2167.2200,1935.2932,231.9268,11.98,1,-0.013765
832,ST,Sao Tome and Principe,,,NY.GDP.PCAP.CD,GDP per capita (current US$),Economic Policy & Debt,current US$,2021,2362.5883,2167.2200,195.3683,9.01,0,0
6046,ST,Sao Tome and Principe,,,NY.GDP.PCAP.CD,GDP per capita (current US$),Economic Policy & Debt,current US$,2024,3502.6177,2362.5883,1140.0294,48.25,1,-0.023377
6045,ST,Sao Tome and Principe,,,NY.GDP.PCAP.CD,GDP per capita (current US$),Economic Policy & Debt,current US$,2025,4084.4006,3502.6177,581.7829,16.61,1,-0.163771
6045,ST,Sao Tome and Principe,,,NY.GDP.PCAP.CD,GDP per capita (current US$),Economic Policy & Debt,current US$,2025,4084.4006,3502.6177,581.7829,16.61,1,-0.098794
3959,ST,Sao Tome and Principe,,,SH.H2O.BASW.ZS,People using at least basic drinking water services (% of population),Environment: Water and sanitation,% of population,2018,76.2771,,,,0,0
3958,ST,Sao Tome and Principe,,,SH.H2O.BASW.ZS,People using at least basic drinking water services (% of population),Environment: Water and sanitation,% of population,2019,76.5647,76.2771,0.2876,0.38,0,0
3957,ST,Sao Tome and Principe,,,SH.H2O.BASW.ZS,People using at least basic drinking water services (% of population),Environment: Water and sanitation,% of population,2020,76.8423,76.5647,0.2776,0.36,0,0
3956,ST,Sao Tome and Principe,,,SH.H2O.BASW.ZS,People using at least basic drinking water services (% of population),Environment: Water and sanitation,% of population,2021,77.1105,76.8423,0.2682,0.35,0,0
7059,ST,Sao Tome and Principe,,,SH.H2O.BASW.ZS,People using at least basic drinking water services (% of population),Environment: Water and sanitation,% of population,2024,77.9574,77.1105,0.8469,1.10,0,0
2938,ST,Sao Tome and Principe,,,SP.DYN.LE00.IN,"Life expectancy at birth, total (years)",Health,years,2018,67.6020,,,,0,0
2937,ST,Sao Tome and Principe,,,SP.DYN.LE00.IN,"Life expectancy at birth, total (years)",Health,years,2019,68.0430,67.6020,0.4410,0.65,0,0
2936,ST,Sao Tome and Principe,,,SP.DYN.LE00.IN,"Life expectancy at birth, total (years)",Health,years,2020,67.9790,68.0430,-0.0640,-0.09,0,0
2935,ST,Sao Tome and Principe,,,SP.DYN.LE00.IN,"Life expectancy at birth, total (years)",Health,years,2021,68.0260,67.9790,0.0470,0.07,0,0
6822,ST,Sao Tome and Principe,,,SP.DYN.LE00.IN,"Life expectancy at birth, total (years)",Health,years,2024,69.9050,68.0260,1.8790,2.76,0,0
1882,ST,Sao Tome and Principe,,,SP.POP.TOTL,"Population, total",Health: Population,people,2018,210187.0000,,,,0,0
1881,ST,Sao Tome and Principe,,,SP.POP.TOTL,"Population, total",Health: Population,people,2019,213392.0000,210187.0000,3205.0000,1.52,0,0
1880,ST,Sao Tome and Principe,,,SP.POP.TOTL,"Population, total",Health: Population,people,2020,217435.0000,213392.0000,4043.0000,1.89,0,0
1879,ST,Sao Tome and Principe,,,SP.POP.TOTL,"Population, total",Health: Population,people,2021,221961.0000,217435.0000,4526.0000,2.08,0,0
6537,ST,Sao Tome and Principe,,,SP.POP.TOTL,"Population, total",Health: Population,people,2024,235536.0000,221961.0000,13575.0000,6.12,0,0
6536,ST,Sao Tome and Principe,,,SP.POP.TOTL,"Population, total",Health: Population,people,2025,240254.0000,235536.0000,4718.0000,2.00,0,0
423,SV,El Salvador,,,NY.GDP.PCAP.CD,GDP per capita (current US$),Economic Policy & Debt,current US$,2018,4183.5462,,,,0,0
422,SV,El Salvador,,,NY.GDP.PCAP.CD,GDP per capita (current US$),Economic Policy & Debt,current US$,2019,4320.1167,4183.5462,136.5705,3.26,0,0
421,SV,El Salvador,,,NY.GDP.PCAP.CD,GDP per capita (current US$),Economic Policy & Debt,current US$,2020,3997.1928,4320.1167,-322.9239,-7.47,0,0
420,SV,El Salvador,,,NY.GDP.PCAP.CD,GDP per capita (current US$),Economic Policy & Debt,current US$,2021,4642.6074,3997.1928,645.4146,16.15,0,0
5856,SV,El Salvador,,,NY.GDP.PCAP.CD,GDP per capita (current US$),Economic Policy & Debt,current US$,2024,5503.1032,4642.6074,860.4958,18.53,0,0
5855,SV,El Salvador,,,NY.GDP.PCAP.CD,GDP per capita (current US$),Economic Policy & Debt,current US$,2025,5766.7257,5503.1032,263.6225,4.79,1,-0.013095
3556,SV,El Salvador,,,SH.H2O.BASW.ZS,People using at least basic drinking water services (% of population),Environment: Water and sanitation,% of population,2018,88.6461,,,,0,0
3555,SV,El Salvador,,,SH.H2O.BASW.ZS,People using at least basic drinking water services (% of population),Environment: Water and sanitation,% of population,2019,89.3528,88.6461,0.7067,0.80,0,0
3554,SV,El Salvador,,,SH.H2O.BASW.ZS,People using at least basic drinking water services (% of population),Environment: Water and sanitation,% of population,2020,89.9924,89.3528,0.6396,0.72,0,0
3553,SV,El Salvador,,,SH.H2O.BASW.ZS,People using at least basic drinking water services (% of population),Environment: Water and sanitation,% of population,2021,90.4214,89.9924,0.4290,0.48,0,0
6960,SV,El Salvador,,,SH.H2O.BASW.ZS,People using at least basic drinking water services (% of population),Environment: Water and sanitation,% of population,2024,91.6200,90.4214,1.1986,1.33,0,0
2514,SV,El Salvador,,,SP.DYN.LE00.IN,"Life expectancy at birth, total (years)",Health,years,2018,71.3840,,,,0,0
2513,SV,El Salvador,,,SP.DYN.LE00.IN,"Life expectancy at birth, total (years)",Health,years,2019,71.7250,71.3840,0.3410,0.48,0,0
2512,SV,El Salvador,,,SP.DYN.LE00.IN,"Life expectancy at birth, total (years)",Health,years,2020,70.2440,71.7250,-1.4810,-2.06,0,0
2511,SV,El Salvador,,,SP.DYN.LE00.IN,"Life expectancy at birth, total (years)",Health,years,2021,69.9410,70.2440,-0.3030,-0.43,0,0
6716,SV,El Salvador,,,SP.DYN.LE00.IN,"Life expectancy at birth, total (years)",Health,years,2024,72.3020,69.9410,2.3610,3.38,0,0
1458,SV,El Salvador,,,SP.POP.TOTL,"Population, total",Health: Population,people,2018,6219807.0000,,,,0,0
1457,SV,El Salvador,,,SP.POP.TOTL,"Population, total",Health: Population,people,2019,6222318.0000,6219807.0000,2511.0000,0.04,0,0
1456,SV,El Salvador,,,SP.POP.TOTL,"Population, total",Health: Population,people,2020,6234673.0000,6222318.0000,12355.0000,0.20,0,0
1455,SV,El Salvador,,,SP.POP.TOTL,"Population, total",Health: Population,people,2021,6255782.0000,6234673.0000,21109.0000,0.34,0,0
6325,SV,El Salvador,,,SP.POP.TOTL,"Population, total",Health: Population,people,2024,6338193.0000,6255782.0000,82411.0000,1.32,0,0
6324,SV,El Salvador,,,SP.POP.TOTL,"Population, total",Health: Population,people,2025,6365503.0000,6338193.0000,27310.0000,0.43,0,0
863,SX,Sint Maarten (Dutch part),,,NY.GDP.PCAP.CD,GDP per capita (current US$),Economic Policy & Debt,current US$,2018,31708.3110,,,,0,0
862,SX,Sint Maarten (Dutch part),,,NY.GDP.PCAP.CD,GDP per capita (current US$),Economic Policy & Debt,current US$,2019,34861.4695,31708.3110,3153.1585,9.94,0,0
861,SX,Sint Maarten (Dutch part),,,NY.GDP.PCAP.CD,GDP per capita (current US$),Economic Policy & Debt,current US$,2020,30150.8998,34861.4695,-4710.5697,-13.51,1,-0.065099
861,SX,Sint Maarten (Dutch part),,,NY.GDP.PCAP.CD,GDP per capita (current US$),Economic Policy & Debt,current US$,2020,30150.8998,34861.4695,-4710.5697,-13.51,1,-0.000122
860,SX,Sint Maarten (Dutch part),,,NY.GDP.PCAP.CD,GDP per capita (current US$),Economic Policy & Debt,current US$,2021,32548.4367,30150.8998,2397.5369,7.95,0,0
6060,SX,Sint Maarten (Dutch part),,,NY.GDP.PCAP.CD,GDP per capita (current US$),Economic Policy & Debt,current US$,2024,41472.5870,32548.4367,8924.1503,27.42,0,0
6059,SX,Sint Maarten (Dutch part),,,NY.GDP.PCAP.CD,GDP per capita (current US$),Economic Policy & Debt,current US$,2025,42978.1317,41472.5870,1505.5447,3.63,1,-0.045141
2966,SX,Sint Maarten (Dutch part),,,SP.DYN.LE00.IN,"Life expectancy at birth, total (years)",Health,years,2018,75.6930,,,,0,0
2965,SX,Sint Maarten (Dutch part),,,SP.DYN.LE00.IN,"Life expectancy at birth, total (years)",Health,years,2019,75.6800,75.6930,-0.0130,-0.02,0,0
2964,SX,Sint Maarten (Dutch part),,,SP.DYN.LE00.IN,"Life expectancy at birth, total (years)",Health,years,2020,75.0020,75.6800,-0.6780,-0.90,0,0
2963,SX,Sint Maarten (Dutch part),,,SP.DYN.LE00.IN,"Life expectancy at birth, total (years)",Health,years,2021,74.5050,75.0020,-0.4970,-0.66,0,0
6829,SX,Sint Maarten (Dutch part),,,SP.DYN.LE00.IN,"Life expectancy at birth, total (years)",Health,years,2024,76.5280,74.5050,2.0230,2.72,0,0
1910,SX,Sint Maarten (Dutch part),,,SP.POP.TOTL,"Population, total",Health: Population,people,2018,39712.0000,,,,0,0
1909,SX,Sint Maarten (Dutch part),,,SP.POP.TOTL,"Population, total",Health: Population,people,2019,40385.0000,39712.0000,673.0000,1.69,0,0
1908,SX,Sint Maarten (Dutch part),,,SP.POP.TOTL,"Population, total",Health: Population,people,2020,41008.0000,40385.0000,623.0000,1.54,0,0
1907,SX,Sint Maarten (Dutch part),,,SP.POP.TOTL,"Population, total",Health: Population,people,2021,41571.0000,41008.0000,563.0000,1.37,0,0
6551,SX,Sint Maarten (Dutch part),,,SP.POP.TOTL,"Population, total",Health: Population,people,2024,43350.0000,41571.0000,1779.0000,4.28,0,0
6550,SX,Sint Maarten (Dutch part),,,SP.POP.TOTL,"Population, total",Health: Population,people,2025,43923.0000,43350.0000,573.0000,1.32,0,0
925,SY,Syrian Arab Republic,,,NY.GDP.PCAP.CD,GDP per capita (current US$),Economic Policy & Debt,current US$,2018,1098.0667,,,,0,0
924,SY,Syrian Arab Republic,,,NY.GDP.PCAP.CD,GDP per capita (current US$),Economic Policy & Debt,current US$,2019,1109.5393,1098.0667,11.4726,1.04,1,-0.015283
923,SY,Syrian Arab Republic,,,NY.GDP.PCAP.CD,GDP per capita (current US$),Economic Policy & Debt,current US$,2020,593.9118,1109.5393,-515.6275,-46.47,1,-0.148648
923,SY,Syrian Arab Republic,,,NY.GDP.PCAP.CD,GDP per capita (current US$),Economic Policy & Debt,current US$,2020,593.9118,1109.5393,-515.6275,-46.47,1,-0.083671
922,SY,Syrian Arab Republic,,,NY.GDP.PCAP.CD,GDP per capita (current US$),Economic Policy & Debt,current US$,2021,688.5661,593.9118,94.6543,15.94,1,-0.071611
922,SY,Syrian Arab Republic,,,NY.GDP.PCAP.CD,GDP per capita (current US$),Economic Policy & Debt,current US$,2021,688.5661,593.9118,94.6543,15.94,1,-0.006633
4044,SY,Syrian Arab Republic,,,SH.H2O.BASW.ZS,People using at least basic drinking water services (% of population),Environment: Water and sanitation,% of population,2018,93.7507,,,,0,0
4043,SY,Syrian Arab Republic,,,SH.H2O.BASW.ZS,People using at least basic drinking water services (% of population),Environment: Water and sanitation,% of population,2019,93.8841,93.7507,0.1334,0.14,0,0
4042,SY,Syrian Arab Republic,,,SH.H2O.BASW.ZS,People using at least basic drinking water services (% of population),Environment: Water and sanitation,% of population,2020,94.0144,93.8841,0.1303,0.14,0,0
4041,SY,Syrian Arab Republic,,,SH.H2O.BASW.ZS,People using at least basic drinking water services (% of population),Environment: Water and sanitation,% of population,2021,94.0537,94.0144,0.0393,0.04,0,0
7080,SY,Syrian Arab Republic,,,SH.H2O.BASW.ZS,People using at least basic drinking water services (% of population),Environment: Water and sanitation,% of population,2024,94.1260,94.0537,0.0723,0.08,0,0
3034,SY,Syrian Arab Republic,,,SP.DYN.LE00.IN,"Life expectancy at birth, total (years)",Health,years,2018,67.3710,,,,0,0
3033,SY,Syrian Arab Republic,,,SP.DYN.LE00.IN,"Life expectancy at birth, total (years)",Health,years,2019,70.9700,67.3710,3.5990,5.34,0,0
3032,SY,Syrian Arab Republic,,,SP.DYN.LE00.IN,"Life expectancy at birth, total (years)",Health,years,2020,71.9440,70.9700,0.9740,1.37,0,0
3031,SY,Syrian Arab Republic,,,SP.DYN.LE00.IN,"Life expectancy at birth, total (years)",Health,years,2021,72.4180,71.9440,0.4740,0.66,0,0
6846,SY,Syrian Arab Republic,,,SP.DYN.LE00.IN,"Life expectancy at birth, total (years)",Health,years,2024,72.5600,72.4180,0.1420,0.20,0,0
1978,SY,Syrian Arab Republic,,,SP.POP.TOTL,"Population, total",Health: Population,people,2018,19577845.0000,,,,0,0
1977,SY,Syrian Arab Republic,,,SP.POP.TOTL,"Population, total",Health: Population,people,2019,20353534.0000,19577845.0000,775689.0000,3.96,0,0
1976,SY,Syrian Arab Republic,,,SP.POP.TOTL,"Population, total",Health: Population,people,2020,21049429.0000,20353534.0000,695895.0000,3.42,0,0
1975,SY,Syrian Arab Republic,,,SP.POP.TOTL,"Population, total",Health: Population,people,2021,21628839.0000,21049429.0000,579410.0000,2.75,0,0
6585,SY,Syrian Arab Republic,,,SP.POP.TOTL,"Population, total",Health: Population,people,2024,24672760.0000,21628839.0000,3043921.0000,14.07,0,0
6584,SY,Syrian Arab Republic,,,SP.POP.TOTL,"Population, total",Health: Population,people,2025,25620427.0000,24672760.0000,947667.0000,3.84,0,0
435,SZ,Eswatini,,,NY.GDP.PCAP.CD,GDP per capita (current US$),Economic Policy & Debt,current US$,2018,3972.6545,,,,0,0
434,SZ,Eswatini,,,NY.GDP.PCAP.CD,GDP per capita (current US$),Economic Policy & Debt,current US$,2019,3913.1458,3972.6545,-59.5087,-1.50,0,0
433,SZ,Eswatini,,,NY.GDP.PCAP.CD,GDP per capita (current US$),Economic Policy & Debt,current US$,2020,3466.5694,3913.1458,-446.5764,-11.41,1,-0.086155
433,SZ,Eswatini,,,NY.GDP.PCAP.CD,GDP per capita (current US$),Economic Policy & Debt,current US$,2020,3466.5694,3913.1458,-446.5764,-11.41,1,-0.021177
432,SZ,Eswatini,,,NY.GDP.PCAP.CD,GDP per capita (current US$),Economic Policy & Debt,current US$,2021,3984.0023,3466.5694,517.4329,14.93,0,0
5862,SZ,Eswatini,,,NY.GDP.PCAP.CD,GDP per capita (current US$),Economic Policy & Debt,current US$,2024,3909.5589,3984.0023,-74.4434,-1.87,0,0
5861,SZ,Eswatini,,,NY.GDP.PCAP.CD,GDP per capita (current US$),Economic Policy & Debt,current US$,2025,4108.2522,3909.5589,198.6933,5.08,0,0
3564,SZ,Eswatini,,,SH.H2O.BASW.ZS,People using at least basic drinking water services (% of population),Environment: Water and sanitation,% of population,2018,73.0952,,,,0,0
3563,SZ,Eswatini,,,SH.H2O.BASW.ZS,People using at least basic drinking water services (% of population),Environment: Water and sanitation,% of population,2019,74.3032,73.0952,1.2080,1.65,0,0
3562,SZ,Eswatini,,,SH.H2O.BASW.ZS,People using at least basic drinking water services (% of population),Environment: Water and sanitation,% of population,2020,75.5136,74.3032,1.2104,1.63,0,0
3561,SZ,Eswatini,,,SH.H2O.BASW.ZS,People using at least basic drinking water services (% of population),Environment: Water and sanitation,% of population,2021,76.7261,75.5136,1.2125,1.61,0,0
6962,SZ,Eswatini,,,SH.H2O.BASW.ZS,People using at least basic drinking water services (% of population),Environment: Water and sanitation,% of population,2024,80.3737,76.7261,3.6476,4.75,0,0
2530,SZ,Eswatini,,,SP.DYN.LE00.IN,"Life expectancy at birth, total (years)",Health,years,2018,58.7070,,,,0,0
2529,SZ,Eswatini,,,SP.DYN.LE00.IN,"Life expectancy at birth, total (years)",Health,years,2019,59.8500,58.7070,1.1430,1.95,0,0
2528,SZ,Eswatini,,,SP.DYN.LE00.IN,"Life expectancy at birth, total (years)",Health,years,2020,59.8620,59.8500,0.0120,0.02,0,0
2527,SZ,Eswatini,,,SP.DYN.LE00.IN,"Life expectancy at birth, total (years)",Health,years,2021,58.2280,59.8620,-1.6340,-2.73,0,0
6720,SZ,Eswatini,,,SP.DYN.LE00.IN,"Life expectancy at birth, total (years)",Health,years,2024,64.2640,58.2280,6.0360,10.37,1,-0.009154
1474,SZ,Eswatini,,,SP.POP.TOTL,"Population, total",Health: Population,people,2018,1168929.0000,,,,0,0
1473,SZ,Eswatini,,,SP.POP.TOTL,"Population, total",Health: Population,people,2019,1179874.0000,1168929.0000,10945.0000,0.94,0,0
1472,SZ,Eswatini,,,SP.POP.TOTL,"Population, total",Health: Population,people,2020,1192729.0000,1179874.0000,12855.0000,1.09,0,0
1471,SZ,Eswatini,,,SP.POP.TOTL,"Population, total",Health: Population,people,2021,1206593.0000,1192729.0000,13864.0000,1.16,0,0
6333,SZ,Eswatini,,,SP.POP.TOTL,"Population, total",Health: Population,people,2024,1242822.0000,1206593.0000,36229.0000,3.00,0,0
6332,SZ,Eswatini,,,SP.POP.TOTL,"Population, total",Health: Population,people,2025,1256174.0000,1242822.0000,13352.0000,1.07,0,0
100,T2,Latin America & the Caribbean (IDA & IBRD countries),,,NY.GDP.PCAP.CD,GDP per capita (current US$),Economic Policy & Debt,current US$,2018,8620.6510,,,,0,0
99,T2,Latin America & the Caribbean (IDA & IBRD countries),,,NY.GDP.PCAP.CD,GDP per capita (current US$),Economic Policy & Debt,current US$,2019,8363.2082,8620.6510,-257.4428,-2.99,0,0
98,T2,Latin America & the Caribbean (IDA & IBRD countries),,,NY.GDP.PCAP.CD,GDP per capita (current US$),Economic Policy & Debt,current US$,2020,6965.1505,8363.2082,-1398.0577,-16.72,1,-0.101164
98,T2,Latin America & the Caribbean (IDA & IBRD countries),,,NY.GDP.PCAP.CD,GDP per capita (current US$),Economic Policy & Debt,current US$,2020,6965.1505,8363.2082,-1398.0577,-16.72,1,-0.036187
97,T2,Latin America & the Caribbean (IDA & IBRD countries),,,NY.GDP.PCAP.CD,GDP per capita (current US$),Economic Policy & Debt,current US$,2021,8076.8763,6965.1505,1111.7258,15.96,1,-0.007575
5706,T2,Latin America & the Caribbean (IDA & IBRD countries),,,NY.GDP.PCAP.CD,GDP per capita (current US$),Economic Policy & Debt,current US$,2024,10441.4686,8076.8763,2364.5923,29.28,0,0
5705,T2,Latin America & the Caribbean (IDA & IBRD countries),,,NY.GDP.PCAP.CD,GDP per capita (current US$),Economic Policy & Debt,current US$,2025,10822.5929,10441.4686,381.1243,3.65,1,-0.007846
3242,T2,Latin America & the Caribbean (IDA & IBRD countries),,,SH.H2O.BASW.ZS,People using at least basic drinking water services (% of population),Environment: Water and sanitation,% of population,2018,96.1730,,,,0,0
3241,T2,Latin America & the Caribbean (IDA & IBRD countries),,,SH.H2O.BASW.ZS,People using at least basic drinking water services (% of population),Environment: Water and sanitation,% of population,2019,96.4228,96.1730,0.2498,0.26,0,0
3240,T2,Latin America & the Caribbean (IDA & IBRD countries),,,SH.H2O.BASW.ZS,People using at least basic drinking water services (% of population),Environment: Water and sanitation,% of population,2020,96.7032,96.4228,0.2804,0.29,0,0
3239,T2,Latin America & the Caribbean (IDA & IBRD countries),,,SH.H2O.BASW.ZS,People using at least basic drinking water services (% of population),Environment: Water and sanitation,% of population,2021,96.9913,96.7032,0.2881,0.30,0,0
6883,T2,Latin America & the Caribbean (IDA & IBRD countries),,,SH.H2O.BASW.ZS,People using at least basic drinking water services (% of population),Environment: Water and sanitation,% of population,2024,97.5848,96.9913,0.5935,0.61,0,0
2186,T2,Latin America & the Caribbean (IDA & IBRD countries),,,SP.DYN.LE00.IN,"Life expectancy at birth, total (years)",Health,years,2018,74.9761,,,,0,0
2185,T2,Latin America & the Caribbean (IDA & IBRD countries),,,SP.DYN.LE00.IN,"Life expectancy at birth, total (years)",Health,years,2019,75.1320,74.9761,0.1559,0.21,0,0
2184,T2,Latin America & the Caribbean (IDA & IBRD countries),,,SP.DYN.LE00.IN,"Life expectancy at birth, total (years)",Health,years,2020,73.0747,75.1320,-2.0573,-2.74,0,0
2183,T2,Latin America & the Caribbean (IDA & IBRD countries),,,SP.DYN.LE00.IN,"Life expectancy at birth, total (years)",Health,years,2021,71.7449,73.0747,-1.3298,-1.82,0,0
6634,T2,Latin America & the Caribbean (IDA & IBRD countries),,,SP.DYN.LE00.IN,"Life expectancy at birth, total (years)",Health,years,2024,75.7447,71.7449,3.9998,5.58,0,0
1130,T2,Latin America & the Caribbean (IDA & IBRD countries),,,SP.POP.TOTL,"Population, total",Health: Population,people,2018,620274430.0000,,,,0,0
1129,T2,Latin America & the Caribbean (IDA & IBRD countries),,,SP.POP.TOTL,"Population, total",Health: Population,people,2019,625467307.0000,620274430.0000,5192877.0000,0.84,0,0
1128,T2,Latin America & the Caribbean (IDA & IBRD countries),,,SP.POP.TOTL,"Population, total",Health: Population,people,2020,630051021.0000,625467307.0000,4583714.0000,0.73,0,0
1127,T2,Latin America & the Caribbean (IDA & IBRD countries),,,SP.POP.TOTL,"Population, total",Health: Population,people,2021,633862610.0000,630051021.0000,3811589.0000,0.60,0,0
6161,T2,Latin America & the Caribbean (IDA & IBRD countries),,,SP.POP.TOTL,"Population, total",Health: Population,people,2024,647003746.0000,633862610.0000,13141136.0000,2.07,0,0
6160,T2,Latin America & the Caribbean (IDA & IBRD countries),,,SP.POP.TOTL,"Population, total",Health: Population,people,2025,651467364.0000,647003746.0000,4463618.0000,0.69,0,0
128,T3,"Middle East, North Africa, Afghanistan & Pakistan (IDA & IBRD)",,,NY.GDP.PCAP.CD,GDP per capita (current US$),Economic Policy & Debt,current US$,2018,2810.2494,,,,0,0
127,T3,"Middle East, North Africa, Afghanistan & Pakistan (IDA & IBRD)",,,NY.GDP.PCAP.CD,GDP per capita (current US$),Economic Policy & Debt,current US$,2019,2695.0913,2810.2494,-115.1581,-4.10,0,0
126,T3,"Middle East, North Africa, Afghanistan & Pakistan (IDA & IBRD)",,,NY.GDP.PCAP.CD,GDP per capita (current US$),Economic Policy & Debt,current US$,2020,2409.5473,2695.0913,-285.5440,-10.59,1,-0.078928
126,T3,"Middle East, North Africa, Afghanistan & Pakistan (IDA & IBRD)",,,NY.GDP.PCAP.CD,GDP per capita (current US$),Economic Policy & Debt,current US$,2020,2409.5473,2695.0913,-285.5440,-10.59,1,-0.013951
125,T3,"Middle East, North Africa, Afghanistan & Pakistan (IDA & IBRD)",,,NY.GDP.PCAP.CD,GDP per capita (current US$),Economic Policy & Debt,current US$,2021,2754.0392,2409.5473,344.4919,14.30,0,0
5720,T3,"Middle East, North Africa, Afghanistan & Pakistan (IDA & IBRD)",,,NY.GDP.PCAP.CD,GDP per capita (current US$),Economic Policy & Debt,current US$,2024,2962.6009,2754.0392,208.5617,7.57,0,0
5719,T3,"Middle East, North Africa, Afghanistan & Pakistan (IDA & IBRD)",,,NY.GDP.PCAP.CD,GDP per capita (current US$),Economic Policy & Debt,current US$,2025,2826.6554,2962.6009,-135.9455,-4.59,0,0
3270,T3,"Middle East, North Africa, Afghanistan & Pakistan (IDA & IBRD)",,,SH.H2O.BASW.ZS,People using at least basic drinking water services (% of population),Environment: Water and sanitation,% of population,2018,90.3266,,,,0,0
3269,T3,"Middle East, North Africa, Afghanistan & Pakistan (IDA & IBRD)",,,SH.H2O.BASW.ZS,People using at least basic drinking water services (% of population),Environment: Water and sanitation,% of population,2019,90.7101,90.3266,0.3835,0.42,0,0
3268,T3,"Middle East, North Africa, Afghanistan & Pakistan (IDA & IBRD)",,,SH.H2O.BASW.ZS,People using at least basic drinking water services (% of population),Environment: Water and sanitation,% of population,2020,91.0718,90.7101,0.3617,0.40,0,0
3267,T3,"Middle East, North Africa, Afghanistan & Pakistan (IDA & IBRD)",,,SH.H2O.BASW.ZS,People using at least basic drinking water services (% of population),Environment: Water and sanitation,% of population,2021,91.4070,91.0718,0.3352,0.37,0,0
6890,T3,"Middle East, North Africa, Afghanistan & Pakistan (IDA & IBRD)",,,SH.H2O.BASW.ZS,People using at least basic drinking water services (% of population),Environment: Water and sanitation,% of population,2024,92.2702,91.4070,0.8632,0.94,0,0
2214,T3,"Middle East, North Africa, Afghanistan & Pakistan (IDA & IBRD)",,,SP.DYN.LE00.IN,"Life expectancy at birth, total (years)",Health,years,2018,70.0368,,,,0,0
2213,T3,"Middle East, North Africa, Afghanistan & Pakistan (IDA & IBRD)",,,SP.DYN.LE00.IN,"Life expectancy at birth, total (years)",Health,years,2019,70.3801,70.0368,0.3433,0.49,0,0
2212,T3,"Middle East, North Africa, Afghanistan & Pakistan (IDA & IBRD)",,,SP.DYN.LE00.IN,"Life expectancy at birth, total (years)",Health,years,2020,69.0091,70.3801,-1.3710,-1.95,0,0
2211,T3,"Middle East, North Africa, Afghanistan & Pakistan (IDA & IBRD)",,,SP.DYN.LE00.IN,"Life expectancy at birth, total (years)",Health,years,2021,68.8931,69.0091,-0.1160,-0.17,0,0
6641,T3,"Middle East, North Africa, Afghanistan & Pakistan (IDA & IBRD)",,,SP.DYN.LE00.IN,"Life expectancy at birth, total (years)",Health,years,2024,71.5035,68.8931,2.6104,3.79,0,0
1158,T3,"Middle East, North Africa, Afghanistan & Pakistan (IDA & IBRD)",,,SP.POP.TOTL,"Population, total",Health: Population,people,2018,663878345.0000,,,,0,0
1157,T3,"Middle East, North Africa, Afghanistan & Pakistan (IDA & IBRD)",,,SP.POP.TOTL,"Population, total",Health: Population,people,2019,675805691.0000,663878345.0000,11927346.0000,1.80,0,0
1156,T3,"Middle East, North Africa, Afghanistan & Pakistan (IDA & IBRD)",,,SP.POP.TOTL,"Population, total",Health: Population,people,2020,687728758.0000,675805691.0000,11923067.0000,1.76,0,0
1155,T3,"Middle East, North Africa, Afghanistan & Pakistan (IDA & IBRD)",,,SP.POP.TOTL,"Population, total",Health: Population,people,2021,699536053.0000,687728758.0000,11807295.0000,1.72,0,0
6175,T3,"Middle East, North Africa, Afghanistan & Pakistan (IDA & IBRD)",,,SP.POP.TOTL,"Population, total",Health: Population,people,2024,736401764.0000,699536053.0000,36865711.0000,5.27,0,0
6174,T3,"Middle East, North Africa, Afghanistan & Pakistan (IDA & IBRD)",,,SP.POP.TOTL,"Population, total",Health: Population,people,2025,748489811.0000,736401764.0000,12088047.0000,1.64,0,0
36,T4,East Asia & Pacific (IDA & IBRD countries),,,NY.GDP.PCAP.CD,GDP per capita (current US$),Economic Policy & Debt,current US$,2018,8136.4293,,,,0,0
35,T4,East Asia & Pacific (IDA & IBRD countries),,,NY.GDP.PCAP.CD,GDP per capita (current US$),Economic Policy & Debt,current US$,2019,8379.4250,8136.4293,242.9957,2.99,0,0
34,T4,East Asia & Pacific (IDA & IBRD countries),,,NY.GDP.PCAP.CD,GDP per capita (current US$),Economic Policy & Debt,current US$,2020,8485.2895,8379.4250,105.8645,1.26,0,0
33,T4,East Asia & Pacific (IDA & IBRD countries),,,NY.GDP.PCAP.CD,GDP per capita (current US$),Economic Policy & Debt,current US$,2021,10086.4083,8485.2895,1601.1188,18.87,1,-0.033923
5674,T4,East Asia & Pacific (IDA & IBRD countries),,,NY.GDP.PCAP.CD,GDP per capita (current US$),Economic Policy & Debt,current US$,2024,10508.2462,10086.4083,421.8379,4.18,0,0
5673,T4,East Asia & Pacific (IDA & IBRD countries),,,NY.GDP.PCAP.CD,GDP per capita (current US$),Economic Policy & Debt,current US$,2025,10965.8266,10508.2462,457.5804,4.35,0,0
3178,T4,East Asia & Pacific (IDA & IBRD countries),,,SH.H2O.BASW.ZS,People using at least basic drinking water services (% of population),Environment: Water and sanitation,% of population,2018,92.0996,,,,0,0
3177,T4,East Asia & Pacific (IDA & IBRD countries),,,SH.H2O.BASW.ZS,People using at least basic drinking water services (% of population),Environment: Water and sanitation,% of population,2019,92.5895,92.0996,0.4899,0.53,0,0
3176,T4,East Asia & Pacific (IDA & IBRD countries),,,SH.H2O.BASW.ZS,People using at least basic drinking water services (% of population),Environment: Water and sanitation,% of population,2020,93.0499,92.5895,0.4604,0.50,0,0
3175,T4,East Asia & Pacific (IDA & IBRD countries),,,SH.H2O.BASW.ZS,People using at least basic drinking water services (% of population),Environment: Water and sanitation,% of population,2021,93.6653,93.0499,0.6154,0.66,0,0
6867,T4,East Asia & Pacific (IDA & IBRD countries),,,SH.H2O.BASW.ZS,People using at least basic drinking water services (% of population),Environment: Water and sanitation,% of population,2024,94.8131,93.6653,1.1478,1.23,0,0
2122,T4,East Asia & Pacific (IDA & IBRD countries),,,SP.DYN.LE00.IN,"Life expectancy at birth, total (years)",Health,years,2018,75.6101,,,,0,0
2121,T4,East Asia & Pacific (IDA & IBRD countries),,,SP.DYN.LE00.IN,"Life expectancy at birth, total (years)",Health,years,2019,75.8043,75.6101,0.1942,0.26,0,0
2120,T4,East Asia & Pacific (IDA & IBRD countries),,,SP.DYN.LE00.IN,"Life expectancy at birth, total (years)",Health,years,2020,75.7338,75.8043,-0.0705,-0.09,0,0
2119,T4,East Asia & Pacific (IDA & IBRD countries),,,SP.DYN.LE00.IN,"Life expectancy at birth, total (years)",Health,years,2021,75.3010,75.7338,-0.4328,-0.57,0,0
6618,T4,East Asia & Pacific (IDA & IBRD countries),,,SP.DYN.LE00.IN,"Life expectancy at birth, total (years)",Health,years,2024,75.9870,75.3010,0.6860,0.91,0,0
1066,T4,East Asia & Pacific (IDA & IBRD countries),,,SP.POP.TOTL,"Population, total",Health: Population,people,2018,2074796982.0000,,,,0,0
1065,T4,East Asia & Pacific (IDA & IBRD countries),,,SP.POP.TOTL,"Population, total",Health: Population,people,2019,2086281644.0000,2074796982.0000,11484662.0000,0.55,0,0
1064,T4,East Asia & Pacific (IDA & IBRD countries),,,SP.POP.TOTL,"Population, total",Health: Population,people,2020,2095759417.0000,2086281644.0000,9477773.0000,0.45,0,0
1063,T4,East Asia & Pacific (IDA & IBRD countries),,,SP.POP.TOTL,"Population, total",Health: Population,people,2021,2102350702.0000,2095759417.0000,6591285.0000,0.31,0,0
6129,T4,East Asia & Pacific (IDA & IBRD countries),,,SP.POP.TOTL,"Population, total",Health: Population,people,2024,2114653077.0000,2102350702.0000,12302375.0000,0.59,0,0
6128,T4,East Asia & Pacific (IDA & IBRD countries),,,SP.POP.TOTL,"Population, total",Health: Population,people,2025,2117367063.0000,2114653077.0000,2713986.0000,0.13,0,0
168,T5,South Asia (IDA & IBRD),,,NY.GDP.PCAP.CD,GDP per capita (current US$),Economic Policy & Debt,current US$,2018,1988.3663,,,,0,0
167,T5,South Asia (IDA & IBRD),,,NY.GDP.PCAP.CD,GDP per capita (current US$),Economic Policy & Debt,current US$,2019,2067.0598,1988.3663,78.6935,3.96,0,0
166,T5,South Asia (IDA & IBRD),,,NY.GDP.PCAP.CD,GDP per capita (current US$),Economic Policy & Debt,current US$,2020,1957.2034,2067.0598,-109.8564,-5.31,0,0
165,T5,South Asia (IDA & IBRD),,,NY.GDP.PCAP.CD,GDP per capita (current US$),Economic Policy & Debt,current US$,2021,2273.7206,1957.2034,316.5172,16.17,0,0
5740,T5,South Asia (IDA & IBRD),,,NY.GDP.PCAP.CD,GDP per capita (current US$),Economic Policy & Debt,current US$,2024,2601.8221,2273.7206,328.1015,14.43,0,0
5739,T5,South Asia (IDA & IBRD),,,NY.GDP.PCAP.CD,GDP per capita (current US$),Economic Policy & Debt,current US$,2025,2705.2823,2601.8221,103.4602,3.98,1,-0.001882
3310,T5,South Asia (IDA & IBRD),,,SH.H2O.BASW.ZS,People using at least basic drinking water services (% of population),Environment: Water and sanitation,% of population,2018,92.3375,,,,0,0
3309,T5,South Asia (IDA & IBRD),,,SH.H2O.BASW.ZS,People using at least basic drinking water services (% of population),Environment: Water and sanitation,% of population,2019,92.9472,92.3375,0.6097,0.66,0,0
3308,T5,South Asia (IDA & IBRD),,,SH.H2O.BASW.ZS,People using at least basic drinking water services (% of population),Environment: Water and sanitation,% of population,2020,93.5537,92.9472,0.6065,0.65,0,0
3307,T5,South Asia (IDA & IBRD),,,SH.H2O.BASW.ZS,People using at least basic drinking water services (% of population),Environment: Water and sanitation,% of population,2021,94.1572,93.5537,0.6035,0.65,0,0
6900,T5,South Asia (IDA & IBRD),,,SH.H2O.BASW.ZS,People using at least basic drinking water services (% of population),Environment: Water and sanitation,% of population,2024,95.9354,94.1572,1.7782,1.89,0,0
2254,T5,South Asia (IDA & IBRD),,,SP.DYN.LE00.IN,"Life expectancy at birth, total (years)",Health,years,2018,70.6524,,,,0,0
2253,T5,South Asia (IDA & IBRD),,,SP.DYN.LE00.IN,"Life expectancy at birth, total (years)",Health,years,2019,70.9976,70.6524,0.3452,0.49,0,0
2252,T5,South Asia (IDA & IBRD),,,SP.DYN.LE00.IN,"Life expectancy at birth, total (years)",Health,years,2020,70.3622,70.9976,-0.6354,-0.89,0,0
2251,T5,South Asia (IDA & IBRD),,,SP.DYN.LE00.IN,"Life expectancy at birth, total (years)",Health,years,2021,67.8215,70.3622,-2.5407,-3.61,0,0
6651,T5,South Asia (IDA & IBRD),,,SP.DYN.LE00.IN,"Life expectancy at birth, total (years)",Health,years,2024,72.5600,67.8215,4.7385,6.99,0,0
1198,T5,South Asia (IDA & IBRD),,,SP.POP.TOTL,"Population, total",Health: Population,people,2018,1589164714.0000,,,,0,0
1197,T5,South Asia (IDA & IBRD),,,SP.POP.TOTL,"Population, total",Health: Population,people,2019,1605412986.0000,1589164714.0000,16248272.0000,1.02,0,0
1196,T5,South Asia (IDA & IBRD),,,SP.POP.TOTL,"Population, total",Health: Population,people,2020,1621073417.0000,1605412986.0000,15660431.0000,0.98,0,0
1195,T5,South Asia (IDA & IBRD),,,SP.POP.TOTL,"Population, total",Health: Population,people,2021,1634785356.0000,1621073417.0000,13711939.0000,0.85,0,0
6195,T5,South Asia (IDA & IBRD),,,SP.POP.TOTL,"Population, total",Health: Population,people,2024,1677384532.0000,1634785356.0000,42599176.0000,2.61,0,0
6194,T5,South Asia (IDA & IBRD),,,SP.POP.TOTL,"Population, total",Health: Population,people,2025,1692252900.0000,1677384532.0000,14868368.0000,0.89,0,0
180,T6,Sub-Saharan Africa (IDA & IBRD countries),,,NY.GDP.PCAP.CD,GDP per capita (current US$),Economic Policy & Debt,current US$,2018,1622.5958,,,,0,0
179,T6,Sub-Saharan Africa (IDA & IBRD countries),,,NY.GDP.PCAP.CD,GDP per capita (current US$),Economic Policy & Debt,current US$,2019,1797.0412,1622.5958,174.4454,10.75,1,-0.015014
178,T6,Sub-Saharan Africa (IDA & IBRD countries),,,NY.GDP.PCAP.CD,GDP per capita (current US$),Economic Policy & Debt,current US$,2020,1628.4387,1797.0412,-168.6025,-9.38,0,0
177,T6,Sub-Saharan Africa (IDA & IBRD countries),,,NY.GDP.PCAP.CD,GDP per capita (current US$),Economic Policy & Debt,current US$,2021,1785.9812,1628.4387,157.5425,9.67,0,0
5746,T6,Sub-Saharan Africa (IDA & IBRD countries),,,NY.GDP.PCAP.CD,GDP per capita (current US$),Economic Policy & Debt,current US$,2024,1542.6584,1785.9812,-243.3228,-13.62,0,0
5745,T6,Sub-Saharan Africa (IDA & IBRD countries),,,NY.GDP.PCAP.CD,GDP per capita (current US$),Economic Policy & Debt,current US$,2025,1673.0708,1542.6584,130.4124,8.45,0,0
3322,T6,Sub-Saharan Africa (IDA & IBRD countries),,,SH.H2O.BASW.ZS,People using at least basic drinking water services (% of population),Environment: Water and sanitation,% of population,2018,62.0809,,,,0,0
3321,T6,Sub-Saharan Africa (IDA & IBRD countries),,,SH.H2O.BASW.ZS,People using at least basic drinking water services (% of population),Environment: Water and sanitation,% of population,2019,63.0067,62.0809,0.9258,1.49,0,0
3320,T6,Sub-Saharan Africa (IDA & IBRD countries),,,SH.H2O.BASW.ZS,People using at least basic drinking water services (% of population),Environment: Water and sanitation,% of population,2020,63.9260,63.0067,0.9193,1.46,0,0
3319,T6,Sub-Saharan Africa (IDA & IBRD countries),,,SH.H2O.BASW.ZS,People using at least basic drinking water services (% of population),Environment: Water and sanitation,% of population,2021,64.8447,63.9260,0.9187,1.44,0,0
6903,T6,Sub-Saharan Africa (IDA & IBRD countries),,,SH.H2O.BASW.ZS,People using at least basic drinking water services (% of population),Environment: Water and sanitation,% of population,2024,67.5358,64.8447,2.6911,4.15,0,0
2266,T6,Sub-Saharan Africa (IDA & IBRD countries),,,SP.DYN.LE00.IN,"Life expectancy at birth, total (years)",Health,years,2018,60.7669,,,,0,0
2265,T6,Sub-Saharan Africa (IDA & IBRD countries),,,SP.DYN.LE00.IN,"Life expectancy at birth, total (years)",Health,years,2019,61.1294,60.7669,0.3625,0.60,0,0
2264,T6,Sub-Saharan Africa (IDA & IBRD countries),,,SP.DYN.LE00.IN,"Life expectancy at birth, total (years)",Health,years,2020,61.1677,61.1294,0.0383,0.06,0,0
2263,T6,Sub-Saharan Africa (IDA & IBRD countries),,,SP.DYN.LE00.IN,"Life expectancy at birth, total (years)",Health,years,2021,60.7030,61.1677,-0.4647,-0.76,0,0
6654,T6,Sub-Saharan Africa (IDA & IBRD countries),,,SP.DYN.LE00.IN,"Life expectancy at birth, total (years)",Health,years,2024,62.8037,60.7030,2.1007,3.46,1,-0.002535
1210,T6,Sub-Saharan Africa (IDA & IBRD countries),,,SP.POP.TOTL,"Population, total",Health: Population,people,2018,1109196428.0000,,,,0,0
1209,T6,Sub-Saharan Africa (IDA & IBRD countries),,,SP.POP.TOTL,"Population, total",Health: Population,people,2019,1138472475.0000,1109196428.0000,29276047.0000,2.64,0,0
1208,T6,Sub-Saharan Africa (IDA & IBRD countries),,,SP.POP.TOTL,"Population, total",Health: Population,people,2020,1168133785.0000,1138472475.0000,29661310.0000,2.61,0,0
1207,T6,Sub-Saharan Africa (IDA & IBRD countries),,,SP.POP.TOTL,"Population, total",Health: Population,people,2021,1198069722.0000,1168133785.0000,29935937.0000,2.56,0,0
6201,T6,Sub-Saharan Africa (IDA & IBRD countries),,,SP.POP.TOTL,"Population, total",Health: Population,people,2024,1289936286.0000,1198069722.0000,91866564.0000,7.67,0,0
6200,T6,Sub-Saharan Africa (IDA & IBRD countries),,,SP.POP.TOTL,"Population, total",Health: Population,people,2025,1321654217.0000,1289936286.0000,31717931.0000,2.46,0,0
52,T7,Europe & Central Asia (IDA & IBRD countries),,,NY.GDP.PCAP.CD,GDP per capita (current US$),Economic Policy & Debt,current US$,2018,8885.5635,,,,0,0
51,T7,Europe & Central Asia (IDA & IBRD countries),,,NY.GDP.PCAP.CD,GDP per capita (current US$),Economic Policy & Debt,current US$,2019,9040.9267,8885.5635,155.3632,1.75,0,0
50,T7,Europe & Central Asia (IDA & IBRD countries),,,NY.GDP.PCAP.CD,GDP per capita (current US$),Economic Policy & Debt,current US$,2020,8455.7845,9040.9267,-585.1422,-6.47,1,-0.013260
49,T7,Europe & Central Asia (IDA & IBRD countries),,,NY.GDP.PCAP.CD,GDP per capita (current US$),Economic Policy & Debt,current US$,2021,9992.0052,8455.7845,1536.2207,18.17,1,-0.027684
5682,T7,Europe & Central Asia (IDA & IBRD countries),,,NY.GDP.PCAP.CD,GDP per capita (current US$),Economic Policy & Debt,current US$,2024,13364.4487,9992.0052,3372.4435,33.75,0,0
5681,T7,Europe & Central Asia (IDA & IBRD countries),,,NY.GDP.PCAP.CD,GDP per capita (current US$),Economic Policy & Debt,current US$,2025,15300.0702,13364.4487,1935.6215,14.48,1,-0.142402
5681,T7,Europe & Central Asia (IDA & IBRD countries),,,NY.GDP.PCAP.CD,GDP per capita (current US$),Economic Policy & Debt,current US$,2025,15300.0702,13364.4487,1935.6215,14.48,1,-0.077425
3194,T7,Europe & Central Asia (IDA & IBRD countries),,,SH.H2O.BASW.ZS,People using at least basic drinking water services (% of population),Environment: Water and sanitation,% of population,2018,95.5648,,,,0,0
3193,T7,Europe & Central Asia (IDA & IBRD countries),,,SH.H2O.BASW.ZS,People using at least basic drinking water services (% of population),Environment: Water and sanitation,% of population,2019,95.6783,95.5648,0.1135,0.12,0,0
3192,T7,Europe & Central Asia (IDA & IBRD countries),,,SH.H2O.BASW.ZS,People using at least basic drinking water services (% of population),Environment: Water and sanitation,% of population,2020,95.7839,95.6783,0.1056,0.11,0,0
3191,T7,Europe & Central Asia (IDA & IBRD countries),,,SH.H2O.BASW.ZS,People using at least basic drinking water services (% of population),Environment: Water and sanitation,% of population,2021,95.8677,95.7839,0.0838,0.09,0,0
6871,T7,Europe & Central Asia (IDA & IBRD countries),,,SH.H2O.BASW.ZS,People using at least basic drinking water services (% of population),Environment: Water and sanitation,% of population,2024,96.0569,95.8677,0.1892,0.20,0,0
2138,T7,Europe & Central Asia (IDA & IBRD countries),,,SP.DYN.LE00.IN,"Life expectancy at birth, total (years)",Health,years,2018,74.2977,,,,0,0
2137,T7,Europe & Central Asia (IDA & IBRD countries),,,SP.DYN.LE00.IN,"Life expectancy at birth, total (years)",Health,years,2019,74.5909,74.2977,0.2932,0.39,0,0
2136,T7,Europe & Central Asia (IDA & IBRD countries),,,SP.DYN.LE00.IN,"Life expectancy at birth, total (years)",Health,years,2020,73.1493,74.5909,-1.4416,-1.93,0,0
2135,T7,Europe & Central Asia (IDA & IBRD countries),,,SP.DYN.LE00.IN,"Life expectancy at birth, total (years)",Health,years,2021,72.1506,73.1493,-0.9987,-1.37,0,0
6622,T7,Europe & Central Asia (IDA & IBRD countries),,,SP.DYN.LE00.IN,"Life expectancy at birth, total (years)",Health,years,2024,74.9655,72.1506,2.8149,3.90,0,0
1082,T7,Europe & Central Asia (IDA & IBRD countries),,,SP.POP.TOTL,"Population, total",Health: Population,people,2018,459946883.0000,,,,0,0
1081,T7,Europe & Central Asia (IDA & IBRD countries),,,SP.POP.TOTL,"Population, total",Health: Population,people,2019,461933206.0000,459946883.0000,1986323.0000,0.43,0,0
1080,T7,Europe & Central Asia (IDA & IBRD countries),,,SP.POP.TOTL,"Population, total",Health: Population,people,2020,462842288.0000,461933206.0000,909082.0000,0.20,0,0
1079,T7,Europe & Central Asia (IDA & IBRD countries),,,SP.POP.TOTL,"Population, total",Health: Population,people,2021,463104389.0000,462842288.0000,262101.0000,0.06,0,0
6137,T7,Europe & Central Asia (IDA & IBRD countries),,,SP.POP.TOTL,"Population, total",Health: Population,people,2024,459982788.0000,463104389.0000,-3121601.0000,-0.67,0,0
6136,T7,Europe & Central Asia (IDA & IBRD countries),,,SP.POP.TOTL,"Population, total",Health: Population,people,2025,462559433.0000,459982788.0000,2576645.0000,0.56,0,0
969,TC,Turks and Caicos Islands,,,NY.GDP.PCAP.CD,GDP per capita (current US$),Economic Policy & Debt,current US$,2018,31625.6166,,,,0,0
968,TC,Turks and Caicos Islands,,,NY.GDP.PCAP.CD,GDP per capita (current US$),Economic Policy & Debt,current US$,2019,31780.5217,31625.6166,154.9051,0.49,0,0
967,TC,Turks and Caicos Islands,,,NY.GDP.PCAP.CD,GDP per capita (current US$),Economic Policy & Debt,current US$,2020,20690.9161,31780.5217,-11089.6056,-34.89,1,-0.162107
967,TC,Turks and Caicos Islands,,,NY.GDP.PCAP.CD,GDP per capita (current US$),Economic Policy & Debt,current US$,2020,20690.9161,31780.5217,-11089.6056,-34.89,1,-0.097129
966,TC,Turks and Caicos Islands,,,NY.GDP.PCAP.CD,GDP per capita (current US$),Economic Policy & Debt,current US$,2021,27329.2885,20690.9161,6638.3724,32.08,1,-0.088892
966,TC,Turks and Caicos Islands,,,NY.GDP.PCAP.CD,GDP per capita (current US$),Economic Policy & Debt,current US$,2021,27329.2885,20690.9161,6638.3724,32.08,1,-0.023915
6109,TC,Turks and Caicos Islands,,,NY.GDP.PCAP.CD,GDP per capita (current US$),Economic Policy & Debt,current US$,2024,37506.7798,27329.2885,10177.4913,37.24,1,-0.028078
4088,TC,Turks and Caicos Islands,,,SH.H2O.BASW.ZS,People using at least basic drinking water services (% of population),Environment: Water and sanitation,% of population,2018,98.7327,,,,0,0
4087,TC,Turks and Caicos Islands,,,SH.H2O.BASW.ZS,People using at least basic drinking water services (% of population),Environment: Water and sanitation,% of population,2019,98.7523,98.7327,0.0196,0.02,0,0
4086,TC,Turks and Caicos Islands,,,SH.H2O.BASW.ZS,People using at least basic drinking water services (% of population),Environment: Water and sanitation,% of population,2020,98.7706,98.7523,0.0183,0.02,0,0
4085,TC,Turks and Caicos Islands,,,SH.H2O.BASW.ZS,People using at least basic drinking water services (% of population),Environment: Water and sanitation,% of population,2021,98.7877,98.7706,0.0171,0.02,0,0
7091,TC,Turks and Caicos Islands,,,SH.H2O.BASW.ZS,People using at least basic drinking water services (% of population),Environment: Water and sanitation,% of population,2024,98.8323,98.7877,0.0446,0.05,0,0
3078,TC,Turks and Caicos Islands,,,SP.DYN.LE00.IN,"Life expectancy at birth, total (years)",Health,years,2018,77.5960,,,,0,0
3077,TC,Turks and Caicos Islands,,,SP.DYN.LE00.IN,"Life expectancy at birth, total (years)",Health,years,2019,77.6910,77.5960,0.0950,0.12,0,0
3076,TC,Turks and Caicos Islands,,,SP.DYN.LE00.IN,"Life expectancy at birth, total (years)",Health,years,2020,77.4990,77.6910,-0.1920,-0.25,0,0
3075,TC,Turks and Caicos Islands,,,SP.DYN.LE00.IN,"Life expectancy at birth, total (years)",Health,years,2021,77.2340,77.4990,-0.2650,-0.34,0,0
6857,TC,Turks and Caicos Islands,,,SP.DYN.LE00.IN,"Life expectancy at birth, total (years)",Health,years,2024,78.1810,77.2340,0.9470,1.23,0,0
2022,TC,Turks and Caicos Islands,,,SP.POP.TOTL,"Population, total",Health: Population,people,2018,41559.0000,,,,0,0
2021,TC,Turks and Caicos Islands,,,SP.POP.TOTL,"Population, total",Health: Population,people,2019,43166.0000,41559.0000,1607.0000,3.87,0,0
2020,TC,Turks and Caicos Islands,,,SP.POP.TOTL,"Population, total",Health: Population,people,2020,44386.0000,43166.0000,1220.0000,2.83,0,0
2019,TC,Turks and Caicos Islands,,,SP.POP.TOTL,"Population, total",Health: Population,people,2021,45243.0000,44386.0000,857.0000,1.93,0,0
6607,TC,Turks and Caicos Islands,,,SP.POP.TOTL,"Population, total",Health: Population,people,2024,46535.0000,45243.0000,1292.0000,2.86,0,0
6606,TC,Turks and Caicos Islands,,,SP.POP.TOTL,"Population, total",Health: Population,people,2025,46855.0000,46535.0000,320.0000,0.69,0,0
340,TD,Chad,,,NY.GDP.PCAP.CD,GDP per capita (current US$),Economic Policy & Debt,current US$,2018,948.6566,,,,0,0
339,TD,Chad,,,NY.GDP.PCAP.CD,GDP per capita (current US$),Economic Policy & Debt,current US$,2019,893.3364,948.6566,-55.3202,-5.83,0,0
338,TD,Chad,,,NY.GDP.PCAP.CD,GDP per capita (current US$),Economic Policy & Debt,current US$,2020,866.9478,893.3364,-26.3886,-2.95,0,0
337,TD,Chad,,,NY.GDP.PCAP.CD,GDP per capita (current US$),Economic Policy & Debt,current US$,2021,946.3585,866.9478,79.4107,9.16,0,0
5819,TD,Chad,,,NY.GDP.PCAP.CD,GDP per capita (current US$),Economic Policy & Debt,current US$,2024,980.6683,946.3585,34.3098,3.63,0,0
5818,TD,Chad,,,NY.GDP.PCAP.CD,GDP per capita (current US$),Economic Policy & Debt,current US$,2025,1022.3356,980.6683,41.6673,4.25,0,0
3476,TD,Chad,,,SH.H2O.BASW.ZS,People using at least basic drinking water services (% of population),Environment: Water and sanitation,% of population,2018,49.8080,,,,0,0
3475,TD,Chad,,,SH.H2O.BASW.ZS,People using at least basic drinking water services (% of population),Environment: Water and sanitation,% of population,2019,50.4981,49.8080,0.6901,1.39,0,0
3474,TD,Chad,,,SH.H2O.BASW.ZS,People using at least basic drinking water services (% of population),Environment: Water and sanitation,% of population,2020,51.1954,50.4981,0.6973,1.38,0,0
3473,TD,Chad,,,SH.H2O.BASW.ZS,People using at least basic drinking water services (% of population),Environment: Water and sanitation,% of population,2021,51.8991,51.1954,0.7037,1.37,1,-0.012680
6941,TD,Chad,,,SH.H2O.BASW.ZS,People using at least basic drinking water services (% of population),Environment: Water and sanitation,% of population,2024,52.2091,51.8991,0.3100,0.60,1,-0.003493
2430,TD,Chad,,,SP.DYN.LE00.IN,"Life expectancy at birth, total (years)",Health,years,2018,52.4470,,,,0,0
2429,TD,Chad,,,SP.DYN.LE00.IN,"Life expectancy at birth, total (years)",Health,years,2019,52.9930,52.4470,0.5460,1.04,0,0
2428,TD,Chad,,,SP.DYN.LE00.IN,"Life expectancy at birth, total (years)",Health,years,2020,53.0820,52.9930,0.0890,0.17,0,0
2427,TD,Chad,,,SP.DYN.LE00.IN,"Life expectancy at birth, total (years)",Health,years,2021,53.1360,53.0820,0.0540,0.10,0,0
6695,TD,Chad,,,SP.DYN.LE00.IN,"Life expectancy at birth, total (years)",Health,years,2024,55.2380,53.1360,2.1020,3.96,1,-0.051336
1374,TD,Chad,,,SP.POP.TOTL,"Population, total",Health: Population,people,2018,16156531.0000,,,,0,0
1373,TD,Chad,,,SP.POP.TOTL,"Population, total",Health: Population,people,2019,16685223.0000,16156531.0000,528692.0000,3.27,0,0
1372,TD,Chad,,,SP.POP.TOTL,"Population, total",Health: Population,people,2020,17224679.0000,16685223.0000,539456.0000,3.23,0,0
1371,TD,Chad,,,SP.POP.TOTL,"Population, total",Health: Population,people,2021,17828273.0000,17224679.0000,603594.0000,3.50,0,0
6283,TD,Chad,,,SP.POP.TOTL,"Population, total",Health: Population,people,2024,20299123.0000,17828273.0000,2470850.0000,13.86,0,0
6282,TD,Chad,,,SP.POP.TOTL,"Population, total",Health: Population,people,2025,21003705.0000,20299123.0000,704582.0000,3.47,0,0
945,TG,Togo,,,NY.GDP.PCAP.CD,GDP per capita (current US$),Economic Policy & Debt,current US$,2018,942.4808,,,,0,0
944,TG,Togo,,,NY.GDP.PCAP.CD,GDP per capita (current US$),Economic Policy & Debt,current US$,2019,917.7180,942.4808,-24.7628,-2.63,0,0
943,TG,Togo,,,NY.GDP.PCAP.CD,GDP per capita (current US$),Economic Policy & Debt,current US$,2020,961.2198,917.7180,43.5018,4.74,0,0
942,TG,Togo,,,NY.GDP.PCAP.CD,GDP per capita (current US$),Economic Policy & Debt,current US$,2021,1076.2952,961.2198,115.0754,11.97,0,0
6098,TG,Togo,,,NY.GDP.PCAP.CD,GDP per capita (current US$),Economic Policy & Debt,current US$,2024,1266.0878,1076.2952,189.7926,17.63,0,0
6097,TG,Togo,,,NY.GDP.PCAP.CD,GDP per capita (current US$),Economic Policy & Debt,current US$,2025,1383.8997,1266.0878,117.8119,9.31,1,-0.069491
6097,TG,Togo,,,NY.GDP.PCAP.CD,GDP per capita (current US$),Economic Policy & Debt,current US$,2025,1383.8997,1266.0878,117.8119,9.31,1,-0.004514
4064,TG,Togo,,,SH.H2O.BASW.ZS,People using at least basic drinking water services (% of population),Environment: Water and sanitation,% of population,2018,61.1106,,,,0,0
4063,TG,Togo,,,SH.H2O.BASW.ZS,People using at least basic drinking water services (% of population),Environment: Water and sanitation,% of population,2019,61.5764,61.1106,0.4658,0.76,0,0
4062,TG,Togo,,,SH.H2O.BASW.ZS,People using at least basic drinking water services (% of population),Environment: Water and sanitation,% of population,2020,62.0075,61.5764,0.4311,0.70,0,0
4061,TG,Togo,,,SH.H2O.BASW.ZS,People using at least basic drinking water services (% of population),Environment: Water and sanitation,% of population,2021,62.4040,62.0075,0.3965,0.64,0,0
7085,TG,Togo,,,SH.H2O.BASW.ZS,People using at least basic drinking water services (% of population),Environment: Water and sanitation,% of population,2024,64.7862,62.4040,2.3822,3.82,1,-0.016649
3054,TG,Togo,,,SP.DYN.LE00.IN,"Life expectancy at birth, total (years)",Health,years,2018,60.6080,,,,0,0
3053,TG,Togo,,,SP.DYN.LE00.IN,"Life expectancy at birth, total (years)",Health,years,2019,61.0610,60.6080,0.4530,0.75,0,0
3052,TG,Togo,,,SP.DYN.LE00.IN,"Life expectancy at birth, total (years)",Health,years,2020,61.1400,61.0610,0.0790,0.13,0,0
3051,TG,Togo,,,SP.DYN.LE00.IN,"Life expectancy at birth, total (years)",Health,years,2021,61.3370,61.1400,0.1970,0.32,0,0
6851,TG,Togo,,,SP.DYN.LE00.IN,"Life expectancy at birth, total (years)",Health,years,2024,62.9350,61.3370,1.5980,2.61,0,0
1998,TG,Togo,,,SP.POP.TOTL,"Population, total",Health: Population,people,2018,7458206.0000,,,,0,0
1997,TG,Togo,,,SP.POP.TOTL,"Population, total",Health: Population,people,2019,7619925.0000,7458206.0000,161719.0000,2.17,0,0
1996,TG,Togo,,,SP.POP.TOTL,"Population, total",Health: Population,people,2020,7788054.0000,7619925.0000,168129.0000,2.21,0,0
1995,TG,Togo,,,SP.POP.TOTL,"Population, total",Health: Population,people,2021,7936176.0000,7788054.0000,148122.0000,1.90,0,0
6595,TG,Togo,,,SP.POP.TOTL,"Population, total",Health: Population,people,2024,8406558.0000,7936176.0000,470382.0000,5.93,0,0
6594,TG,Togo,,,SP.POP.TOTL,"Population, total",Health: Population,people,2025,8591626.0000,8406558.0000,185068.0000,2.20,0,0
937,TH,Thailand,,,NY.GDP.PCAP.CD,GDP per capita (current US$),Economic Policy & Debt,current US$,2018,7099.7765,,,,0,0
936,TH,Thailand,,,NY.GDP.PCAP.CD,GDP per capita (current US$),Economic Policy & Debt,current US$,2019,7605.6966,7099.7765,505.9201,7.13,0,0
935,TH,Thailand,,,NY.GDP.PCAP.CD,GDP per capita (current US$),Economic Policy & Debt,current US$,2020,6983.0341,7605.6966,-622.6625,-8.19,0,0
934,TH,Thailand,,,NY.GDP.PCAP.CD,GDP per capita (current US$),Economic Policy & Debt,current US$,2021,7055.1876,6983.0341,72.1535,1.03,0,0
6094,TH,Thailand,,,NY.GDP.PCAP.CD,GDP per capita (current US$),Economic Policy & Debt,current US$,2024,7386.6362,7055.1876,331.4486,4.70,0,0
6093,TH,Thailand,,,NY.GDP.PCAP.CD,GDP per capita (current US$),Economic Policy & Debt,current US$,2025,8056.5636,7386.6362,669.9274,9.07,1,-0.019132
4056,TH,Thailand,,,SH.H2O.BASW.ZS,People using at least basic drinking water services (% of population),Environment: Water and sanitation,% of population,2018,99.2453,,,,0,0
4055,TH,Thailand,,,SH.H2O.BASW.ZS,People using at least basic drinking water services (% of population),Environment: Water and sanitation,% of population,2019,99.4288,99.2453,0.1835,0.18,0,0
4054,TH,Thailand,,,SH.H2O.BASW.ZS,People using at least basic drinking water services (% of population),Environment: Water and sanitation,% of population,2020,99.4876,99.4288,0.0588,0.06,0,0
4053,TH,Thailand,,,SH.H2O.BASW.ZS,People using at least basic drinking water services (% of population),Environment: Water and sanitation,% of population,2021,99.9512,99.4876,0.4636,0.47,0,0
7083,TH,Thailand,,,SH.H2O.BASW.ZS,People using at least basic drinking water services (% of population),Environment: Water and sanitation,% of population,2024,100.0000,99.9512,0.0488,0.05,0,0
3046,TH,Thailand,,,SP.DYN.LE00.IN,"Life expectancy at birth, total (years)",Health,years,2018,77.1900,,,,0,0
3045,TH,Thailand,,,SP.DYN.LE00.IN,"Life expectancy at birth, total (years)",Health,years,2019,77.1970,77.1900,0.0070,0.01,0,0
3044,TH,Thailand,,,SP.DYN.LE00.IN,"Life expectancy at birth, total (years)",Health,years,2020,77.3310,77.1970,0.1340,0.17,0,0
3043,TH,Thailand,,,SP.DYN.LE00.IN,"Life expectancy at birth, total (years)",Health,years,2021,77.6060,77.3310,0.2750,0.36,0,0
6849,TH,Thailand,,,SP.DYN.LE00.IN,"Life expectancy at birth, total (years)",Health,years,2024,76.5640,77.6060,-1.0420,-1.34,0,0
1990,TH,Thailand,,,SP.POP.TOTL,"Population, total",Health: Population,people,2018,71376079.0000,,,,0,0
1989,TH,Thailand,,,SP.POP.TOTL,"Population, total",Health: Population,people,2019,71522271.0000,71376079.0000,146192.0000,0.20,0,0
1988,TH,Thailand,,,SP.POP.TOTL,"Population, total",Health: Population,people,2020,71641484.0000,71522271.0000,119213.0000,0.17,0,0
1987,TH,Thailand,,,SP.POP.TOTL,"Population, total",Health: Population,people,2021,71727332.0000,71641484.0000,85848.0000,0.12,0,0
6591,TH,Thailand,,,SP.POP.TOTL,"Population, total",Health: Population,people,2024,71668011.0000,71727332.0000,-59321.0000,-0.08,0,0
6590,TH,Thailand,,,SP.POP.TOTL,"Population, total",Health: Population,people,2025,71619863.0000,71668011.0000,-48148.0000,-0.07,0,0
929,TJ,Tajikistan,,,NY.GDP.PCAP.CD,GDP per capita (current US$),Economic Policy & Debt,current US$,2018,834.2884,,,,0,0
928,TJ,Tajikistan,,,NY.GDP.PCAP.CD,GDP per capita (current US$),Economic Policy & Debt,current US$,2019,871.0224,834.2884,36.7340,4.40,0,0
927,TJ,Tajikistan,,,NY.GDP.PCAP.CD,GDP per capita (current US$),Economic Policy & Debt,current US$,2020,834.3117,871.0224,-36.7107,-4.21,1,-0.005032
926,TJ,Tajikistan,,,NY.GDP.PCAP.CD,GDP per capita (current US$),Economic Policy & Debt,current US$,2021,896.7481,834.3117,62.4364,7.48,0,0
6090,TJ,Tajikistan,,,NY.GDP.PCAP.CD,GDP per capita (current US$),Economic Policy & Debt,current US$,2024,1362.0256,896.7481,465.2775,51.88,1,-0.006461
6089,TJ,Tajikistan,,,NY.GDP.PCAP.CD,GDP per capita (current US$),Economic Policy & Debt,current US$,2025,1637.2543,1362.0256,275.2287,20.21,1,-0.185644
6089,TJ,Tajikistan,,,NY.GDP.PCAP.CD,GDP per capita (current US$),Economic Policy & Debt,current US$,2025,1637.2543,1362.0256,275.2287,20.21,1,-0.120666
4048,TJ,Tajikistan,,,SH.H2O.BASW.ZS,People using at least basic drinking water services (% of population),Environment: Water and sanitation,% of population,2018,83.2428,,,,0,0
4047,TJ,Tajikistan,,,SH.H2O.BASW.ZS,People using at least basic drinking water services (% of population),Environment: Water and sanitation,% of population,2019,84.8621,83.2428,1.6193,1.95,0,0
4046,TJ,Tajikistan,,,SH.H2O.BASW.ZS,People using at least basic drinking water services (% of population),Environment: Water and sanitation,% of population,2020,86.2958,84.8621,1.4337,1.69,0,0
4045,TJ,Tajikistan,,,SH.H2O.BASW.ZS,People using at least basic drinking water services (% of population),Environment: Water and sanitation,% of population,2021,87.7246,86.2958,1.4288,1.66,0,0
7081,TJ,Tajikistan,,,SH.H2O.BASW.ZS,People using at least basic drinking water services (% of population),Environment: Water and sanitation,% of population,2024,89.1915,87.7246,1.4669,1.67,0,0
3038,TJ,Tajikistan,,,SP.DYN.LE00.IN,"Life expectancy at birth, total (years)",Health,years,2018,70.7370,,,,0,0
3037,TJ,Tajikistan,,,SP.DYN.LE00.IN,"Life expectancy at birth, total (years)",Health,years,2019,70.9620,70.7370,0.2250,0.32,0,0
3036,TJ,Tajikistan,,,SP.DYN.LE00.IN,"Life expectancy at birth, total (years)",Health,years,2020,68.6050,70.9620,-2.3570,-3.32,0,0
3035,TJ,Tajikistan,,,SP.DYN.LE00.IN,"Life expectancy at birth, total (years)",Health,years,2021,69.5940,68.6050,0.9890,1.44,0,0
6847,TJ,Tajikistan,,,SP.DYN.LE00.IN,"Life expectancy at birth, total (years)",Health,years,2024,71.9270,69.5940,2.3330,3.35,0,0
1982,TJ,Tajikistan,,,SP.POP.TOTL,"Population, total",Health: Population,people,2018,9307333.0000,,,,0,0
1981,TJ,Tajikistan,,,SP.POP.TOTL,"Population, total",Health: Population,people,2019,9529966.0000,9307333.0000,222633.0000,2.39,0,0
1980,TJ,Tajikistan,,,SP.POP.TOTL,"Population, total",Health: Population,people,2020,9749310.0000,9529966.0000,219344.0000,2.30,0,0
1979,TJ,Tajikistan,,,SP.POP.TOTL,"Population, total",Health: Population,people,2021,9966908.0000,9749310.0000,217598.0000,2.23,0,0
6587,TJ,Tajikistan,,,SP.POP.TOTL,"Population, total",Health: Population,people,2024,10590927.0000,9966908.0000,624019.0000,6.26,0,0
6586,TJ,Tajikistan,,,SP.POP.TOTL,"Population, total",Health: Population,people,2025,10786734.0000,10590927.0000,195807.0000,1.85,0,0
941,TL,Timor-Leste,,,NY.GDP.PCAP.CD,GDP per capita (current US$),Economic Policy & Debt,current US$,2018,1219.4660,,,,0,0
940,TL,Timor-Leste,,,NY.GDP.PCAP.CD,GDP per capita (current US$),Economic Policy & Debt,current US$,2019,1562.3646,1219.4660,342.8986,28.12,1,-0.063584
939,TL,Timor-Leste,,,NY.GDP.PCAP.CD,GDP per capita (current US$),Economic Policy & Debt,current US$,2020,1630.8694,1562.3646,68.5048,4.38,0,0
938,TL,Timor-Leste,,,NY.GDP.PCAP.CD,GDP per capita (current US$),Economic Policy & Debt,current US$,2021,2684.9267,1630.8694,1054.0573,64.63,1,-0.228620
938,TL,Timor-Leste,,,NY.GDP.PCAP.CD,GDP per capita (current US$),Economic Policy & Debt,current US$,2021,2684.9267,1630.8694,1054.0573,64.63,1,-0.163643
6096,TL,Timor-Leste,,,NY.GDP.PCAP.CD,GDP per capita (current US$),Economic Policy & Debt,current US$,2024,1331.9705,2684.9267,-1352.9562,-50.39,0,0
6095,TL,Timor-Leste,,,NY.GDP.PCAP.CD,GDP per capita (current US$),Economic Policy & Debt,current US$,2025,1340.9640,1331.9705,8.9935,0.68,0,0
4060,TL,Timor-Leste,,,SH.H2O.BASW.ZS,People using at least basic drinking water services (% of population),Environment: Water and sanitation,% of population,2018,77.3234,,,,0,0
4059,TL,Timor-Leste,,,SH.H2O.BASW.ZS,People using at least basic drinking water services (% of population),Environment: Water and sanitation,% of population,2019,79.0945,77.3234,1.7711,2.29,0,0
4058,TL,Timor-Leste,,,SH.H2O.BASW.ZS,People using at least basic drinking water services (% of population),Environment: Water and sanitation,% of population,2020,80.8664,79.0945,1.7719,2.24,0,0
4057,TL,Timor-Leste,,,SH.H2O.BASW.ZS,People using at least basic drinking water services (% of population),Environment: Water and sanitation,% of population,2021,82.6386,80.8664,1.7722,2.19,0,0
7084,TL,Timor-Leste,,,SH.H2O.BASW.ZS,People using at least basic drinking water services (% of population),Environment: Water and sanitation,% of population,2024,87.3297,82.6386,4.6911,5.68,0,0
3050,TL,Timor-Leste,,,SP.DYN.LE00.IN,"Life expectancy at birth, total (years)",Health,years,2018,66.2040,,,,0,0
3049,TL,Timor-Leste,,,SP.DYN.LE00.IN,"Life expectancy at birth, total (years)",Health,years,2019,66.4960,66.2040,0.2920,0.44,0,0
3048,TL,Timor-Leste,,,SP.DYN.LE00.IN,"Life expectancy at birth, total (years)",Health,years,2020,66.9190,66.4960,0.4230,0.64,0,0
3047,TL,Timor-Leste,,,SP.DYN.LE00.IN,"Life expectancy at birth, total (years)",Health,years,2021,66.1990,66.9190,-0.7200,-1.08,0,0
6850,TL,Timor-Leste,,,SP.DYN.LE00.IN,"Life expectancy at birth, total (years)",Health,years,2024,67.9040,66.1990,1.7050,2.58,0,0
1994,TL,Timor-Leste,,,SP.POP.TOTL,"Population, total",Health: Population,people,2018,1275959.0000,,,,0,0
1993,TL,Timor-Leste,,,SP.POP.TOTL,"Population, total",Health: Population,people,2019,1300945.0000,1275959.0000,24986.0000,1.96,0,0
1992,TL,Timor-Leste,,,SP.POP.TOTL,"Population, total",Health: Population,people,2020,1326053.0000,1300945.0000,25108.0000,1.93,0,0
1991,TL,Timor-Leste,,,SP.POP.TOTL,"Population, total",Health: Population,people,2021,1350139.0000,1326053.0000,24086.0000,1.82,0,0
6593,TL,Timor-Leste,,,SP.POP.TOTL,"Population, total",Health: Population,people,2024,1400638.0000,1350139.0000,50499.0000,3.74,0,0
6592,TL,Timor-Leste,,,SP.POP.TOTL,"Population, total",Health: Population,people,2025,1418517.0000,1400638.0000,17879.0000,1.28,0,0
965,TM,Turkmenistan,,,NY.GDP.PCAP.CD,GDP per capita (current US$),Economic Policy & Debt,current US$,2018,3911.9856,,,,0,0
964,TM,Turkmenistan,,,NY.GDP.PCAP.CD,GDP per capita (current US$),Economic Policy & Debt,current US$,2019,4365.1153,3911.9856,453.1297,11.58,0,0
963,TM,Turkmenistan,,,NY.GDP.PCAP.CD,GDP per capita (current US$),Economic Policy & Debt,current US$,2020,3935.3775,4365.1153,-429.7378,-9.84,1,-0.019943
962,TM,Turkmenistan,,,NY.GDP.PCAP.CD,GDP per capita (current US$),Economic Policy & Debt,current US$,2021,3713.2011,3935.3775,-222.1764,-5.65,1,-0.006175
6108,TM,Turkmenistan,,,NY.GDP.PCAP.CD,GDP per capita (current US$),Economic Policy & Debt,current US$,2024,5904.2577,3713.2011,2191.0566,59.01,0,0
6107,TM,Turkmenistan,,,NY.GDP.PCAP.CD,GDP per capita (current US$),Economic Policy & Debt,current US$,2025,6540.1788,5904.2577,635.9211,10.77,1,-0.108311
6107,TM,Turkmenistan,,,NY.GDP.PCAP.CD,GDP per capita (current US$),Economic Policy & Debt,current US$,2025,6540.1788,5904.2577,635.9211,10.77,1,-0.043334
4084,TM,Turkmenistan,,,SH.H2O.BASW.ZS,People using at least basic drinking water services (% of population),Environment: Water and sanitation,% of population,2018,98.3109,,,,0,0
4083,TM,Turkmenistan,,,SH.H2O.BASW.ZS,People using at least basic drinking water services (% of population),Environment: Water and sanitation,% of population,2019,98.9744,98.3109,0.6635,0.67,0,0
4082,TM,Turkmenistan,,,SH.H2O.BASW.ZS,People using at least basic drinking water services (% of population),Environment: Water and sanitation,% of population,2020,99.3967,98.9744,0.4223,0.43,0,0
4081,TM,Turkmenistan,,,SH.H2O.BASW.ZS,People using at least basic drinking water services (% of population),Environment: Water and sanitation,% of population,2021,99.6109,99.3967,0.2142,0.22,0,0
7090,TM,Turkmenistan,,,SH.H2O.BASW.ZS,People using at least basic drinking water services (% of population),Environment: Water and sanitation,% of population,2024,99.9220,99.6109,0.3111,0.31,0,0
3074,TM,Turkmenistan,,,SP.DYN.LE00.IN,"Life expectancy at birth, total (years)",Health,years,2018,69.2720,,,,0,0
3073,TM,Turkmenistan,,,SP.DYN.LE00.IN,"Life expectancy at birth, total (years)",Health,years,2019,69.4050,69.2720,0.1330,0.19,0,0
3072,TM,Turkmenistan,,,SP.DYN.LE00.IN,"Life expectancy at birth, total (years)",Health,years,2020,68.8460,69.4050,-0.5590,-0.81,0,0
3071,TM,Turkmenistan,,,SP.DYN.LE00.IN,"Life expectancy at birth, total (years)",Health,years,2021,69.3530,68.8460,0.5070,0.74,0,0
6856,TM,Turkmenistan,,,SP.DYN.LE00.IN,"Life expectancy at birth, total (years)",Health,years,2024,70.2010,69.3530,0.8480,1.22,0,0
2018,TM,Turkmenistan,,,SP.POP.TOTL,"Population, total",Health: Population,people,2018,6655524.0000,,,,0,0
2017,TM,Turkmenistan,,,SP.POP.TOTL,"Population, total",Health: Population,people,2019,6803944.0000,6655524.0000,148420.0000,2.23,0,0
2016,TM,Turkmenistan,,,SP.POP.TOTL,"Population, total",Health: Population,people,2020,6949912.0000,6803944.0000,145968.0000,2.15,0,0
2015,TM,Turkmenistan,,,SP.POP.TOTL,"Population, total",Health: Population,people,2021,7092043.0000,6949912.0000,142131.0000,2.05,0,0
6605,TM,Turkmenistan,,,SP.POP.TOTL,"Population, total",Health: Population,people,2024,7494498.0000,7092043.0000,402455.0000,5.67,0,0
6604,TM,Turkmenistan,,,SP.POP.TOTL,"Population, total",Health: Population,people,2025,7618847.0000,7494498.0000,124349.0000,1.66,0,0
957,TN,Tunisia,,,NY.GDP.PCAP.CD,GDP per capita (current US$),Economic Policy & Debt,current US$,2018,3628.1037,,,,0,0
956,TN,Tunisia,,,NY.GDP.PCAP.CD,GDP per capita (current US$),Economic Policy & Debt,current US$,2019,3528.8721,3628.1037,-99.2316,-2.74,0,0
955,TN,Tunisia,,,NY.GDP.PCAP.CD,GDP per capita (current US$),Economic Policy & Debt,current US$,2020,3548.6536,3528.8721,19.7815,0.56,0,0
954,TN,Tunisia,,,NY.GDP.PCAP.CD,GDP per capita (current US$),Economic Policy & Debt,current US$,2021,3906.9393,3548.6536,358.2857,10.10,0,0
6104,TN,Tunisia,,,NY.GDP.PCAP.CD,GDP per capita (current US$),Economic Policy & Debt,current US$,2024,4187.6408,3906.9393,280.7015,7.18,0,0
6103,TN,Tunisia,,,NY.GDP.PCAP.CD,GDP per capita (current US$),Economic Policy & Debt,current US$,2025,4656.6382,4187.6408,468.9974,11.20,1,-0.074340
6103,TN,Tunisia,,,NY.GDP.PCAP.CD,GDP per capita (current US$),Economic Policy & Debt,current US$,2025,4656.6382,4187.6408,468.9974,11.20,1,-0.009363
4076,TN,Tunisia,,,SH.H2O.BASW.ZS,People using at least basic drinking water services (% of population),Environment: Water and sanitation,% of population,2018,94.2847,,,,0,0
4075,TN,Tunisia,,,SH.H2O.BASW.ZS,People using at least basic drinking water services (% of population),Environment: Water and sanitation,% of population,2019,94.7048,94.2847,0.4201,0.45,0,0
4074,TN,Tunisia,,,SH.H2O.BASW.ZS,People using at least basic drinking water services (% of population),Environment: Water and sanitation,% of population,2020,95.1204,94.7048,0.4156,0.44,0,0
4073,TN,Tunisia,,,SH.H2O.BASW.ZS,People using at least basic drinking water services (% of population),Environment: Water and sanitation,% of population,2021,95.5313,95.1204,0.4109,0.43,0,0
7088,TN,Tunisia,,,SH.H2O.BASW.ZS,People using at least basic drinking water services (% of population),Environment: Water and sanitation,% of population,2024,96.7328,95.5313,1.2015,1.26,0,0
3066,TN,Tunisia,,,SP.DYN.LE00.IN,"Life expectancy at birth, total (years)",Health,years,2018,75.3700,,,,0,0
3065,TN,Tunisia,,,SP.DYN.LE00.IN,"Life expectancy at birth, total (years)",Health,years,2019,75.5990,75.3700,0.2290,0.30,0,0
3064,TN,Tunisia,,,SP.DYN.LE00.IN,"Life expectancy at birth, total (years)",Health,years,2020,75.0040,75.5990,-0.5950,-0.79,0,0
3063,TN,Tunisia,,,SP.DYN.LE00.IN,"Life expectancy at birth, total (years)",Health,years,2021,72.8930,75.0040,-2.1110,-2.81,0,0
6854,TN,Tunisia,,,SP.DYN.LE00.IN,"Life expectancy at birth, total (years)",Health,years,2024,76.7110,72.8930,3.8180,5.24,0,0
2010,TN,Tunisia,,,SP.POP.TOTL,"Population, total",Health: Population,people,2018,11765514.0000,,,,0,0
2009,TN,Tunisia,,,SP.POP.TOTL,"Population, total",Health: Population,people,2019,11875081.0000,11765514.0000,109567.0000,0.93,0,0
2008,TN,Tunisia,,,SP.POP.TOTL,"Population, total",Health: Population,people,2020,11974057.0000,11875081.0000,98976.0000,0.83,0,0
2007,TN,Tunisia,,,SP.POP.TOTL,"Population, total",Health: Population,people,2021,12048622.0000,11974057.0000,74565.0000,0.62,0,0
6601,TN,Tunisia,,,SP.POP.TOTL,"Population, total",Health: Population,people,2024,12277109.0000,12048622.0000,228487.0000,1.90,0,0
6600,TN,Tunisia,,,SP.POP.TOTL,"Population, total",Health: Population,people,2025,12348573.0000,12277109.0000,71464.0000,0.58,0,0
949,TO,Tonga,,,NY.GDP.PCAP.CD,GDP per capita (current US$),Economic Policy & Debt,current US$,2018,4675.0478,,,,0,0
948,TO,Tonga,,,NY.GDP.PCAP.CD,GDP per capita (current US$),Economic Policy & Debt,current US$,2019,4788.8335,4675.0478,113.7857,2.43,0,0
947,TO,Tonga,,,NY.GDP.PCAP.CD,GDP per capita (current US$),Economic Policy & Debt,current US$,2020,4792.3587,4788.8335,3.5252,0.07,0,0
946,TO,Tonga,,,NY.GDP.PCAP.CD,GDP per capita (current US$),Economic Policy & Debt,current US$,2021,4922.8016,4792.3587,130.4429,2.72,0,0
6100,TO,Tonga,,,NY.GDP.PCAP.CD,GDP per capita (current US$),Economic Policy & Debt,current US$,2024,6215.3899,4922.8016,1292.5883,26.26,0,0
6099,TO,Tonga,,,NY.GDP.PCAP.CD,GDP per capita (current US$),Economic Policy & Debt,current US$,2025,6547.1865,6215.3899,331.7966,5.34,1,-0.023745
4068,TO,Tonga,,,SH.H2O.BASW.ZS,People using at least basic drinking water services (% of population),Environment: Water and sanitation,% of population,2018,98.7796,,,,0,0
4067,TO,Tonga,,,SH.H2O.BASW.ZS,People using at least basic drinking water services (% of population),Environment: Water and sanitation,% of population,2019,98.7748,98.7796,-0.0048,0.00,0,0
4066,TO,Tonga,,,SH.H2O.BASW.ZS,People using at least basic drinking water services (% of population),Environment: Water and sanitation,% of population,2020,98.7701,98.7748,-0.0047,0.00,0,0
4065,TO,Tonga,,,SH.H2O.BASW.ZS,People using at least basic drinking water services (% of population),Environment: Water and sanitation,% of population,2021,98.7654,98.7701,-0.0047,0.00,0,0
7086,TO,Tonga,,,SH.H2O.BASW.ZS,People using at least basic drinking water services (% of population),Environment: Water and sanitation,% of population,2024,98.8583,98.7654,0.0929,0.09,0,0
3058,TO,Tonga,,,SP.DYN.LE00.IN,"Life expectancy at birth, total (years)",Health,years,2018,72.1690,,,,0,0
3057,TO,Tonga,,,SP.DYN.LE00.IN,"Life expectancy at birth, total (years)",Health,years,2019,72.2920,72.1690,0.1230,0.17,0,0
3056,TO,Tonga,,,SP.DYN.LE00.IN,"Life expectancy at birth, total (years)",Health,years,2020,72.3790,72.2920,0.0870,0.12,0,0
3055,TO,Tonga,,,SP.DYN.LE00.IN,"Life expectancy at birth, total (years)",Health,years,2021,72.1300,72.3790,-0.2490,-0.34,0,0
6852,TO,Tonga,,,SP.DYN.LE00.IN,"Life expectancy at birth, total (years)",Health,years,2024,73.0700,72.1300,0.9400,1.30,0,0
2002,TO,Tonga,,,SP.POP.TOTL,"Population, total",Health: Population,people,2018,105567.0000,,,,0,0
2001,TO,Tonga,,,SP.POP.TOTL,"Population, total",Health: Population,people,2019,105669.0000,105567.0000,102.0000,0.10,0,0
2000,TO,Tonga,,,SP.POP.TOTL,"Population, total",Health: Population,people,2020,105704.0000,105669.0000,35.0000,0.03,0,0
1999,TO,Tonga,,,SP.POP.TOTL,"Population, total",Health: Population,people,2021,105490.0000,105704.0000,-214.0000,-0.20,0,0
6597,TO,Tonga,,,SP.POP.TOTL,"Population, total",Health: Population,people,2024,104175.0000,105490.0000,-1315.0000,-1.25,0,0
6596,TO,Tonga,,,SP.POP.TOTL,"Population, total",Health: Population,people,2025,103742.0000,104175.0000,-433.0000,-0.42,0,0
961,TR,Turkiye,,,NY.GDP.PCAP.CD,GDP per capita (current US$),Economic Policy & Debt,current US$,2018,9684.1182,,,,0,0
960,TR,Turkiye,,,NY.GDP.PCAP.CD,GDP per capita (current US$),Economic Policy & Debt,current US$,2019,9395.2338,9684.1182,-288.8844,-2.98,0,0
959,TR,Turkiye,,,NY.GDP.PCAP.CD,GDP per capita (current US$),Economic Policy & Debt,current US$,2020,8798.1179,9395.2338,-597.1159,-6.36,1,-0.036431
958,TR,Turkiye,,,NY.GDP.PCAP.CD,GDP per capita (current US$),Economic Policy & Debt,current US$,2021,9981.7640,8798.1179,1183.6461,13.45,1,-0.027663
6106,TR,Turkiye,,,NY.GDP.PCAP.CD,GDP per capita (current US$),Economic Policy & Debt,current US$,2024,15892.7157,9981.7640,5910.9517,59.22,1,-0.015232
6105,TR,Turkiye,,,NY.GDP.PCAP.CD,GDP per capita (current US$),Economic Policy & Debt,current US$,2025,18599.4421,15892.7157,2706.7264,17.03,1,-0.167007
6105,TR,Turkiye,,,NY.GDP.PCAP.CD,GDP per capita (current US$),Economic Policy & Debt,current US$,2025,18599.4421,15892.7157,2706.7264,17.03,1,-0.102030
4080,TR,Turkiye,,,SH.H2O.BASW.ZS,People using at least basic drinking water services (% of population),Environment: Water and sanitation,% of population,2018,95.6608,,,,0,0
4079,TR,Turkiye,,,SH.H2O.BASW.ZS,People using at least basic drinking water services (% of population),Environment: Water and sanitation,% of population,2019,95.8082,95.6608,0.1474,0.15,0,0
4078,TR,Turkiye,,,SH.H2O.BASW.ZS,People using at least basic drinking water services (% of population),Environment: Water and sanitation,% of population,2020,95.9526,95.8082,0.1444,0.15,0,0
4077,TR,Turkiye,,,SH.H2O.BASW.ZS,People using at least basic drinking water services (% of population),Environment: Water and sanitation,% of population,2021,95.9614,95.9526,0.0088,0.01,0,0
7089,TR,Turkiye,,,SH.H2O.BASW.ZS,People using at least basic drinking water services (% of population),Environment: Water and sanitation,% of population,2024,95.9866,95.9614,0.0252,0.03,0,0
3070,TR,Turkiye,,,SP.DYN.LE00.IN,"Life expectancy at birth, total (years)",Health,years,2018,77.4540,,,,0,0
3069,TR,Turkiye,,,SP.DYN.LE00.IN,"Life expectancy at birth, total (years)",Health,years,2019,77.7370,77.4540,0.2830,0.37,0,0
3068,TR,Turkiye,,,SP.DYN.LE00.IN,"Life expectancy at birth, total (years)",Health,years,2020,76.5250,77.7370,-1.2120,-1.56,0,0
3067,TR,Turkiye,,,SP.DYN.LE00.IN,"Life expectancy at birth, total (years)",Health,years,2021,75.7220,76.5250,-0.8030,-1.05,0,0
6855,TR,Turkiye,,,SP.DYN.LE00.IN,"Life expectancy at birth, total (years)",Health,years,2024,77.4210,75.7220,1.6990,2.24,0,0
2014,TR,Turkiye,,,SP.POP.TOTL,"Population, total",Health: Population,people,2018,81407204.0000,,,,0,0
2013,TR,Turkiye,,,SP.POP.TOTL,"Population, total",Health: Population,people,2019,82579440.0000,81407204.0000,1172236.0000,1.44,0,0
2012,TR,Turkiye,,,SP.POP.TOTL,"Population, total",Health: Population,people,2020,83384680.0000,82579440.0000,805240.0000,0.98,0,0
2011,TR,Turkiye,,,SP.POP.TOTL,"Population, total",Health: Population,people,2021,84147318.0000,83384680.0000,762638.0000,0.91,0,0
6603,TR,Turkiye,,,SP.POP.TOTL,"Population, total",Health: Population,people,2024,85518661.0000,84147318.0000,1371343.0000,1.63,0,0
6602,TR,Turkiye,,,SP.POP.TOTL,"Population, total",Health: Population,people,2025,85878556.0000,85518661.0000,359895.0000,0.42,0,0
953,TT,Trinidad and Tobago,,,NY.GDP.PCAP.CD,GDP per capita (current US$),Economic Policy & Debt,current US$,2018,17571.4987,,,,0,0
952,TT,Trinidad and Tobago,,,NY.GDP.PCAP.CD,GDP per capita (current US$),Economic Policy & Debt,current US$,2019,17212.6129,17571.4987,-358.8858,-2.04,0,0
951,TT,Trinidad and Tobago,,,NY.GDP.PCAP.CD,GDP per capita (current US$),Economic Policy & Debt,current US$,2020,15283.6271,17212.6129,-1928.9858,-11.21,1,-0.086021
951,TT,Trinidad and Tobago,,,NY.GDP.PCAP.CD,GDP per capita (current US$),Economic Policy & Debt,current US$,2020,15283.6271,17212.6129,-1928.9858,-11.21,1,-0.021044
950,TT,Trinidad and Tobago,,,NY.GDP.PCAP.CD,GDP per capita (current US$),Economic Policy & Debt,current US$,2021,17712.5674,15283.6271,2428.9403,15.89,0,0
6102,TT,Trinidad and Tobago,,,NY.GDP.PCAP.CD,GDP per capita (current US$),Economic Policy & Debt,current US$,2024,18733.4110,17712.5674,1020.8436,5.76,0,0
6101,TT,Trinidad and Tobago,,,NY.GDP.PCAP.CD,GDP per capita (current US$),Economic Policy & Debt,current US$,2025,18967.2705,18733.4110,233.8595,1.25,0,0
4072,TT,Trinidad and Tobago,,,SH.H2O.BASW.ZS,People using at least basic drinking water services (% of population),Environment: Water and sanitation,% of population,2018,98.4733,,,,0,0
4071,TT,Trinidad and Tobago,,,SH.H2O.BASW.ZS,People using at least basic drinking water services (% of population),Environment: Water and sanitation,% of population,2019,98.6025,98.4733,0.1292,0.13,0,0
4070,TT,Trinidad and Tobago,,,SH.H2O.BASW.ZS,People using at least basic drinking water services (% of population),Environment: Water and sanitation,% of population,2020,98.7317,98.6025,0.1292,0.13,0,0
4069,TT,Trinidad and Tobago,,,SH.H2O.BASW.ZS,People using at least basic drinking water services (% of population),Environment: Water and sanitation,% of population,2021,98.8611,98.7317,0.1294,0.13,0,0
7087,TT,Trinidad and Tobago,,,SH.H2O.BASW.ZS,People using at least basic drinking water services (% of population),Environment: Water and sanitation,% of population,2024,99.2503,98.8611,0.3892,0.39,0,0
3062,TT,Trinidad and Tobago,,,SP.DYN.LE00.IN,"Life expectancy at birth, total (years)",Health,years,2018,72.6580,,,,0,0
3061,TT,Trinidad and Tobago,,,SP.DYN.LE00.IN,"Life expectancy at birth, total (years)",Health,years,2019,72.8360,72.6580,0.1780,0.24,0,0
3060,TT,Trinidad and Tobago,,,SP.DYN.LE00.IN,"Life expectancy at birth, total (years)",Health,years,2020,72.6450,72.8360,-0.1910,-0.26,0,0
3059,TT,Trinidad and Tobago,,,SP.DYN.LE00.IN,"Life expectancy at birth, total (years)",Health,years,2021,71.1110,72.6450,-1.5340,-2.11,0,0
6853,TT,Trinidad and Tobago,,,SP.DYN.LE00.IN,"Life expectancy at birth, total (years)",Health,years,2024,73.6170,71.1110,2.5060,3.52,0,0
2006,TT,Trinidad and Tobago,,,SP.POP.TOTL,"Population, total",Health: Population,people,2018,1359193.0000,,,,0,0
2005,TT,Trinidad and Tobago,,,SP.POP.TOTL,"Population, total",Health: Population,people,2019,1363985.0000,1359193.0000,4792.0000,0.35,0,0
2004,TT,Trinidad and Tobago,,,SP.POP.TOTL,"Population, total",Health: Population,people,2020,1366725.0000,1363985.0000,2740.0000,0.20,0,0
2003,TT,Trinidad and Tobago,,,SP.POP.TOTL,"Population, total",Health: Population,people,2021,1367558.0000,1366725.0000,833.0000,0.06,0,0
6599,TT,Trinidad and Tobago,,,SP.POP.TOTL,"Population, total",Health: Population,people,2024,1368333.0000,1367558.0000,775.0000,0.06,0,0
6598,TT,Trinidad and Tobago,,,SP.POP.TOTL,"Population, total",Health: Population,people,2025,1367764.0000,1368333.0000,-569.0000,-0.04,0,0
973,TV,Tuvalu,,,NY.GDP.PCAP.CD,GDP per capita (current US$),Economic Policy & Debt,current US$,2018,4467.2114,,,,0,0
972,TV,Tuvalu,,,NY.GDP.PCAP.CD,GDP per capita (current US$),Economic Policy & Debt,current US$,2019,5058.8527,4467.2114,591.6413,13.24,0,0
971,TV,Tuvalu,,,NY.GDP.PCAP.CD,GDP per capita (current US$),Economic Policy & Debt,current US$,2020,5029.5716,5058.8527,-29.2811,-0.58,0,0
970,TV,Tuvalu,,,NY.GDP.PCAP.CD,GDP per capita (current US$),Economic Policy & Debt,current US$,2021,6042.5198,5029.5716,1012.9482,20.14,1,-0.043053
6111,TV,Tuvalu,,,NY.GDP.PCAP.CD,GDP per capita (current US$),Economic Policy & Debt,current US$,2024,5883.5026,6042.5198,-159.0172,-2.63,0,0
6110,TV,Tuvalu,,,NY.GDP.PCAP.CD,GDP per capita (current US$),Economic Policy & Debt,current US$,2025,6041.4491,5883.5026,157.9465,2.68,0,0
4092,TV,Tuvalu,,,SH.H2O.BASW.ZS,People using at least basic drinking water services (% of population),Environment: Water and sanitation,% of population,2018,98.8498,,,,0,0
4091,TV,Tuvalu,,,SH.H2O.BASW.ZS,People using at least basic drinking water services (% of population),Environment: Water and sanitation,% of population,2019,98.8334,98.8498,-0.0164,-0.02,0,0
4090,TV,Tuvalu,,,SH.H2O.BASW.ZS,People using at least basic drinking water services (% of population),Environment: Water and sanitation,% of population,2020,98.8163,98.8334,-0.0171,-0.02,0,0
4089,TV,Tuvalu,,,SH.H2O.BASW.ZS,People using at least basic drinking water services (% of population),Environment: Water and sanitation,% of population,2021,98.7984,98.8163,-0.0179,-0.02,0,0
7092,TV,Tuvalu,,,SH.H2O.BASW.ZS,People using at least basic drinking water services (% of population),Environment: Water and sanitation,% of population,2024,98.7415,98.7984,-0.0569,-0.06,0,0
3082,TV,Tuvalu,,,SP.DYN.LE00.IN,"Life expectancy at birth, total (years)",Health,years,2018,65.8710,,,,0,0
3081,TV,Tuvalu,,,SP.DYN.LE00.IN,"Life expectancy at birth, total (years)",Health,years,2019,66.1090,65.8710,0.2380,0.36,0,0
3080,TV,Tuvalu,,,SP.DYN.LE00.IN,"Life expectancy at birth, total (years)",Health,years,2020,66.3570,66.1090,0.2480,0.38,0,0
3079,TV,Tuvalu,,,SP.DYN.LE00.IN,"Life expectancy at birth, total (years)",Health,years,2021,65.8240,66.3570,-0.5330,-0.80,0,0
6858,TV,Tuvalu,,,SP.DYN.LE00.IN,"Life expectancy at birth, total (years)",Health,years,2024,67.2590,65.8240,1.4350,2.18,0,0
2026,TV,Tuvalu,,,SP.POP.TOTL,"Population, total",Health: Population,people,2018,10751.0000,,,,0,0
2025,TV,Tuvalu,,,SP.POP.TOTL,"Population, total",Health: Population,people,2019,10581.0000,10751.0000,-170.0000,-1.58,0,0
2024,TV,Tuvalu,,,SP.POP.TOTL,"Population, total",Health: Population,people,2020,10399.0000,10581.0000,-182.0000,-1.72,0,0
2023,TV,Tuvalu,,,SP.POP.TOTL,"Population, total",Health: Population,people,2021,10194.0000,10399.0000,-205.0000,-1.97,0,0
6609,TV,Tuvalu,,,SP.POP.TOTL,"Population, total",Health: Population,people,2024,9646.0000,10194.0000,-548.0000,-5.38,0,0
6608,TV,Tuvalu,,,SP.POP.TOTL,"Population, total",Health: Population,people,2025,9492.0000,9646.0000,-154.0000,-1.60,0,0
933,TZ,Tanzania,,,NY.GDP.PCAP.CD,GDP per capita (current US$),Economic Policy & Debt,current US$,2018,1023.1063,,,,0,0
932,TZ,Tanzania,,,NY.GDP.PCAP.CD,GDP per capita (current US$),Economic Policy & Debt,current US$,2019,1063.3225,1023.1063,40.2162,3.93,0,0
931,TZ,Tanzania,,,NY.GDP.PCAP.CD,GDP per capita (current US$),Economic Policy & Debt,current US$,2020,1117.4153,1063.3225,54.0928,5.09,0,0
930,TZ,Tanzania,,,NY.GDP.PCAP.CD,GDP per capita (current US$),Economic Policy & Debt,current US$,2021,1159.8566,1117.4153,42.4413,3.80,0,0
6092,TZ,Tanzania,,,NY.GDP.PCAP.CD,GDP per capita (current US$),Economic Policy & Debt,current US$,2024,1192.6067,1159.8566,32.7501,2.82,0,0
6091,TZ,Tanzania,,,NY.GDP.PCAP.CD,GDP per capita (current US$),Economic Policy & Debt,current US$,2025,1318.8192,1192.6067,126.2125,10.58,1,-0.066078
6091,TZ,Tanzania,,,NY.GDP.PCAP.CD,GDP per capita (current US$),Economic Policy & Debt,current US$,2025,1318.8192,1192.6067,126.2125,10.58,1,-0.001101
4052,TZ,Tanzania,,,SH.H2O.BASW.ZS,People using at least basic drinking water services (% of population),Environment: Water and sanitation,% of population,2018,55.3282,,,,0,0
4051,TZ,Tanzania,,,SH.H2O.BASW.ZS,People using at least basic drinking water services (% of population),Environment: Water and sanitation,% of population,2019,56.8787,55.3282,1.5505,2.80,0,0
4050,TZ,Tanzania,,,SH.H2O.BASW.ZS,People using at least basic drinking water services (% of population),Environment: Water and sanitation,% of population,2020,58.4289,56.8787,1.5502,2.73,0,0
4049,TZ,Tanzania,,,SH.H2O.BASW.ZS,People using at least basic drinking water services (% of population),Environment: Water and sanitation,% of population,2021,59.9770,58.4289,1.5481,2.65,0,0
7082,TZ,Tanzania,,,SH.H2O.BASW.ZS,People using at least basic drinking water services (% of population),Environment: Water and sanitation,% of population,2024,64.6060,59.9770,4.6290,7.72,1,-0.006070
3042,TZ,Tanzania,,,SP.DYN.LE00.IN,"Life expectancy at birth, total (years)",Health,years,2018,65.4880,,,,0,0
3041,TZ,Tanzania,,,SP.DYN.LE00.IN,"Life expectancy at birth, total (years)",Health,years,2019,66.0070,65.4880,0.5190,0.79,0,0
3040,TZ,Tanzania,,,SP.DYN.LE00.IN,"Life expectancy at birth, total (years)",Health,years,2020,66.7710,66.0070,0.7640,1.16,0,0
3039,TZ,Tanzania,,,SP.DYN.LE00.IN,"Life expectancy at birth, total (years)",Health,years,2021,66.1310,66.7710,-0.6400,-0.96,0,0
6848,TZ,Tanzania,,,SP.DYN.LE00.IN,"Life expectancy at birth, total (years)",Health,years,2024,67.2120,66.1310,1.0810,1.63,0,0
1986,TZ,Tanzania,,,SP.POP.TOTL,"Population, total",Health: Population,people,2018,57437145.0000,,,,0,0
1985,TZ,Tanzania,,,SP.POP.TOTL,"Population, total",Health: Population,people,2019,59174891.0000,57437145.0000,1737746.0000,3.03,0,0
1984,TZ,Tanzania,,,SP.POP.TOTL,"Population, total",Health: Population,people,2020,60972798.0000,59174891.0000,1797907.0000,3.04,0,0
1983,TZ,Tanzania,,,SP.POP.TOTL,"Population, total",Health: Population,people,2021,62830412.0000,60972798.0000,1857614.0000,3.05,0,0
6589,TZ,Tanzania,,,SP.POP.TOTL,"Population, total",Health: Population,people,2024,68560157.0000,62830412.0000,5729745.0000,9.12,0,0
6588,TZ,Tanzania,,,SP.POP.TOTL,"Population, total",Health: Population,people,2025,70545865.0000,68560157.0000,1985708.0000,2.90,0,0
981,UA,Ukraine,,,NY.GDP.PCAP.CD,GDP per capita (current US$),Economic Policy & Debt,current US$,2018,3059.0518,,,,0,0
980,UA,Ukraine,,,NY.GDP.PCAP.CD,GDP per capita (current US$),Economic Policy & Debt,current US$,2019,3619.8616,3059.0518,560.8098,18.33,1,-0.014193
979,UA,Ukraine,,,NY.GDP.PCAP.CD,GDP per capita (current US$),Economic Policy & Debt,current US$,2020,3709.7693,3619.8616,89.9077,2.48,0,0
978,UA,Ukraine,,,NY.GDP.PCAP.CD,GDP per capita (current US$),Economic Policy & Debt,current US$,2021,4775.9458,3709.7693,1066.1765,28.74,1,-0.123837
978,UA,Ukraine,,,NY.GDP.PCAP.CD,GDP per capita (current US$),Economic Policy & Debt,current US$,2021,4775.9458,3709.7693,1066.1765,28.74,1,-0.058859
4100,UA,Ukraine,,,SH.H2O.BASW.ZS,People using at least basic drinking water services (% of population),Environment: Water and sanitation,% of population,2018,93.4145,,,,0,0
4099,UA,Ukraine,,,SH.H2O.BASW.ZS,People using at least basic drinking water services (% of population),Environment: Water and sanitation,% of population,2019,93.4437,93.4145,0.0292,0.03,0,0
4098,UA,Ukraine,,,SH.H2O.BASW.ZS,People using at least basic drinking water services (% of population),Environment: Water and sanitation,% of population,2020,93.4712,93.4437,0.0275,0.03,0,0
4097,UA,Ukraine,,,SH.H2O.BASW.ZS,People using at least basic drinking water services (% of population),Environment: Water and sanitation,% of population,2021,93.4969,93.4712,0.0257,0.03,0,0
3090,UA,Ukraine,,,SP.DYN.LE00.IN,"Life expectancy at birth, total (years)",Health,years,2018,73.5690,,,,0,0
3089,UA,Ukraine,,,SP.DYN.LE00.IN,"Life expectancy at birth, total (years)",Health,years,2019,73.9200,73.5690,0.3510,0.48,0,0
3088,UA,Ukraine,,,SP.DYN.LE00.IN,"Life expectancy at birth, total (years)",Health,years,2020,73.2830,73.9200,-0.6370,-0.86,0,0
3087,UA,Ukraine,,,SP.DYN.LE00.IN,"Life expectancy at birth, total (years)",Health,years,2021,71.6310,73.2830,-1.6520,-2.25,0,0
2034,UA,Ukraine,,,SP.POP.TOTL,"Population, total",Health: Population,people,2018,45208907.0000,,,,0,0
2033,UA,Ukraine,,,SP.POP.TOTL,"Population, total",Health: Population,people,2019,44957458.0000,45208907.0000,-251449.0000,-0.56,0,0
2032,UA,Ukraine,,,SP.POP.TOTL,"Population, total",Health: Population,people,2020,44680014.0000,44957458.0000,-277444.0000,-0.62,0,0
2031,UA,Ukraine,,,SP.POP.TOTL,"Population, total",Health: Population,people,2021,44298640.0000,44680014.0000,-381374.0000,-0.85,0,0
977,UG,Uganda,,,NY.GDP.PCAP.CD,GDP per capita (current US$),Economic Policy & Debt,current US$,2018,792.1657,,,,0,0
976,UG,Uganda,,,NY.GDP.PCAP.CD,GDP per capita (current US$),Economic Policy & Debt,current US$,2019,822.1712,792.1657,30.0055,3.79,0,0
975,UG,Uganda,,,NY.GDP.PCAP.CD,GDP per capita (current US$),Economic Policy & Debt,current US$,2020,845.7665,822.1712,23.5953,2.87,0,0
974,UG,Uganda,,,NY.GDP.PCAP.CD,GDP per capita (current US$),Economic Policy & Debt,current US$,2021,882.7917,845.7665,37.0252,4.38,0,0
4096,UG,Uganda,,,SH.H2O.BASW.ZS,People using at least basic drinking water services (% of population),Environment: Water and sanitation,% of population,2018,52.9651,,,,0,0
4095,UG,Uganda,,,SH.H2O.BASW.ZS,People using at least basic drinking water services (% of population),Environment: Water and sanitation,% of population,2019,54.6149,52.9651,1.6498,3.11,0,0
4094,UG,Uganda,,,SH.H2O.BASW.ZS,People using at least basic drinking water services (% of population),Environment: Water and sanitation,% of population,2020,56.2752,54.6149,1.6603,3.04,0,0
4093,UG,Uganda,,,SH.H2O.BASW.ZS,People using at least basic drinking water services (% of population),Environment: Water and sanitation,% of population,2021,57.9452,56.2752,1.6700,2.97,1,-0.025812
3086,UG,Uganda,,,SP.DYN.LE00.IN,"Life expectancy at birth, total (years)",Health,years,2018,65.7750,,,,0,0
3085,UG,Uganda,,,SP.DYN.LE00.IN,"Life expectancy at birth, total (years)",Health,years,2019,66.3540,65.7750,0.5790,0.88,0,0
3084,UG,Uganda,,,SP.DYN.LE00.IN,"Life expectancy at birth, total (years)",Health,years,2020,66.4100,66.3540,0.0560,0.08,0,0
3083,UG,Uganda,,,SP.DYN.LE00.IN,"Life expectancy at birth, total (years)",Health,years,2021,66.4500,66.4100,0.0400,0.06,0,0
2030,UG,Uganda,,,SP.POP.TOTL,"Population, total",Health: Population,people,2018,41565831.0000,,,,0,0
2029,UG,Uganda,,,SP.POP.TOTL,"Population, total",Health: Population,people,2019,42999637.0000,41565831.0000,1433806.0000,3.45,0,0
2028,UG,Uganda,,,SP.POP.TOTL,"Population, total",Health: Population,people,2020,44457152.0000,42999637.0000,1457515.0000,3.39,0,0
2027,UG,Uganda,,,SP.POP.TOTL,"Population, total",Health: Population,people,2021,45910930.0000,44457152.0000,1453778.0000,3.27,0,0
993,US,United States,,,NY.GDP.PCAP.CD,GDP per capita (current US$),Economic Policy & Debt,current US$,2018,62875.6661,,,,0,0
992,US,United States,,,NY.GDP.PCAP.CD,GDP per capita (current US$),Economic Policy & Debt,current US$,2019,65227.9566,62875.6661,2352.2905,3.74,0,0
991,US,United States,,,NY.GDP.PCAP.CD,GDP per capita (current US$),Economic Policy & Debt,current US$,2020,63528.5800,65227.9566,-1699.3766,-2.61,0,0
990,US,United States,,,NY.GDP.PCAP.CD,GDP per capita (current US$),Economic Policy & Debt,current US$,2021,70248.6300,63528.5800,6720.0500,10.58,1,-0.074012
990,US,United States,,,NY.GDP.PCAP.CD,GDP per capita (current US$),Economic Policy & Debt,current US$,2021,70248.6300,63528.5800,6720.0500,10.58,1,-0.009035
4112,US,United States,,,SH.H2O.BASW.ZS,People using at least basic drinking water services (% of population),Environment: Water and sanitation,% of population,2018,99.6676,,,,0,0
4111,US,United States,,,SH.H2O.BASW.ZS,People using at least basic drinking water services (% of population),Environment: Water and sanitation,% of population,2019,99.7446,99.6676,0.0770,0.08,0,0
4110,US,United States,,,SH.H2O.BASW.ZS,People using at least basic drinking water services (% of population),Environment: Water and sanitation,% of population,2020,99.8204,99.7446,0.0758,0.08,0,0
4109,US,United States,,,SH.H2O.BASW.ZS,People using at least basic drinking water services (% of population),Environment: Water and sanitation,% of population,2021,99.8949,99.8204,0.0745,0.07,0,0
3102,US,United States,,,SP.DYN.LE00.IN,"Life expectancy at birth, total (years)",Health,years,2018,78.6390,,,,0,0
3101,US,United States,,,SP.DYN.LE00.IN,"Life expectancy at birth, total (years)",Health,years,2019,78.7878,78.6390,0.1488,0.19,0,0
3100,US,United States,,,SP.DYN.LE00.IN,"Life expectancy at birth, total (years)",Health,years,2020,76.9805,78.7878,-1.8073,-2.29,0,0
3099,US,United States,,,SP.DYN.LE00.IN,"Life expectancy at birth, total (years)",Health,years,2021,76.3293,76.9805,-0.6512,-0.85,0,0
2046,US,United States,,,SP.POP.TOTL,"Population, total",Health: Population,people,2018,328529577.0000,,,,0,0
2045,US,United States,,,SP.POP.TOTL,"Population, total",Health: Population,people,2019,330226227.0000,328529577.0000,1696650.0000,0.52,0,0
2044,US,United States,,,SP.POP.TOTL,"Population, total",Health: Population,people,2020,331578104.0000,330226227.0000,1351877.0000,0.41,0,0
2043,US,United States,,,SP.POP.TOTL,"Population, total",Health: Population,people,2021,332100166.0000,331578104.0000,522062.0000,0.16,0,0
997,UY,Uruguay,,,NY.GDP.PCAP.CD,GDP per capita (current US$),Economic Policy & Debt,current US$,2018,19249.9405,,,,0,0
996,UY,Uruguay,,,NY.GDP.PCAP.CD,GDP per capita (current US$),Economic Policy & Debt,current US$,2019,18315.7350,19249.9405,-934.2055,-4.85,0,0
995,UY,Uruguay,,,NY.GDP.PCAP.CD,GDP per capita (current US$),Economic Policy & Debt,current US$,2020,15757.5342,18315.7350,-2558.2008,-13.97,1,-0.046464
994,UY,Uruguay,,,NY.GDP.PCAP.CD,GDP per capita (current US$),Economic Policy & Debt,current US$,2021,17881.8120,15757.5342,2124.2778,13.48,0,0
4116,UY,Uruguay,,,SH.H2O.BASW.ZS,People using at least basic drinking water services (% of population),Environment: Water and sanitation,% of population,2018,99.4885,,,,0,0
4115,UY,Uruguay,,,SH.H2O.BASW.ZS,People using at least basic drinking water services (% of population),Environment: Water and sanitation,% of population,2019,99.5545,99.4885,0.0660,0.07,0,0
4114,UY,Uruguay,,,SH.H2O.BASW.ZS,People using at least basic drinking water services (% of population),Environment: Water and sanitation,% of population,2020,99.5703,99.5545,0.0158,0.02,0,0
4113,UY,Uruguay,,,SH.H2O.BASW.ZS,People using at least basic drinking water services (% of population),Environment: Water and sanitation,% of population,2021,99.5860,99.5703,0.0157,0.02,0,0
3106,UY,Uruguay,,,SP.DYN.LE00.IN,"Life expectancy at birth, total (years)",Health,years,2018,77.5270,,,,0,0
3105,UY,Uruguay,,,SP.DYN.LE00.IN,"Life expectancy at birth, total (years)",Health,years,2019,77.5030,77.5270,-0.0240,-0.03,0,0
3104,UY,Uruguay,,,SP.DYN.LE00.IN,"Life expectancy at birth, total (years)",Health,years,2020,78.3810,77.5030,0.8780,1.13,0,0
3103,UY,Uruguay,,,SP.DYN.LE00.IN,"Life expectancy at birth, total (years)",Health,years,2021,75.4340,78.3810,-2.9470,-3.76,0,0
2050,UY,Uruguay,,,SP.POP.TOTL,"Population, total",Health: Population,people,2018,3394534.0000,,,,0,0
2049,UY,Uruguay,,,SP.POP.TOTL,"Population, total",Health: Population,people,2019,3397206.0000,3394534.0000,2672.0000,0.08,0,0
2048,UY,Uruguay,,,SP.POP.TOTL,"Population, total",Health: Population,people,2020,3398968.0000,3397206.0000,1762.0000,0.05,0,0
2047,UY,Uruguay,,,SP.POP.TOTL,"Population, total",Health: Population,people,2021,3396695.0000,3398968.0000,-2273.0000,-0.07,0,0
1001,UZ,Uzbekistan,,,NY.GDP.PCAP.CD,GDP per capita (current US$),Economic Policy & Debt,current US$,2018,1894.0909,,,,0,0
1000,UZ,Uzbekistan,,,NY.GDP.PCAP.CD,GDP per capita (current US$),Economic Policy & Debt,current US$,2019,2128.6607,1894.0909,234.5698,12.38,0,0
999,UZ,Uzbekistan,,,NY.GDP.PCAP.CD,GDP per capita (current US$),Economic Policy & Debt,current US$,2020,2087.9637,2128.6607,-40.6970,-1.91,0,0
998,UZ,Uzbekistan,,,NY.GDP.PCAP.CD,GDP per capita (current US$),Economic Policy & Debt,current US$,2021,2370.3648,2087.9637,282.4011,13.53,1,-0.047060
4120,UZ,Uzbekistan,,,SH.H2O.BASW.ZS,People using at least basic drinking water services (% of population),Environment: Water and sanitation,% of population,2018,95.2186,,,,0,0
4119,UZ,Uzbekistan,,,SH.H2O.BASW.ZS,People using at least basic drinking water services (% of population),Environment: Water and sanitation,% of population,2019,95.6274,95.2186,0.4088,0.43,0,0
4118,UZ,Uzbekistan,,,SH.H2O.BASW.ZS,People using at least basic drinking water services (% of population),Environment: Water and sanitation,% of population,2020,95.9578,95.6274,0.3304,0.35,0,0
4117,UZ,Uzbekistan,,,SH.H2O.BASW.ZS,People using at least basic drinking water services (% of population),Environment: Water and sanitation,% of population,2021,96.2897,95.9578,0.3319,0.35,0,0
3110,UZ,Uzbekistan,,,SP.DYN.LE00.IN,"Life expectancy at birth, total (years)",Health,years,2018,71.9990,,,,0,0
3109,UZ,Uzbekistan,,,SP.DYN.LE00.IN,"Life expectancy at birth, total (years)",Health,years,2019,72.0930,71.9990,0.0940,0.13,0,0
3108,UZ,Uzbekistan,,,SP.DYN.LE00.IN,"Life expectancy at birth, total (years)",Health,years,2020,71.4610,72.0930,-0.6320,-0.88,0,0
3107,UZ,Uzbekistan,,,SP.DYN.LE00.IN,"Life expectancy at birth, total (years)",Health,years,2021,71.6810,71.4610,0.2200,0.31,0,0
2054,UZ,Uzbekistan,,,SP.POP.TOTL,"Population, total",Health: Population,people,2018,32373490.0000,,,,0,0
2053,UZ,Uzbekistan,,,SP.POP.TOTL,"Population, total",Health: Population,people,2019,32964701.0000,32373490.0000,591211.0000,1.83,0,0
2052,UZ,Uzbekistan,,,SP.POP.TOTL,"Population, total",Health: Population,people,2020,33586372.0000,32964701.0000,621671.0000,1.89,0,0
2051,UZ,Uzbekistan,,,SP.POP.TOTL,"Population, total",Health: Population,people,2021,34243696.0000,33586372.0000,657324.0000,1.96,0,0
156,V1,Pre-demographic dividend,,,NY.GDP.PCAP.CD,GDP per capita (current US$),Economic Policy & Debt,current US$,2018,1452.1081,,,,0,0
155,V1,Pre-demographic dividend,,,NY.GDP.PCAP.CD,GDP per capita (current US$),Economic Policy & Debt,current US$,2019,1682.6478,1452.1081,230.5397,15.88,1,-0.062232
154,V1,Pre-demographic dividend,,,NY.GDP.PCAP.CD,GDP per capita (current US$),Economic Policy & Debt,current US$,2020,1497.1887,1682.6478,-185.4591,-11.02,0,0
153,V1,Pre-demographic dividend,,,NY.GDP.PCAP.CD,GDP per capita (current US$),Economic Policy & Debt,current US$,2021,1594.3980,1497.1887,97.2093,6.49,0,0
5734,V1,Pre-demographic dividend,,,NY.GDP.PCAP.CD,GDP per capita (current US$),Economic Policy & Debt,current US$,2024,1372.7115,1594.3980,-221.6865,-13.90,0,0
5733,V1,Pre-demographic dividend,,,NY.GDP.PCAP.CD,GDP per capita (current US$),Economic Policy & Debt,current US$,2025,1470.0580,1372.7115,97.3465,7.09,0,0
3298,V1,Pre-demographic dividend,,,SH.H2O.BASW.ZS,People using at least basic drinking water services (% of population),Environment: Water and sanitation,% of population,2018,62.7782,,,,0,0
3297,V1,Pre-demographic dividend,,,SH.H2O.BASW.ZS,People using at least basic drinking water services (% of population),Environment: Water and sanitation,% of population,2019,63.8023,62.7782,1.0241,1.63,0,0
3296,V1,Pre-demographic dividend,,,SH.H2O.BASW.ZS,People using at least basic drinking water services (% of population),Environment: Water and sanitation,% of population,2020,64.8087,63.8023,1.0064,1.58,0,0
3295,V1,Pre-demographic dividend,,,SH.H2O.BASW.ZS,People using at least basic drinking water services (% of population),Environment: Water and sanitation,% of population,2021,65.7890,64.8087,0.9803,1.51,0,0
6897,V1,Pre-demographic dividend,,,SH.H2O.BASW.ZS,People using at least basic drinking water services (% of population),Environment: Water and sanitation,% of population,2024,68.6272,65.7890,2.8382,4.31,0,0
2242,V1,Pre-demographic dividend,,,SP.DYN.LE00.IN,"Life expectancy at birth, total (years)",Health,years,2018,60.2072,,,,0,0
2241,V1,Pre-demographic dividend,,,SP.DYN.LE00.IN,"Life expectancy at birth, total (years)",Health,years,2019,60.5564,60.2072,0.3492,0.58,0,0
2240,V1,Pre-demographic dividend,,,SP.DYN.LE00.IN,"Life expectancy at birth, total (years)",Health,years,2020,60.5008,60.5564,-0.0556,-0.09,0,0
2239,V1,Pre-demographic dividend,,,SP.DYN.LE00.IN,"Life expectancy at birth, total (years)",Health,years,2021,60.2744,60.5008,-0.2264,-0.37,0,0
6648,V1,Pre-demographic dividend,,,SP.DYN.LE00.IN,"Life expectancy at birth, total (years)",Health,years,2024,62.3537,60.2744,2.0793,3.45,1,-0.010690
1186,V1,Pre-demographic dividend,,,SP.POP.TOTL,"Population, total",Health: Population,people,2018,945516605.0000,,,,0,0
1185,V1,Pre-demographic dividend,,,SP.POP.TOTL,"Population, total",Health: Population,people,2019,971459360.0000,945516605.0000,25942755.0000,2.74,0,0
1184,V1,Pre-demographic dividend,,,SP.POP.TOTL,"Population, total",Health: Population,people,2020,997742595.0000,971459360.0000,26283235.0000,2.71,0,0
1183,V1,Pre-demographic dividend,,,SP.POP.TOTL,"Population, total",Health: Population,people,2021,1024018110.0000,997742595.0000,26275515.0000,2.63,0,0
6189,V1,Pre-demographic dividend,,,SP.POP.TOTL,"Population, total",Health: Population,people,2024,1104843110.0000,1024018110.0000,80825000.0000,7.89,0,0
6188,V1,Pre-demographic dividend,,,SP.POP.TOTL,"Population, total",Health: Population,people,2025,1133132223.0000,1104843110.0000,28289113.0000,2.56,0,0
24,V2,Early-demographic dividend,,,NY.GDP.PCAP.CD,GDP per capita (current US$),Economic Policy & Debt,current US$,2018,3460.8626,,,,0,0
23,V2,Early-demographic dividend,,,NY.GDP.PCAP.CD,GDP per capita (current US$),Economic Policy & Debt,current US$,2019,3481.7553,3460.8626,20.8927,0.60,0,0
22,V2,Early-demographic dividend,,,NY.GDP.PCAP.CD,GDP per capita (current US$),Economic Policy & Debt,current US$,2020,3185.4979,3481.7553,-296.2574,-8.51,1,-0.015944
21,V2,Early-demographic dividend,,,NY.GDP.PCAP.CD,GDP per capita (current US$),Economic Policy & Debt,current US$,2021,3697.4104,3185.4979,511.9125,16.07,0,0
5668,V2,Early-demographic dividend,,,NY.GDP.PCAP.CD,GDP per capita (current US$),Economic Policy & Debt,current US$,2024,4405.2849,3697.4104,707.8745,19.15,0,0
5667,V2,Early-demographic dividend,,,NY.GDP.PCAP.CD,GDP per capita (current US$),Economic Policy & Debt,current US$,2025,4566.4267,4405.2849,161.1418,3.66,0,0
3166,V2,Early-demographic dividend,,,SH.H2O.BASW.ZS,People using at least basic drinking water services (% of population),Environment: Water and sanitation,% of population,2018,89.9257,,,,0,0
3165,V2,Early-demographic dividend,,,SH.H2O.BASW.ZS,People using at least basic drinking water services (% of population),Environment: Water and sanitation,% of population,2019,90.4107,89.9257,0.4850,0.54,0,0
3164,V2,Early-demographic dividend,,,SH.H2O.BASW.ZS,People using at least basic drinking water services (% of population),Environment: Water and sanitation,% of population,2020,90.8934,90.4107,0.4827,0.53,0,0
3163,V2,Early-demographic dividend,,,SH.H2O.BASW.ZS,People using at least basic drinking water services (% of population),Environment: Water and sanitation,% of population,2021,91.3562,90.8934,0.4628,0.51,0,0
6864,V2,Early-demographic dividend,,,SH.H2O.BASW.ZS,People using at least basic drinking water services (% of population),Environment: Water and sanitation,% of population,2024,92.5182,91.3562,1.1620,1.27,0,0
2110,V2,Early-demographic dividend,,,SP.DYN.LE00.IN,"Life expectancy at birth, total (years)",Health,years,2018,70.5487,,,,0,0
2109,V2,Early-demographic dividend,,,SP.DYN.LE00.IN,"Life expectancy at birth, total (years)",Health,years,2019,70.8424,70.5487,0.2937,0.42,0,0
2108,V2,Early-demographic dividend,,,SP.DYN.LE00.IN,"Life expectancy at birth, total (years)",Health,years,2020,69.8801,70.8424,-0.9623,-1.36,0,0
2107,V2,Early-demographic dividend,,,SP.DYN.LE00.IN,"Life expectancy at birth, total (years)",Health,years,2021,68.1791,69.8801,-1.7010,-2.43,0,0
6615,V2,Early-demographic dividend,,,SP.DYN.LE00.IN,"Life expectancy at birth, total (years)",Health,years,2024,72.0081,68.1791,3.8290,5.62,0,0
1054,V2,Early-demographic dividend,,,SP.POP.TOTL,"Population, total",Health: Population,people,2018,3314245247.0000,,,,1,-0.003946
1053,V2,Early-demographic dividend,,,SP.POP.TOTL,"Population, total",Health: Population,people,2019,3355014793.0000,3314245247.0000,40769546.0000,1.23,0,0
1052,V2,Early-demographic dividend,,,SP.POP.TOTL,"Population, total",Health: Population,people,2020,3396051187.0000,3355014793.0000,41036394.0000,1.22,0,0
1051,V2,Early-demographic dividend,,,SP.POP.TOTL,"Population, total",Health: Population,people,2021,3432026092.0000,3396051187.0000,35974905.0000,1.06,0,0
6123,V2,Early-demographic dividend,,,SP.POP.TOTL,"Population, total",Health: Population,people,2024,3552306404.0000,3432026092.0000,120280312.0000,3.50,0,0
6122,V2,Early-demographic dividend,,,SP.POP.TOTL,"Population, total",Health: Population,people,2025,3592750579.0000,3552306404.0000,40444175.0000,1.14,1,-0.020624
88,V3,Late-demographic dividend,,,NY.GDP.PCAP.CD,GDP per capita (current US$),Economic Policy & Debt,current US$,2018,9966.8758,,,,0,0
87,V3,Late-demographic dividend,,,NY.GDP.PCAP.CD,GDP per capita (current US$),Economic Policy & Debt,current US$,2019,10120.4664,9966.8758,153.5906,1.54,0,0
86,V3,Late-demographic dividend,,,NY.GDP.PCAP.CD,GDP per capita (current US$),Economic Policy & Debt,current US$,2020,9874.0681,10120.4664,-246.3983,-2.43,0,0
85,V3,Late-demographic dividend,,,NY.GDP.PCAP.CD,GDP per capita (current US$),Economic Policy & Debt,current US$,2021,11760.0897,9874.0681,1886.0216,19.10,1,-0.016025
5700,V3,Late-demographic dividend,,,NY.GDP.PCAP.CD,GDP per capita (current US$),Economic Policy & Debt,current US$,2024,12874.6436,11760.0897,1114.5539,9.48,0,0
5699,V3,Late-demographic dividend,,,NY.GDP.PCAP.CD,GDP per capita (current US$),Economic Policy & Debt,current US$,2025,13677.3232,12874.6436,802.6796,6.23,1,-0.014088
3230,V3,Late-demographic dividend,,,SH.H2O.BASW.ZS,People using at least basic drinking water services (% of population),Environment: Water and sanitation,% of population,2018,94.2990,,,,0,0
3229,V3,Late-demographic dividend,,,SH.H2O.BASW.ZS,People using at least basic drinking water services (% of population),Environment: Water and sanitation,% of population,2019,94.6738,94.2990,0.3748,0.40,0,0
3228,V3,Late-demographic dividend,,,SH.H2O.BASW.ZS,People using at least basic drinking water services (% of population),Environment: Water and sanitation,% of population,2020,95.0326,94.6738,0.3588,0.38,0,0
3227,V3,Late-demographic dividend,,,SH.H2O.BASW.ZS,People using at least basic drinking water services (% of population),Environment: Water and sanitation,% of population,2021,95.5445,95.0326,0.5119,0.54,0,0
6880,V3,Late-demographic dividend,,,SH.H2O.BASW.ZS,People using at least basic drinking water services (% of population),Environment: Water and sanitation,% of population,2024,96.7126,95.5445,1.1681,1.22,0,0
2174,V3,Late-demographic dividend,,,SP.DYN.LE00.IN,"Life expectancy at birth, total (years)",Health,years,2018,76.7781,,,,0,0
2173,V3,Late-demographic dividend,,,SP.DYN.LE00.IN,"Life expectancy at birth, total (years)",Health,years,2019,76.9980,76.7781,0.2199,0.29,0,0
2172,V3,Late-demographic dividend,,,SP.DYN.LE00.IN,"Life expectancy at birth, total (years)",Health,years,2020,76.6936,76.9980,-0.3044,-0.40,0,0
2171,V3,Late-demographic dividend,,,SP.DYN.LE00.IN,"Life expectancy at birth, total (years)",Health,years,2021,76.3060,76.6936,-0.3876,-0.51,0,0
6631,V3,Late-demographic dividend,,,SP.DYN.LE00.IN,"Life expectancy at birth, total (years)",Health,years,2024,77.2330,76.3060,0.9270,1.21,0,0
1118,V3,Late-demographic dividend,,,SP.POP.TOTL,"Population, total",Health: Population,people,2018,2298394042.0000,,,,0,0
1117,V3,Late-demographic dividend,,,SP.POP.TOTL,"Population, total",Health: Population,people,2019,2308878047.0000,2298394042.0000,10484005.0000,0.46,0,0
1116,V3,Late-demographic dividend,,,SP.POP.TOTL,"Population, total",Health: Population,people,2020,2316152452.0000,2308878047.0000,7274405.0000,0.32,0,0
1115,V3,Late-demographic dividend,,,SP.POP.TOTL,"Population, total",Health: Population,people,2021,2320127658.0000,2316152452.0000,3975206.0000,0.17,0,0
6155,V3,Late-demographic dividend,,,SP.POP.TOTL,"Population, total",Health: Population,people,2024,2328876323.0000,2320127658.0000,8748665.0000,0.38,0,0
6154,V3,Late-demographic dividend,,,SP.POP.TOTL,"Population, total",Health: Population,people,2025,2330425681.0000,2328876323.0000,1549358.0000,0.07,0,0
152,V4,Post-demographic dividend,,,NY.GDP.PCAP.CD,GDP per capita (current US$),Economic Policy & Debt,current US$,2018,45787.7300,,,,0,0
151,V4,Post-demographic dividend,,,NY.GDP.PCAP.CD,GDP per capita (current US$),Economic Policy & Debt,current US$,2019,46125.7453,45787.7300,338.0153,0.74,0,0
150,V4,Post-demographic dividend,,,NY.GDP.PCAP.CD,GDP per capita (current US$),Economic Policy & Debt,current US$,2020,45174.5036,46125.7453,-951.2417,-2.06,0,0
149,V4,Post-demographic dividend,,,NY.GDP.PCAP.CD,GDP per capita (current US$),Economic Policy & Debt,current US$,2021,50433.5519,45174.5036,5259.0483,11.64,0,0
5732,V4,Post-demographic dividend,,,NY.GDP.PCAP.CD,GDP per capita (current US$),Economic Policy & Debt,current US$,2024,56385.0585,50433.5519,5951.5066,11.80,0,0
5731,V4,Post-demographic dividend,,,NY.GDP.PCAP.CD,GDP per capita (current US$),Economic Policy & Debt,current US$,2025,59490.0241,56385.0585,3104.9656,5.51,1,-0.058925
3294,V4,Post-demographic dividend,,,SH.H2O.BASW.ZS,People using at least basic drinking water services (% of population),Environment: Water and sanitation,% of population,2018,99.3293,,,,0,0
3293,V4,Post-demographic dividend,,,SH.H2O.BASW.ZS,People using at least basic drinking water services (% of population),Environment: Water and sanitation,% of population,2019,99.3669,99.3293,0.0376,0.04,0,0
3292,V4,Post-demographic dividend,,,SH.H2O.BASW.ZS,People using at least basic drinking water services (% of population),Environment: Water and sanitation,% of population,2020,99.4039,99.3669,0.0370,0.04,0,0
3291,V4,Post-demographic dividend,,,SH.H2O.BASW.ZS,People using at least basic drinking water services (% of population),Environment: Water and sanitation,% of population,2021,99.4435,99.4039,0.0396,0.04,0,0
6896,V4,Post-demographic dividend,,,SH.H2O.BASW.ZS,People using at least basic drinking water services (% of population),Environment: Water and sanitation,% of population,2024,99.5281,99.4435,0.0846,0.09,0,0
2238,V4,Post-demographic dividend,,,SP.DYN.LE00.IN,"Life expectancy at birth, total (years)",Health,years,2018,80.7435,,,,0,0
2237,V4,Post-demographic dividend,,,SP.DYN.LE00.IN,"Life expectancy at birth, total (years)",Health,years,2019,80.9699,80.7435,0.2264,0.28,0,0
2236,V4,Post-demographic dividend,,,SP.DYN.LE00.IN,"Life expectancy at birth, total (years)",Health,years,2020,80.0657,80.9699,-0.9042,-1.12,0,0
2235,V4,Post-demographic dividend,,,SP.DYN.LE00.IN,"Life expectancy at birth, total (years)",Health,years,2021,79.7933,80.0657,-0.2724,-0.34,0,0
6647,V4,Post-demographic dividend,,,SP.DYN.LE00.IN,"Life expectancy at birth, total (years)",Health,years,2024,81.1124,79.7933,1.3191,1.65,0,0
1182,V4,Post-demographic dividend,,,SP.POP.TOTL,"Population, total",Health: Population,people,2018,1111104033.0000,,,,0,0
1181,V4,Post-demographic dividend,,,SP.POP.TOTL,"Population, total",Health: Population,people,2019,1114895817.0000,1111104033.0000,3791784.0000,0.34,0,0
1180,V4,Post-demographic dividend,,,SP.POP.TOTL,"Population, total",Health: Population,people,2020,1117003860.0000,1114895817.0000,2108043.0000,0.19,0,0
1179,V4,Post-demographic dividend,,,SP.POP.TOTL,"Population, total",Health: Population,people,2021,1116578102.0000,1117003860.0000,-425758.0000,-0.04,0,0
6187,V4,Post-demographic dividend,,,SP.POP.TOTL,"Population, total",Health: Population,people,2024,1128299339.0000,1116578102.0000,11721237.0000,1.05,0,0
6186,V4,Post-demographic dividend,,,SP.POP.TOTL,"Population, total",Health: Population,people,2025,1132621782.0000,1128299339.0000,4322443.0000,0.38,0,0
905,VC,St. Vincent and the Grenadines,,,NY.GDP.PCAP.CD,GDP per capita (current US$),Economic Policy & Debt,current US$,2018,8428.1268,,,,0,0
904,VC,St. Vincent and the Grenadines,,,NY.GDP.PCAP.CD,GDP per capita (current US$),Economic Policy & Debt,current US$,2019,8740.5943,8428.1268,312.4675,3.71,0,0
903,VC,St. Vincent and the Grenadines,,,NY.GDP.PCAP.CD,GDP per capita (current US$),Economic Policy & Debt,current US$,2020,8351.2032,8740.5943,-389.3911,-4.45,0,0
902,VC,St. Vincent and the Grenadines,,,NY.GDP.PCAP.CD,GDP per capita (current US$),Economic Policy & Debt,current US$,2021,8641.2790,8351.2032,290.0758,3.47,0,0
6080,VC,St. Vincent and the Grenadines,,,NY.GDP.PCAP.CD,GDP per capita (current US$),Economic Policy & Debt,current US$,2024,11501.2265,8641.2790,2859.9475,33.10,0,0
6079,VC,St. Vincent and the Grenadines,,,NY.GDP.PCAP.CD,GDP per capita (current US$),Economic Policy & Debt,current US$,2025,12561.7692,11501.2265,1060.5427,9.22,1,-0.074092
6079,VC,St. Vincent and the Grenadines,,,NY.GDP.PCAP.CD,GDP per capita (current US$),Economic Policy & Debt,current US$,2025,12561.7692,11501.2265,1060.5427,9.22,1,-0.009114
4024,VC,St. Vincent and the Grenadines,,,SH.H2O.BASW.ZS,People using at least basic drinking water services (% of population),Environment: Water and sanitation,% of population,2018,97.7283,,,,0,0
3014,VC,St. Vincent and the Grenadines,,,SP.DYN.LE00.IN,"Life expectancy at birth, total (years)",Health,years,2018,71.0170,,,,0,0
3013,VC,St. Vincent and the Grenadines,,,SP.DYN.LE00.IN,"Life expectancy at birth, total (years)",Health,years,2019,70.9940,71.0170,-0.0230,-0.03,0,0
3012,VC,St. Vincent and the Grenadines,,,SP.DYN.LE00.IN,"Life expectancy at birth, total (years)",Health,years,2020,69.6050,70.9940,-1.3890,-1.96,0,0
3011,VC,St. Vincent and the Grenadines,,,SP.DYN.LE00.IN,"Life expectancy at birth, total (years)",Health,years,2021,69.1320,69.6050,-0.4730,-0.68,0,0
6841,VC,St. Vincent and the Grenadines,,,SP.DYN.LE00.IN,"Life expectancy at birth, total (years)",Health,years,2024,71.3820,69.1320,2.2500,3.25,0,0
1958,VC,St. Vincent and the Grenadines,,,SP.POP.TOTL,"Population, total",Health: Population,people,2018,104926.0000,,,,0,0
1957,VC,St. Vincent and the Grenadines,,,SP.POP.TOTL,"Population, total",Health: Population,people,2019,104167.0000,104926.0000,-759.0000,-0.72,0,0
1956,VC,St. Vincent and the Grenadines,,,SP.POP.TOTL,"Population, total",Health: Population,people,2020,103526.0000,104167.0000,-641.0000,-0.62,0,0
1955,VC,St. Vincent and the Grenadines,,,SP.POP.TOTL,"Population, total",Health: Population,people,2021,102841.0000,103526.0000,-685.0000,-0.66,0,0
6575,VC,St. Vincent and the Grenadines,,,SP.POP.TOTL,"Population, total",Health: Population,people,2024,100616.0000,102841.0000,-2225.0000,-2.16,0,0
6574,VC,St. Vincent and the Grenadines,,,SP.POP.TOTL,"Population, total",Health: Population,people,2025,99924.0000,100616.0000,-692.0000,-0.69,0,0
1009,VE,"Venezuela, RB",,,NY.GDP.PCAP.CD,GDP per capita (current US$),Economic Policy & Debt,current US$,2018,3421.5134,,,,1,-0.075781
1009,VE,"Venezuela, RB",,,NY.GDP.PCAP.CD,GDP per capita (current US$),Economic Policy & Debt,current US$,2018,3421.5134,,,,1,-0.010803
1008,VE,"Venezuela, RB",,,NY.GDP.PCAP.CD,GDP per capita (current US$),Economic Policy & Debt,current US$,2019,2523.1153,3421.5134,-898.3981,-26.26,1,-0.077001
1008,VE,"Venezuela, RB",,,NY.GDP.PCAP.CD,GDP per capita (current US$),Economic Policy & Debt,current US$,2019,2523.1153,3421.5134,-898.3981,-26.26,1,-0.012024
1007,VE,"Venezuela, RB",,,NY.GDP.PCAP.CD,GDP per capita (current US$),Economic Policy & Debt,current US$,2020,1506.0417,2523.1153,-1017.0736,-40.31,1,-0.166788
1007,VE,"Venezuela, RB",,,NY.GDP.PCAP.CD,GDP per capita (current US$),Economic Policy & Debt,current US$,2020,1506.0417,2523.1153,-1017.0736,-40.31,1,-0.101811
1006,VE,"Venezuela, RB",,,NY.GDP.PCAP.CD,GDP per capita (current US$),Economic Policy & Debt,current US$,2021,2004.9357,1506.0417,498.8940,33.13,1,-0.107738
1006,VE,"Venezuela, RB",,,NY.GDP.PCAP.CD,GDP per capita (current US$),Economic Policy & Debt,current US$,2021,2004.9357,1506.0417,498.8940,33.13,1,-0.042761
4128,VE,"Venezuela, RB",,,SH.H2O.BASW.ZS,People using at least basic drinking water services (% of population),Environment: Water and sanitation,% of population,2018,94.0400,,,,0,0
4127,VE,"Venezuela, RB",,,SH.H2O.BASW.ZS,People using at least basic drinking water services (% of population),Environment: Water and sanitation,% of population,2019,93.8629,94.0400,-0.1771,-0.19,0,0
4126,VE,"Venezuela, RB",,,SH.H2O.BASW.ZS,People using at least basic drinking water services (% of population),Environment: Water and sanitation,% of population,2020,93.6858,93.8629,-0.1771,-0.19,0,0
4125,VE,"Venezuela, RB",,,SH.H2O.BASW.ZS,People using at least basic drinking water services (% of population),Environment: Water and sanitation,% of population,2021,93.5087,93.6858,-0.1771,-0.19,0,0
3118,VE,"Venezuela, RB",,,SP.DYN.LE00.IN,"Life expectancy at birth, total (years)",Health,years,2018,72.6410,,,,0,0
3117,VE,"Venezuela, RB",,,SP.DYN.LE00.IN,"Life expectancy at birth, total (years)",Health,years,2019,72.7660,72.6410,0.1250,0.17,0,0
3116,VE,"Venezuela, RB",,,SP.DYN.LE00.IN,"Life expectancy at birth, total (years)",Health,years,2020,72.3690,72.7660,-0.3970,-0.55,0,0
3115,VE,"Venezuela, RB",,,SP.DYN.LE00.IN,"Life expectancy at birth, total (years)",Health,years,2021,71.5360,72.3690,-0.8330,-1.15,0,0
2062,VE,"Venezuela, RB",,,SP.POP.TOTL,"Population, total",Health: Population,people,2018,29807592.0000,,,,0,0
2061,VE,"Venezuela, RB",,,SP.POP.TOTL,"Population, total",Health: Population,people,2019,28938098.0000,29807592.0000,-869494.0000,-2.92,0,0
2060,VE,"Venezuela, RB",,,SP.POP.TOTL,"Population, total",Health: Population,people,2020,28444077.0000,28938098.0000,-494021.0000,-1.71,0,0
2059,VE,"Venezuela, RB",,,SP.POP.TOTL,"Population, total",Health: Population,people,2021,28237826.0000,28444077.0000,-206251.0000,-0.73,0,0
3432,VG,British Virgin Islands,,,SH.H2O.BASW.ZS,People using at least basic drinking water services (% of population),Environment: Water and sanitation,% of population,2018,99.8644,,,,0,0
3431,VG,British Virgin Islands,,,SH.H2O.BASW.ZS,People using at least basic drinking water services (% of population),Environment: Water and sanitation,% of population,2019,99.8644,99.8644,0.0000,0.00,0,0
3430,VG,British Virgin Islands,,,SH.H2O.BASW.ZS,People using at least basic drinking water services (% of population),Environment: Water and sanitation,% of population,2020,99.8644,99.8644,0.0000,0.00,0,0
3429,VG,British Virgin Islands,,,SH.H2O.BASW.ZS,People using at least basic drinking water services (% of population),Environment: Water and sanitation,% of population,2021,99.8644,99.8644,0.0000,0.00,0,0
6930,VG,British Virgin Islands,,,SH.H2O.BASW.ZS,People using at least basic drinking water services (% of population),Environment: Water and sanitation,% of population,2024,99.8644,99.8644,0.0000,0.00,0,0
2386,VG,British Virgin Islands,,,SP.DYN.LE00.IN,"Life expectancy at birth, total (years)",Health,years,2018,76.7280,,,,0,0
2385,VG,British Virgin Islands,,,SP.DYN.LE00.IN,"Life expectancy at birth, total (years)",Health,years,2019,76.8450,76.7280,0.1170,0.15,0,0
2384,VG,British Virgin Islands,,,SP.DYN.LE00.IN,"Life expectancy at birth, total (years)",Health,years,2020,76.8940,76.8450,0.0490,0.06,0,0
2383,VG,British Virgin Islands,,,SP.DYN.LE00.IN,"Life expectancy at birth, total (years)",Health,years,2021,75.2970,76.8940,-1.5970,-2.08,0,0
6684,VG,British Virgin Islands,,,SP.DYN.LE00.IN,"Life expectancy at birth, total (years)",Health,years,2024,77.4310,75.2970,2.1340,2.83,0,0
1330,VG,British Virgin Islands,,,SP.POP.TOTL,"Population, total",Health: Population,people,2018,34657.0000,,,,0,0
1329,VG,British Virgin Islands,,,SP.POP.TOTL,"Population, total",Health: Population,people,2019,36395.0000,34657.0000,1738.0000,5.01,0,0
1328,VG,British Virgin Islands,,,SP.POP.TOTL,"Population, total",Health: Population,people,2020,37135.0000,36395.0000,740.0000,2.03,0,0
1327,VG,British Virgin Islands,,,SP.POP.TOTL,"Population, total",Health: Population,people,2021,37809.0000,37135.0000,674.0000,1.81,0,0
6261,VG,British Virgin Islands,,,SP.POP.TOTL,"Population, total",Health: Population,people,2024,39471.0000,37809.0000,1662.0000,4.40,0,0
6260,VG,British Virgin Islands,,,SP.POP.TOTL,"Population, total",Health: Population,people,2025,39732.0000,39471.0000,261.0000,0.66,0,0
1017,VI,Virgin Islands (U.S.),,,NY.GDP.PCAP.CD,GDP per capita (current US$),Economic Policy & Debt,current US$,2018,36663.2088,,,,0,0
1016,VI,Virgin Islands (U.S.),,,NY.GDP.PCAP.CD,GDP per capita (current US$),Economic Policy & Debt,current US$,2019,38633.5299,36663.2088,1970.3211,5.37,0,0
1015,VI,Virgin Islands (U.S.),,,NY.GDP.PCAP.CD,GDP per capita (current US$),Economic Policy & Debt,current US$,2020,39787.3742,38633.5299,1153.8443,2.99,0,0
1014,VI,Virgin Islands (U.S.),,,NY.GDP.PCAP.CD,GDP per capita (current US$),Economic Policy & Debt,current US$,2021,42571.0777,39787.3742,2783.7035,7.00,1,-0.012514
4136,VI,Virgin Islands (U.S.),,,SH.H2O.BASW.ZS,People using at least basic drinking water services (% of population),Environment: Water and sanitation,% of population,2018,99.2896,,,,0,0
4135,VI,Virgin Islands (U.S.),,,SH.H2O.BASW.ZS,People using at least basic drinking water services (% of population),Environment: Water and sanitation,% of population,2019,99.3336,99.2896,0.0440,0.04,0,0
4134,VI,Virgin Islands (U.S.),,,SH.H2O.BASW.ZS,People using at least basic drinking water services (% of population),Environment: Water and sanitation,% of population,2020,99.3777,99.3336,0.0441,0.04,0,0
4133,VI,Virgin Islands (U.S.),,,SH.H2O.BASW.ZS,People using at least basic drinking water services (% of population),Environment: Water and sanitation,% of population,2021,99.4217,99.3777,0.0440,0.04,0,0
3126,VI,Virgin Islands (U.S.),,,SP.DYN.LE00.IN,"Life expectancy at birth, total (years)",Health,years,2018,79.5195,,,,0,0
3125,VI,Virgin Islands (U.S.),,,SP.DYN.LE00.IN,"Life expectancy at birth, total (years)",Health,years,2019,79.6683,79.5195,0.1488,0.19,0,0
3124,VI,Virgin Islands (U.S.),,,SP.DYN.LE00.IN,"Life expectancy at birth, total (years)",Health,years,2020,79.8195,79.6683,0.1512,0.19,0,0
3123,VI,Virgin Islands (U.S.),,,SP.DYN.LE00.IN,"Life expectancy at birth, total (years)",Health,years,2021,80.0683,79.8195,0.2488,0.31,0,0
2070,VI,Virgin Islands (U.S.),,,SP.POP.TOTL,"Population, total",Health: Population,people,2018,107001.0000,,,,0,0
2069,VI,Virgin Islands (U.S.),,,SP.POP.TOTL,"Population, total",Health: Population,people,2019,106669.0000,107001.0000,-332.0000,-0.31,0,0
2068,VI,Virgin Islands (U.S.),,,SP.POP.TOTL,"Population, total",Health: Population,people,2020,106290.0000,106669.0000,-379.0000,-0.36,0,0
2067,VI,Virgin Islands (U.S.),,,SP.POP.TOTL,"Population, total",Health: Population,people,2021,105870.0000,106290.0000,-420.0000,-0.40,0,0
1013,VN,Viet Nam,,,NY.GDP.PCAP.CD,GDP per capita (current US$),Economic Policy & Debt,current US$,2018,3222.3100,,,,0,0
1012,VN,Viet Nam,,,NY.GDP.PCAP.CD,GDP per capita (current US$),Economic Policy & Debt,current US$,2019,3440.9003,3222.3100,218.5903,6.78,0,0
1011,VN,Viet Nam,,,NY.GDP.PCAP.CD,GDP per capita (current US$),Economic Policy & Debt,current US$,2020,3534.0395,3440.9003,93.1392,2.71,0,0
1010,VN,Viet Nam,,,NY.GDP.PCAP.CD,GDP per capita (current US$),Economic Policy & Debt,current US$,2021,3704.1936,3534.0395,170.1541,4.81,0,0
4132,VN,Viet Nam,,,SH.H2O.BASW.ZS,People using at least basic drinking water services (% of population),Environment: Water and sanitation,% of population,2018,94.8328,,,,0,0
4131,VN,Viet Nam,,,SH.H2O.BASW.ZS,People using at least basic drinking water services (% of population),Environment: Water and sanitation,% of population,2019,95.6343,94.8328,0.8015,0.85,0,0
4130,VN,Viet Nam,,,SH.H2O.BASW.ZS,People using at least basic drinking water services (% of population),Environment: Water and sanitation,% of population,2020,96.2942,95.6343,0.6599,0.69,0,0
4129,VN,Viet Nam,,,SH.H2O.BASW.ZS,People using at least basic drinking water services (% of population),Environment: Water and sanitation,% of population,2021,96.9271,96.2942,0.6329,0.66,0,0
3122,VN,Viet Nam,,,SP.DYN.LE00.IN,"Life expectancy at birth, total (years)",Health,years,2018,74.1000,,,,0,0
3121,VN,Viet Nam,,,SP.DYN.LE00.IN,"Life expectancy at birth, total (years)",Health,years,2019,74.2110,74.1000,0.1110,0.15,0,0
3120,VN,Viet Nam,,,SP.DYN.LE00.IN,"Life expectancy at birth, total (years)",Health,years,2020,75.3830,74.2110,1.1720,1.58,0,0
3119,VN,Viet Nam,,,SP.DYN.LE00.IN,"Life expectancy at birth, total (years)",Health,years,2021,74.1450,75.3830,-1.2380,-1.64,0,0
2066,VN,Viet Nam,,,SP.POP.TOTL,"Population, total",Health: Population,people,2018,96237319.0000,,,,0,0
2065,VN,Viet Nam,,,SP.POP.TOTL,"Population, total",Health: Population,people,2019,97173776.0000,96237319.0000,936457.0000,0.97,0,0
2064,VN,Viet Nam,,,SP.POP.TOTL,"Population, total",Health: Population,people,2020,98079191.0000,97173776.0000,905415.0000,0.93,0,0
2063,VN,Viet Nam,,,SP.POP.TOTL,"Population, total",Health: Population,people,2021,98935098.0000,98079191.0000,855907.0000,0.87,0,0
1005,VU,Vanuatu,,,NY.GDP.PCAP.CD,GDP per capita (current US$),Economic Policy & Debt,current US$,2018,3626.1886,,,,0,0
1004,VU,Vanuatu,,,NY.GDP.PCAP.CD,GDP per capita (current US$),Economic Policy & Debt,current US$,2019,3635.6234,3626.1886,9.4348,0.26,0,0
1003,VU,Vanuatu,,,NY.GDP.PCAP.CD,GDP per capita (current US$),Economic Policy & Debt,current US$,2020,3404.3036,3635.6234,-231.3198,-6.36,0,0
1002,VU,Vanuatu,,,NY.GDP.PCAP.CD,GDP per capita (current US$),Economic Policy & Debt,current US$,2021,3576.1377,3404.3036,171.8341,5.05,0,0
4124,VU,Vanuatu,,,SH.H2O.BASW.ZS,People using at least basic drinking water services (% of population),Environment: Water and sanitation,% of population,2018,86.7345,,,,0,0
4123,VU,Vanuatu,,,SH.H2O.BASW.ZS,People using at least basic drinking water services (% of population),Environment: Water and sanitation,% of population,2019,86.7974,86.7345,0.0629,0.07,0,0
4122,VU,Vanuatu,,,SH.H2O.BASW.ZS,People using at least basic drinking water services (% of population),Environment: Water and sanitation,% of population,2020,86.8609,86.7974,0.0635,0.07,0,0
4121,VU,Vanuatu,,,SH.H2O.BASW.ZS,People using at least basic drinking water services (% of population),Environment: Water and sanitation,% of population,2021,86.9249,86.8609,0.0640,0.07,0,0
3114,VU,Vanuatu,,,SP.DYN.LE00.IN,"Life expectancy at birth, total (years)",Health,years,2018,70.6260,,,,0,0
3113,VU,Vanuatu,,,SP.DYN.LE00.IN,"Life expectancy at birth, total (years)",Health,years,2019,70.7830,70.6260,0.1570,0.22,0,0
3112,VU,Vanuatu,,,SP.DYN.LE00.IN,"Life expectancy at birth, total (years)",Health,years,2020,70.3850,70.7830,-0.3980,-0.56,0,0
3111,VU,Vanuatu,,,SP.DYN.LE00.IN,"Life expectancy at birth, total (years)",Health,years,2021,69.9520,70.3850,-0.4330,-0.62,0,0
2058,VU,Vanuatu,,,SP.POP.TOTL,"Population, total",Health: Population,people,2018,285259.0000,,,,0,0
2057,VU,Vanuatu,,,SP.POP.TOTL,"Population, total",Health: Population,people,2019,291985.0000,285259.0000,6726.0000,2.36,0,0
2056,VU,Vanuatu,,,SP.POP.TOTL,"Population, total",Health: Population,people,2020,298858.0000,291985.0000,6873.0000,2.35,0,0
2055,VU,Vanuatu,,,SP.POP.TOTL,"Population, total",Health: Population,people,2021,305868.0000,298858.0000,7010.0000,2.35,0,0
827,WS,Samoa,,,NY.GDP.PCAP.CD,GDP per capita (current US$),Economic Policy & Debt,current US$,2018,4231.8141,,,,0,0
826,WS,Samoa,,,NY.GDP.PCAP.CD,GDP per capita (current US$),Economic Policy & Debt,current US$,2019,4351.9423,4231.8141,120.1282,2.84,0,0
825,WS,Samoa,,,NY.GDP.PCAP.CD,GDP per capita (current US$),Economic Policy & Debt,current US$,2020,4099.5966,4351.9423,-252.3457,-5.80,0,0
824,WS,Samoa,,,NY.GDP.PCAP.CD,GDP per capita (current US$),Economic Policy & Debt,current US$,2021,4021.5593,4099.5966,-78.0373,-1.90,0,0
6044,WS,Samoa,,,NY.GDP.PCAP.CD,GDP per capita (current US$),Economic Policy & Debt,current US$,2024,5392.8776,4021.5593,1371.3183,34.10,0,0
6043,WS,Samoa,,,NY.GDP.PCAP.CD,GDP per capita (current US$),Economic Policy & Debt,current US$,2025,5872.7833,5392.8776,479.9057,8.90,1,-0.056552
3951,WS,Samoa,,,SH.H2O.BASW.ZS,People using at least basic drinking water services (% of population),Environment: Water and sanitation,% of population,2018,94.5631,,,,0,0
3950,WS,Samoa,,,SH.H2O.BASW.ZS,People using at least basic drinking water services (% of population),Environment: Water and sanitation,% of population,2019,95.4737,94.5631,0.9106,0.96,0,0
3949,WS,Samoa,,,SH.H2O.BASW.ZS,People using at least basic drinking water services (% of population),Environment: Water and sanitation,% of population,2020,96.3864,95.4737,0.9127,0.96,0,0
3948,WS,Samoa,,,SH.H2O.BASW.ZS,People using at least basic drinking water services (% of population),Environment: Water and sanitation,% of population,2021,97.3016,96.3864,0.9152,0.95,0,0
7057,WS,Samoa,,,SH.H2O.BASW.ZS,People using at least basic drinking water services (% of population),Environment: Water and sanitation,% of population,2024,99.4409,97.3016,2.1393,2.20,0,0
2930,WS,Samoa,,,SP.DYN.LE00.IN,"Life expectancy at birth, total (years)",Health,years,2018,71.0520,,,,0,0
2929,WS,Samoa,,,SP.DYN.LE00.IN,"Life expectancy at birth, total (years)",Health,years,2019,70.2690,71.0520,-0.7830,-1.10,0,0
2928,WS,Samoa,,,SP.DYN.LE00.IN,"Life expectancy at birth, total (years)",Health,years,2020,70.7270,70.2690,0.4580,0.65,0,0
2927,WS,Samoa,,,SP.DYN.LE00.IN,"Life expectancy at birth, total (years)",Health,years,2021,71.0960,70.7270,0.3690,0.52,0,0
6820,WS,Samoa,,,SP.DYN.LE00.IN,"Life expectancy at birth, total (years)",Health,years,2024,71.8260,71.0960,0.7300,1.03,0,0
1874,WS,Samoa,,,SP.POP.TOTL,"Population, total",Health: Population,people,2018,207582.0000,,,,0,0
1873,WS,Samoa,,,SP.POP.TOTL,"Population, total",Health: Population,people,2019,209780.0000,207582.0000,2198.0000,1.06,0,0
1872,WS,Samoa,,,SP.POP.TOTL,"Population, total",Health: Population,people,2020,211944.0000,209780.0000,2164.0000,1.03,0,0
1871,WS,Samoa,,,SP.POP.TOTL,"Population, total",Health: Population,people,2021,213779.0000,211944.0000,1835.0000,0.87,0,0
6533,WS,Samoa,,,SP.POP.TOTL,"Population, total",Health: Population,people,2024,218019.0000,213779.0000,4240.0000,1.98,0,0
6532,WS,Samoa,,,SP.POP.TOTL,"Population, total",Health: Population,people,2025,219306.0000,218019.0000,1287.0000,0.59,0,0
40,XC,Euro area,,,NY.GDP.PCAP.CD,GDP per capita (current US$),Economic Policy & Debt,current US$,2018,39562.0814,,,,0,0
39,XC,Euro area,,,NY.GDP.PCAP.CD,GDP per capita (current US$),Economic Policy & Debt,current US$,2019,38679.6119,39562.0814,-882.4695,-2.23,0,0
38,XC,Euro area,,,NY.GDP.PCAP.CD,GDP per capita (current US$),Economic Policy & Debt,current US$,2020,37727.4543,38679.6119,-952.1576,-2.46,0,0
37,XC,Euro area,,,NY.GDP.PCAP.CD,GDP per capita (current US$),Economic Policy & Debt,current US$,2021,42432.2916,37727.4543,4704.8373,12.47,0,0
5676,XC,Euro area,,,NY.GDP.PCAP.CD,GDP per capita (current US$),Economic Policy & Debt,current US$,2024,46424.2413,42432.2916,3991.9497,9.41,0,0
5675,XC,Euro area,,,NY.GDP.PCAP.CD,GDP per capita (current US$),Economic Policy & Debt,current US$,2025,50214.0783,46424.2413,3789.8370,8.16,1,-0.075536
5675,XC,Euro area,,,NY.GDP.PCAP.CD,GDP per capita (current US$),Economic Policy & Debt,current US$,2025,50214.0783,46424.2413,3789.8370,8.16,1,-0.010559
3182,XC,Euro area,,,SH.H2O.BASW.ZS,People using at least basic drinking water services (% of population),Environment: Water and sanitation,% of population,2018,99.8666,,,,0,0
3181,XC,Euro area,,,SH.H2O.BASW.ZS,People using at least basic drinking water services (% of population),Environment: Water and sanitation,% of population,2019,99.8706,99.8666,0.0040,0.00,0,0
3180,XC,Euro area,,,SH.H2O.BASW.ZS,People using at least basic drinking water services (% of population),Environment: Water and sanitation,% of population,2020,99.8736,99.8706,0.0030,0.00,0,0
3179,XC,Euro area,,,SH.H2O.BASW.ZS,People using at least basic drinking water services (% of population),Environment: Water and sanitation,% of population,2021,99.8764,99.8736,0.0028,0.00,0,0
6868,XC,Euro area,,,SH.H2O.BASW.ZS,People using at least basic drinking water services (% of population),Environment: Water and sanitation,% of population,2024,99.8813,99.8764,0.0049,0.00,0,0
2126,XC,Euro area,,,SP.DYN.LE00.IN,"Life expectancy at birth, total (years)",Health,years,2018,81.8676,,,,0,0
2125,XC,Euro area,,,SP.DYN.LE00.IN,"Life expectancy at birth, total (years)",Health,years,2019,82.1461,81.8676,0.2785,0.34,0,0
2124,XC,Euro area,,,SP.DYN.LE00.IN,"Life expectancy at birth, total (years)",Health,years,2020,81.3367,82.1461,-0.8094,-0.99,0,0
2123,XC,Euro area,,,SP.DYN.LE00.IN,"Life expectancy at birth, total (years)",Health,years,2021,81.3931,81.3367,0.0564,0.07,0,0
6619,XC,Euro area,,,SP.DYN.LE00.IN,"Life expectancy at birth, total (years)",Health,years,2024,82.2469,81.3931,0.8538,1.05,0,0
1070,XC,Euro area,,,SP.POP.TOTL,"Population, total",Health: Population,people,2018,352303991.0000,,,,0,0
1069,XC,Euro area,,,SP.POP.TOTL,"Population, total",Health: Population,people,2019,353113327.0000,352303991.0000,809336.0000,0.23,0,0
1068,XC,Euro area,,,SP.POP.TOTL,"Population, total",Health: Population,people,2020,353536838.0000,353113327.0000,423511.0000,0.12,0,0
1067,XC,Euro area,,,SP.POP.TOTL,"Population, total",Health: Population,people,2021,353715415.0000,353536838.0000,178577.0000,0.05,0,0
6131,XC,Euro area,,,SP.POP.TOTL,"Population, total",Health: Population,people,2024,357603357.0000,353715415.0000,3887942.0000,1.10,0,0
6130,XC,Euro area,,,SP.POP.TOTL,"Population, total",Health: Population,people,2025,358664361.0000,357603357.0000,1061004.0000,0.30,0,0
64,XD,High income,,,NY.GDP.PCAP.CD,GDP per capita (current US$),Economic Policy & Debt,current US$,2018,41295.6262,,,,0,0
63,XD,High income,,,NY.GDP.PCAP.CD,GDP per capita (current US$),Economic Policy & Debt,current US$,2019,41570.3761,41295.6262,274.7499,0.67,0,0
62,XD,High income,,,NY.GDP.PCAP.CD,GDP per capita (current US$),Economic Policy & Debt,current US$,2020,40453.9687,41570.3761,-1116.4074,-2.69,0,0
61,XD,High income,,,NY.GDP.PCAP.CD,GDP per capita (current US$),Economic Policy & Debt,current US$,2021,45545.9475,40453.9687,5091.9788,12.59,0,0
5688,XD,High income,,,NY.GDP.PCAP.CD,GDP per capita (current US$),Economic Policy & Debt,current US$,2024,50907.2761,45545.9475,5361.3286,11.77,0,0
5687,XD,High income,,,NY.GDP.PCAP.CD,GDP per capita (current US$),Economic Policy & Debt,current US$,2025,53997.2580,50907.2761,3089.9819,6.07,1,-0.064845
3206,XD,High income,,,SH.H2O.BASW.ZS,People using at least basic drinking water services (% of population),Environment: Water and sanitation,% of population,2018,99.0870,,,,0,0
3205,XD,High income,,,SH.H2O.BASW.ZS,People using at least basic drinking water services (% of population),Environment: Water and sanitation,% of population,2019,99.1073,99.0870,0.0203,0.02,0,0
3204,XD,High income,,,SH.H2O.BASW.ZS,People using at least basic drinking water services (% of population),Environment: Water and sanitation,% of population,2020,99.1281,99.1073,0.0208,0.02,0,0
3203,XD,High income,,,SH.H2O.BASW.ZS,People using at least basic drinking water services (% of population),Environment: Water and sanitation,% of population,2021,99.1481,99.1281,0.0200,0.02,0,0
6874,XD,High income,,,SH.H2O.BASW.ZS,People using at least basic drinking water services (% of population),Environment: Water and sanitation,% of population,2024,99.1642,99.1481,0.0161,0.02,0,0
2150,XD,High income,,,SP.DYN.LE00.IN,"Life expectancy at birth, total (years)",Health,years,2018,79.9660,,,,0,0
2149,XD,High income,,,SP.DYN.LE00.IN,"Life expectancy at birth, total (years)",Health,years,2019,80.1993,79.9660,0.2333,0.29,0,0
2148,XD,High income,,,SP.DYN.LE00.IN,"Life expectancy at birth, total (years)",Health,years,2020,79.2041,80.1993,-0.9952,-1.24,0,0
2147,XD,High income,,,SP.DYN.LE00.IN,"Life expectancy at birth, total (years)",Health,years,2021,78.7982,79.2041,-0.4059,-0.51,0,0
6625,XD,High income,,,SP.DYN.LE00.IN,"Life expectancy at birth, total (years)",Health,years,2024,80.3939,78.7982,1.5957,2.03,0,0
1094,XD,High income,,,SP.POP.TOTL,"Population, total",Health: Population,people,2018,1384829843.0000,,,,0,0
1093,XD,High income,,,SP.POP.TOTL,"Population, total",Health: Population,people,2019,1389767299.0000,1384829843.0000,4937456.0000,0.36,0,0
1092,XD,High income,,,SP.POP.TOTL,"Population, total",Health: Population,people,2020,1393469256.0000,1389767299.0000,3701957.0000,0.27,0,0
1091,XD,High income,,,SP.POP.TOTL,"Population, total",Health: Population,people,2021,1391809845.0000,1393469256.0000,-1659411.0000,-0.12,0,0
6143,XD,High income,,,SP.POP.TOTL,"Population, total",Health: Population,people,2024,1417926222.0000,1391809845.0000,26116377.0000,1.88,0,0
6142,XD,High income,,,SP.POP.TOTL,"Population, total",Health: Population,people,2025,1423739902.0000,1417926222.0000,5813680.0000,0.41,0,0
60,XE,Heavily indebted poor countries (HIPC),,,NY.GDP.PCAP.CD,GDP per capita (current US$),Economic Policy & Debt,current US$,2018,986.4480,,,,0,0
59,XE,Heavily indebted poor countries (HIPC),,,NY.GDP.PCAP.CD,GDP per capita (current US$),Economic Policy & Debt,current US$,2019,984.5534,986.4480,-1.8946,-0.19,0,0
58,XE,Heavily indebted poor countries (HIPC),,,NY.GDP.PCAP.CD,GDP per capita (current US$),Economic Policy & Debt,current US$,2020,963.8085,984.5534,-20.7449,-2.11,0,0
57,XE,Heavily indebted poor countries (HIPC),,,NY.GDP.PCAP.CD,GDP per capita (current US$),Economic Policy & Debt,current US$,2021,1062.5869,963.8085,98.7784,10.25,0,0
5686,XE,Heavily indebted poor countries (HIPC),,,NY.GDP.PCAP.CD,GDP per capita (current US$),Economic Policy & Debt,current US$,2024,1220.8458,1062.5869,158.2589,14.89,0,0
5685,XE,Heavily indebted poor countries (HIPC),,,NY.GDP.PCAP.CD,GDP per capita (current US$),Economic Policy & Debt,current US$,2025,1331.9000,1220.8458,111.0542,9.10,1,-0.059971
3202,XE,Heavily indebted poor countries (HIPC),,,SH.H2O.BASW.ZS,People using at least basic drinking water services (% of population),Environment: Water and sanitation,% of population,2018,58.1267,,,,0,0
3201,XE,Heavily indebted poor countries (HIPC),,,SH.H2O.BASW.ZS,People using at least basic drinking water services (% of population),Environment: Water and sanitation,% of population,2019,59.0895,58.1267,0.9628,1.66,0,0
3200,XE,Heavily indebted poor countries (HIPC),,,SH.H2O.BASW.ZS,People using at least basic drinking water services (% of population),Environment: Water and sanitation,% of population,2020,60.0493,59.0895,0.9598,1.62,0,0
3199,XE,Heavily indebted poor countries (HIPC),,,SH.H2O.BASW.ZS,People using at least basic drinking water services (% of population),Environment: Water and sanitation,% of population,2021,61.0018,60.0493,0.9525,1.59,0,0
6873,XE,Heavily indebted poor countries (HIPC),,,SH.H2O.BASW.ZS,People using at least basic drinking water services (% of population),Environment: Water and sanitation,% of population,2024,63.8238,61.0018,2.8220,4.63,1,-0.007297
2146,XE,Heavily indebted poor countries (HIPC),,,SP.DYN.LE00.IN,"Life expectancy at birth, total (years)",Health,years,2018,62.8008,,,,0,0
2145,XE,Heavily indebted poor countries (HIPC),,,SP.DYN.LE00.IN,"Life expectancy at birth, total (years)",Health,years,2019,63.0919,62.8008,0.2911,0.46,0,0
2144,XE,Heavily indebted poor countries (HIPC),,,SP.DYN.LE00.IN,"Life expectancy at birth, total (years)",Health,years,2020,63.0748,63.0919,-0.0171,-0.03,0,0
2143,XE,Heavily indebted poor countries (HIPC),,,SP.DYN.LE00.IN,"Life expectancy at birth, total (years)",Health,years,2021,62.5328,63.0748,-0.5420,-0.86,0,0
6624,XE,Heavily indebted poor countries (HIPC),,,SP.DYN.LE00.IN,"Life expectancy at birth, total (years)",Health,years,2024,64.9204,62.5328,2.3876,3.82,0,0
1090,XE,Heavily indebted poor countries (HIPC),,,SP.POP.TOTL,"Population, total",Health: Population,people,2018,801220102.0000,,,,0,0
1089,XE,Heavily indebted poor countries (HIPC),,,SP.POP.TOTL,"Population, total",Health: Population,people,2019,823805910.0000,801220102.0000,22585808.0000,2.82,0,0
1088,XE,Heavily indebted poor countries (HIPC),,,SP.POP.TOTL,"Population, total",Health: Population,people,2020,846861642.0000,823805910.0000,23055732.0000,2.80,0,0
1087,XE,Heavily indebted poor countries (HIPC),,,SP.POP.TOTL,"Population, total",Health: Population,people,2021,869987833.0000,846861642.0000,23126191.0000,2.73,0,0
6141,XE,Heavily indebted poor countries (HIPC),,,SP.POP.TOTL,"Population, total",Health: Population,people,2024,940304348.0000,869987833.0000,70316515.0000,8.08,0,0
6140,XE,Heavily indebted poor countries (HIPC),,,SP.POP.TOTL,"Population, total",Health: Population,people,2025,965148593.0000,940304348.0000,24844245.0000,2.64,0,0
68,XF,IBRD only,,,NY.GDP.PCAP.CD,GDP per capita (current US$),Economic Policy & Debt,current US$,2018,6392.2073,,,,0,0
67,XF,IBRD only,,,NY.GDP.PCAP.CD,GDP per capita (current US$),Economic Policy & Debt,current US$,2019,6474.8043,6392.2073,82.5970,1.29,0,0
66,XF,IBRD only,,,NY.GDP.PCAP.CD,GDP per capita (current US$),Economic Policy & Debt,current US$,2020,6189.4660,6474.8043,-285.3383,-4.41,0,0
65,XF,IBRD only,,,NY.GDP.PCAP.CD,GDP per capita (current US$),Economic Policy & Debt,current US$,2021,7312.4059,6189.4660,1122.9399,18.14,0,0
5690,XF,IBRD only,,,NY.GDP.PCAP.CD,GDP per capita (current US$),Economic Policy & Debt,current US$,2024,8186.5748,7312.4059,874.1689,11.95,0,0
5689,XF,IBRD only,,,NY.GDP.PCAP.CD,GDP per capita (current US$),Economic Policy & Debt,current US$,2025,8599.3583,8186.5748,412.7835,5.04,0,0
3210,XF,IBRD only,,,SH.H2O.BASW.ZS,People using at least basic drinking water services (% of population),Environment: Water and sanitation,% of population,2018,93.2000,,,,0,0
3209,XF,IBRD only,,,SH.H2O.BASW.ZS,People using at least basic drinking water services (% of population),Environment: Water and sanitation,% of population,2019,93.6278,93.2000,0.4278,0.46,0,0
3208,XF,IBRD only,,,SH.H2O.BASW.ZS,People using at least basic drinking water services (% of population),Environment: Water and sanitation,% of population,2020,94.0411,93.6278,0.4133,0.44,0,0
3207,XF,IBRD only,,,SH.H2O.BASW.ZS,People using at least basic drinking water services (% of population),Environment: Water and sanitation,% of population,2021,94.5172,94.0411,0.4761,0.51,0,0
6875,XF,IBRD only,,,SH.H2O.BASW.ZS,People using at least basic drinking water services (% of population),Environment: Water and sanitation,% of population,2024,95.6567,94.5172,1.1395,1.21,0,0
2154,XF,IBRD only,,,SP.DYN.LE00.IN,"Life expectancy at birth, total (years)",Health,years,2018,73.7949,,,,0,0
2153,XF,IBRD only,,,SP.DYN.LE00.IN,"Life expectancy at birth, total (years)",Health,years,2019,74.0313,73.7949,0.2364,0.32,0,0
2152,XF,IBRD only,,,SP.DYN.LE00.IN,"Life expectancy at birth, total (years)",Health,years,2020,73.2951,74.0313,-0.7362,-0.99,0,0
2151,XF,IBRD only,,,SP.DYN.LE00.IN,"Life expectancy at birth, total (years)",Health,years,2021,71.9742,73.2951,-1.3209,-1.80,0,0
6626,XF,IBRD only,,,SP.DYN.LE00.IN,"Life expectancy at birth, total (years)",Health,years,2024,74.6729,71.9742,2.6987,3.75,0,0
1098,XF,IBRD only,,,SP.POP.TOTL,"Population, total",Health: Population,people,2018,4806981820.0000,,,,1,-0.053821
1097,XF,IBRD only,,,SP.POP.TOTL,"Population, total",Health: Population,people,2019,4845075024.0000,4806981820.0000,38093204.0000,0.79,1,-0.013618
1096,XF,IBRD only,,,SP.POP.TOTL,"Population, total",Health: Population,people,2020,4878296727.0000,4845075024.0000,33221703.0000,0.69,1,-0.009459
1095,XF,IBRD only,,,SP.POP.TOTL,"Population, total",Health: Population,people,2021,4905212516.0000,4878296727.0000,26915789.0000,0.55,1,-0.001477
6145,XF,IBRD only,,,SP.POP.TOTL,"Population, total",Health: Population,people,2024,4979670326.0000,4905212516.0000,74457810.0000,1.52,1,-0.020373
6144,XF,IBRD only,,,SP.POP.TOTL,"Population, total",Health: Population,people,2025,5006926951.0000,4979670326.0000,27256625.0000,0.55,1,-0.043680
84,XG,IDA total,,,NY.GDP.PCAP.CD,GDP per capita (current US$),Economic Policy & Debt,current US$,2018,1411.2074,,,,0,0
83,XG,IDA total,,,NY.GDP.PCAP.CD,GDP per capita (current US$),Economic Policy & Debt,current US$,2019,1546.5726,1411.2074,135.3652,9.59,0,0
82,XG,IDA total,,,NY.GDP.PCAP.CD,GDP per capita (current US$),Economic Policy & Debt,current US$,2020,1467.7448,1546.5726,-78.8278,-5.10,0,0
81,XG,IDA total,,,NY.GDP.PCAP.CD,GDP per capita (current US$),Economic Policy & Debt,current US$,2021,1569.4303,1467.7448,101.6855,6.93,0,0
5698,XG,IDA total,,,NY.GDP.PCAP.CD,GDP per capita (current US$),Economic Policy & Debt,current US$,2024,1487.2803,1569.4303,-82.1500,-5.23,0,0
5697,XG,IDA total,,,NY.GDP.PCAP.CD,GDP per capita (current US$),Economic Policy & Debt,current US$,2025,1608.0842,1487.2803,120.8039,8.12,0,0
3226,XG,IDA total,,,SH.H2O.BASW.ZS,People using at least basic drinking water services (% of population),Environment: Water and sanitation,% of population,2018,71.3289,,,,0,0
3225,XG,IDA total,,,SH.H2O.BASW.ZS,People using at least basic drinking water services (% of population),Environment: Water and sanitation,% of population,2019,72.0943,71.3289,0.7654,1.07,0,0
3224,XG,IDA total,,,SH.H2O.BASW.ZS,People using at least basic drinking water services (% of population),Environment: Water and sanitation,% of population,2020,72.8660,72.0943,0.7717,1.07,0,0
3223,XG,IDA total,,,SH.H2O.BASW.ZS,People using at least basic drinking water services (% of population),Environment: Water and sanitation,% of population,2021,73.6333,72.8660,0.7673,1.05,0,0
6879,XG,IDA total,,,SH.H2O.BASW.ZS,People using at least basic drinking water services (% of population),Environment: Water and sanitation,% of population,2024,75.7164,73.6333,2.0831,2.83,0,0
2170,XG,IDA total,,,SP.DYN.LE00.IN,"Life expectancy at birth, total (years)",Health,years,2018,63.7324,,,,0,0
2169,XG,IDA total,,,SP.DYN.LE00.IN,"Life expectancy at birth, total (years)",Health,years,2019,64.0900,63.7324,0.3576,0.56,0,0
2168,XG,IDA total,,,SP.DYN.LE00.IN,"Life expectancy at birth, total (years)",Health,years,2020,63.8037,64.0900,-0.2863,-0.45,0,0
2167,XG,IDA total,,,SP.DYN.LE00.IN,"Life expectancy at birth, total (years)",Health,years,2021,63.4785,63.8037,-0.3252,-0.51,0,0
6630,XG,IDA total,,,SP.DYN.LE00.IN,"Life expectancy at birth, total (years)",Health,years,2024,65.6367,63.4785,2.1582,3.40,0,0
1114,XG,IDA total,,,SP.POP.TOTL,"Population, total",Health: Population,people,2018,1710275962.0000,,,,0,0
1113,XG,IDA total,,,SP.POP.TOTL,"Population, total",Health: Population,people,2019,1748298285.0000,1710275962.0000,38022323.0000,2.22,0,0
1112,XG,IDA total,,,SP.POP.TOTL,"Population, total",Health: Population,people,2020,1787291959.0000,1748298285.0000,38993674.0000,2.23,0,0
1111,XG,IDA total,,,SP.POP.TOTL,"Population, total",Health: Population,people,2021,1826496316.0000,1787291959.0000,39204357.0000,2.19,0,0
6153,XG,IDA total,,,SP.POP.TOTL,"Population, total",Health: Population,people,2024,1945691867.0000,1826496316.0000,119195551.0000,6.53,0,0
6152,XG,IDA total,,,SP.POP.TOTL,"Population, total",Health: Population,people,2025,1986863837.0000,1945691867.0000,41171970.0000,2.12,0,0
76,XH,IDA blend,,,NY.GDP.PCAP.CD,GDP per capita (current US$),Economic Policy & Debt,current US$,2018,1873.7386,,,,0,0
75,XH,IDA blend,,,NY.GDP.PCAP.CD,GDP per capita (current US$),Economic Policy & Debt,current US$,2019,2210.5554,1873.7386,336.8168,17.98,1,-0.063305
74,XH,IDA blend,,,NY.GDP.PCAP.CD,GDP per capita (current US$),Economic Policy & Debt,current US$,2020,2014.8119,2210.5554,-195.7435,-8.85,0,0
73,XH,IDA blend,,,NY.GDP.PCAP.CD,GDP per capita (current US$),Economic Policy & Debt,current US$,2021,2148.3163,2014.8119,133.5044,6.63,0,0
5694,XH,IDA blend,,,NY.GDP.PCAP.CD,GDP per capita (current US$),Economic Policy & Debt,current US$,2024,1658.9629,2148.3163,-489.3534,-22.78,0,0
5693,XH,IDA blend,,,NY.GDP.PCAP.CD,GDP per capita (current US$),Economic Policy & Debt,current US$,2025,1841.2045,1658.9629,182.2416,10.99,0,0
3218,XH,IDA blend,,,SH.H2O.BASW.ZS,People using at least basic drinking water services (% of population),Environment: Water and sanitation,% of population,2018,79.0662,,,,0,0
3217,XH,IDA blend,,,SH.H2O.BASW.ZS,People using at least basic drinking water services (% of population),Environment: Water and sanitation,% of population,2019,79.8028,79.0662,0.7366,0.93,0,0
3216,XH,IDA blend,,,SH.H2O.BASW.ZS,People using at least basic drinking water services (% of population),Environment: Water and sanitation,% of population,2020,80.5456,79.8028,0.7428,0.93,0,0
3215,XH,IDA blend,,,SH.H2O.BASW.ZS,People using at least basic drinking water services (% of population),Environment: Water and sanitation,% of population,2021,81.2935,80.5456,0.7479,0.93,0,0
6877,XH,IDA blend,,,SH.H2O.BASW.ZS,People using at least basic drinking water services (% of population),Environment: Water and sanitation,% of population,2024,83.3509,81.2935,2.0574,2.53,0,0
2162,XH,IDA blend,,,SP.DYN.LE00.IN,"Life expectancy at birth, total (years)",Health,years,2018,61.0741,,,,0,0
2161,XH,IDA blend,,,SP.DYN.LE00.IN,"Life expectancy at birth, total (years)",Health,years,2019,61.3260,61.0741,0.2519,0.41,0,0
2160,XH,IDA blend,,,SP.DYN.LE00.IN,"Life expectancy at birth, total (years)",Health,years,2020,60.8180,61.3260,-0.5080,-0.83,0,0
2159,XH,IDA blend,,,SP.DYN.LE00.IN,"Life expectancy at birth, total (years)",Health,years,2021,60.8765,60.8180,0.0585,0.10,0,0
6628,XH,IDA blend,,,SP.DYN.LE00.IN,"Life expectancy at birth, total (years)",Health,years,2024,62.6199,60.8765,1.7434,2.86,1,-0.005492
1106,XH,IDA blend,,,SP.POP.TOTL,"Population, total",Health: Population,people,2018,601951913.0000,,,,0,0
1105,XH,IDA blend,,,SP.POP.TOTL,"Population, total",Health: Population,people,2019,614017319.0000,601951913.0000,12065406.0000,2.00,0,0
1104,XH,IDA blend,,,SP.POP.TOTL,"Population, total",Health: Population,people,2020,626440308.0000,614017319.0000,12422989.0000,2.02,0,0
1103,XH,IDA blend,,,SP.POP.TOTL,"Population, total",Health: Population,people,2021,639196319.0000,626440308.0000,12756011.0000,2.04,0,0
6149,XH,IDA blend,,,SP.POP.TOTL,"Population, total",Health: Population,people,2024,676957651.0000,639196319.0000,37761332.0000,5.91,0,0
6148,XH,IDA blend,,,SP.POP.TOTL,"Population, total",Health: Population,people,2025,689783382.0000,676957651.0000,12825731.0000,1.89,0,0
80,XI,IDA only,,,NY.GDP.PCAP.CD,GDP per capita (current US$),Economic Policy & Debt,current US$,2018,1159.9979,,,,0,0
79,XI,IDA only,,,NY.GDP.PCAP.CD,GDP per capita (current US$),Economic Policy & Debt,current US$,2019,1187.1406,1159.9979,27.1427,2.34,0,0
78,XI,IDA only,,,NY.GDP.PCAP.CD,GDP per capita (current US$),Economic Policy & Debt,current US$,2020,1172.5262,1187.1406,-14.6144,-1.23,0,0
77,XI,IDA only,,,NY.GDP.PCAP.CD,GDP per capita (current US$),Economic Policy & Debt,current US$,2021,1257.7805,1172.5262,85.2543,7.27,0,0
5696,XI,IDA only,,,NY.GDP.PCAP.CD,GDP per capita (current US$),Economic Policy & Debt,current US$,2024,1395.6758,1257.7805,137.8953,10.96,0,0
5695,XI,IDA only,,,NY.GDP.PCAP.CD,GDP per capita (current US$),Economic Policy & Debt,current US$,2025,1484.1116,1395.6758,88.4358,6.34,1,-0.016993
3222,XI,IDA only,,,SH.H2O.BASW.ZS,People using at least basic drinking water services (% of population),Environment: Water and sanitation,% of population,2018,67.0839,,,,0,0
3221,XI,IDA only,,,SH.H2O.BASW.ZS,People using at least basic drinking water services (% of population),Environment: Water and sanitation,% of population,2019,67.8803,67.0839,0.7964,1.19,0,0
3220,XI,IDA only,,,SH.H2O.BASW.ZS,People using at least basic drinking water services (% of population),Environment: Water and sanitation,% of population,2020,68.6812,67.8803,0.8009,1.18,0,0
3219,XI,IDA only,,,SH.H2O.BASW.ZS,People using at least basic drinking water services (% of population),Environment: Water and sanitation,% of population,2021,69.4692,68.6812,0.7880,1.15,0,0
6878,XI,IDA only,,,SH.H2O.BASW.ZS,People using at least basic drinking water services (% of population),Environment: Water and sanitation,% of population,2024,71.6433,69.4692,2.1741,3.13,0,0
2166,XI,IDA only,,,SP.DYN.LE00.IN,"Life expectancy at birth, total (years)",Health,years,2018,65.1762,,,,0,0
2165,XI,IDA only,,,SP.DYN.LE00.IN,"Life expectancy at birth, total (years)",Health,years,2019,65.5863,65.1762,0.4101,0.63,0,0
2164,XI,IDA only,,,SP.DYN.LE00.IN,"Life expectancy at birth, total (years)",Health,years,2020,65.4149,65.5863,-0.1714,-0.26,0,0
2163,XI,IDA only,,,SP.DYN.LE00.IN,"Life expectancy at birth, total (years)",Health,years,2021,64.8793,65.4149,-0.5356,-0.82,0,0
6629,XI,IDA only,,,SP.DYN.LE00.IN,"Life expectancy at birth, total (years)",Health,years,2024,67.2463,64.8793,2.3670,3.65,0,0
1110,XI,IDA only,,,SP.POP.TOTL,"Population, total",Health: Population,people,2018,1108324049.0000,,,,0,0
1109,XI,IDA only,,,SP.POP.TOTL,"Population, total",Health: Population,people,2019,1134280966.0000,1108324049.0000,25956917.0000,2.34,0,0
1108,XI,IDA only,,,SP.POP.TOTL,"Population, total",Health: Population,people,2020,1160851651.0000,1134280966.0000,26570685.0000,2.34,0,0
1107,XI,IDA only,,,SP.POP.TOTL,"Population, total",Health: Population,people,2021,1187299997.0000,1160851651.0000,26448346.0000,2.28,0,0
6151,XI,IDA only,,,SP.POP.TOTL,"Population, total",Health: Population,people,2024,1268734216.0000,1187299997.0000,81434219.0000,6.86,0,0
6150,XI,IDA only,,,SP.POP.TOTL,"Population, total",Health: Population,people,2025,1297080455.0000,1268734216.0000,28346239.0000,2.23,0,0
96,XJ,Latin America & Caribbean (excluding high income),,,NY.GDP.PCAP.CD,GDP per capita (current US$),Economic Policy & Debt,current US$,2018,8231.9143,,,,0,0
95,XJ,Latin America & Caribbean (excluding high income),,,NY.GDP.PCAP.CD,GDP per capita (current US$),Economic Policy & Debt,current US$,2019,8006.0222,8231.9143,-225.8921,-2.74,0,0
94,XJ,Latin America & Caribbean (excluding high income),,,NY.GDP.PCAP.CD,GDP per capita (current US$),Economic Policy & Debt,current US$,2020,6651.1582,8006.0222,-1354.8640,-16.92,1,-0.099381
94,XJ,Latin America & Caribbean (excluding high income),,,NY.GDP.PCAP.CD,GDP per capita (current US$),Economic Policy & Debt,current US$,2020,6651.1582,8006.0222,-1354.8640,-16.92,1,-0.034404
93,XJ,Latin America & Caribbean (excluding high income),,,NY.GDP.PCAP.CD,GDP per capita (current US$),Economic Policy & Debt,current US$,2021,7694.6114,6651.1582,1043.4532,15.69,1,-0.002753
5704,XJ,Latin America & Caribbean (excluding high income),,,NY.GDP.PCAP.CD,GDP per capita (current US$),Economic Policy & Debt,current US$,2024,10065.5029,7694.6114,2370.8915,30.81,0,0
5703,XJ,Latin America & Caribbean (excluding high income),,,NY.GDP.PCAP.CD,GDP per capita (current US$),Economic Policy & Debt,current US$,2025,10407.4818,10065.5029,341.9789,3.40,1,-0.005904
3238,XJ,Latin America & Caribbean (excluding high income),,,SH.H2O.BASW.ZS,People using at least basic drinking water services (% of population),Environment: Water and sanitation,% of population,2018,96.0101,,,,0,0
3237,XJ,Latin America & Caribbean (excluding high income),,,SH.H2O.BASW.ZS,People using at least basic drinking water services (% of population),Environment: Water and sanitation,% of population,2019,96.2645,96.0101,0.2544,0.26,0,0
3236,XJ,Latin America & Caribbean (excluding high income),,,SH.H2O.BASW.ZS,People using at least basic drinking water services (% of population),Environment: Water and sanitation,% of population,2020,96.5540,96.2645,0.2895,0.30,0,0
3235,XJ,Latin America & Caribbean (excluding high income),,,SH.H2O.BASW.ZS,People using at least basic drinking water services (% of population),Environment: Water and sanitation,% of population,2021,96.8582,96.5540,0.3042,0.32,0,0
6882,XJ,Latin America & Caribbean (excluding high income),,,SH.H2O.BASW.ZS,People using at least basic drinking water services (% of population),Environment: Water and sanitation,% of population,2024,97.4699,96.8582,0.6117,0.63,0,0
2182,XJ,Latin America & Caribbean (excluding high income),,,SP.DYN.LE00.IN,"Life expectancy at birth, total (years)",Health,years,2018,74.7784,,,,0,0
2181,XJ,Latin America & Caribbean (excluding high income),,,SP.DYN.LE00.IN,"Life expectancy at birth, total (years)",Health,years,2019,74.9415,74.7784,0.1631,0.22,0,0
2180,XJ,Latin America & Caribbean (excluding high income),,,SP.DYN.LE00.IN,"Life expectancy at birth, total (years)",Health,years,2020,72.8521,74.9415,-2.0894,-2.79,0,0
2179,XJ,Latin America & Caribbean (excluding high income),,,SP.DYN.LE00.IN,"Life expectancy at birth, total (years)",Health,years,2021,71.4423,72.8521,-1.4098,-1.94,0,0
6633,XJ,Latin America & Caribbean (excluding high income),,,SP.DYN.LE00.IN,"Life expectancy at birth, total (years)",Health,years,2024,75.5362,71.4423,4.0939,5.73,0,0
1126,XJ,Latin America & Caribbean (excluding high income),,,SP.POP.TOTL,"Population, total",Health: Population,people,2018,597518751.0000,,,,0,0
1125,XJ,Latin America & Caribbean (excluding high income),,,SP.POP.TOTL,"Population, total",Health: Population,people,2019,602249777.0000,597518751.0000,4731026.0000,0.79,0,0
1124,XJ,Latin America & Caribbean (excluding high income),,,SP.POP.TOTL,"Population, total",Health: Population,people,2020,606535582.0000,602249777.0000,4285805.0000,0.71,0,0
1123,XJ,Latin America & Caribbean (excluding high income),,,SP.POP.TOTL,"Population, total",Health: Population,people,2021,610122057.0000,606535582.0000,3586475.0000,0.59,0,0
6159,XJ,Latin America & Caribbean (excluding high income),,,SP.POP.TOTL,"Population, total",Health: Population,people,2024,622564181.0000,610122057.0000,12442124.0000,2.04,0,0
6158,XJ,Latin America & Caribbean (excluding high income),,,SP.POP.TOTL,"Population, total",Health: Population,people,2025,626808315.0000,622564181.0000,4244134.0000,0.68,0,0
595,XK,Kosovo,,,NY.GDP.PCAP.CD,GDP per capita (current US$),Economic Policy & Debt,current US$,2018,4384.1880,,,,0,0
594,XK,Kosovo,,,NY.GDP.PCAP.CD,GDP per capita (current US$),Economic Policy & Debt,current US$,2019,4415.6993,4384.1880,31.5113,0.72,0,0
593,XK,Kosovo,,,NY.GDP.PCAP.CD,GDP per capita (current US$),Economic Policy & Debt,current US$,2020,4320.5838,4415.6993,-95.1155,-2.15,0,0
592,XK,Kosovo,,,NY.GDP.PCAP.CD,GDP per capita (current US$),Economic Policy & Debt,current US$,2021,5269.6995,4320.5838,949.1157,21.97,1,-0.027634
5934,XK,Kosovo,,,NY.GDP.PCAP.CD,GDP per capita (current US$),Economic Policy & Debt,current US$,2024,7026.6988,5269.6995,1756.9993,33.34,0,0
5933,XK,Kosovo,,,NY.GDP.PCAP.CD,GDP per capita (current US$),Economic Policy & Debt,current US$,2025,7899.4184,7026.6988,872.7196,12.42,1,-0.134169
5933,XK,Kosovo,,,NY.GDP.PCAP.CD,GDP per capita (current US$),Economic Policy & Debt,current US$,2025,7899.4184,7026.6988,872.7196,12.42,1,-0.069192
2698,XK,Kosovo,,,SP.DYN.LE00.IN,"Life expectancy at birth, total (years)",Health,years,2018,77.1170,,,,0,0
2697,XK,Kosovo,,,SP.DYN.LE00.IN,"Life expectancy at birth, total (years)",Health,years,2019,77.2490,77.1170,0.1320,0.17,0,0
2696,XK,Kosovo,,,SP.DYN.LE00.IN,"Life expectancy at birth, total (years)",Health,years,2020,74.2120,77.2490,-3.0370,-3.93,0,0
2695,XK,Kosovo,,,SP.DYN.LE00.IN,"Life expectancy at birth, total (years)",Health,years,2021,74.9810,74.2120,0.7690,1.04,0,0
6762,XK,Kosovo,,,SP.DYN.LE00.IN,"Life expectancy at birth, total (years)",Health,years,2024,78.2220,74.9810,3.2410,4.32,0,0
1642,XK,Kosovo,,,SP.POP.TOTL,"Population, total",Health: Population,people,2018,1797086.0000,,,,0,0
1641,XK,Kosovo,,,SP.POP.TOTL,"Population, total",Health: Population,people,2019,1788891.0000,1797086.0000,-8195.0000,-0.46,0,0
1640,XK,Kosovo,,,SP.POP.TOTL,"Population, total",Health: Population,people,2020,1790151.0000,1788891.0000,1260.0000,0.07,0,0
1639,XK,Kosovo,,,SP.POP.TOTL,"Population, total",Health: Population,people,2021,1786079.0000,1790151.0000,-4072.0000,-0.23,0,0
6417,XK,Kosovo,,,SP.POP.TOTL,"Population, total",Health: Population,people,2024,1594353.0000,1786079.0000,-191726.0000,-10.73,0,0
6416,XK,Kosovo,,,SP.POP.TOTL,"Population, total",Health: Population,people,2025,1576876.0000,1594353.0000,-17477.0000,-1.10,0,0
104,XL,Least developed countries: UN classification,,,NY.GDP.PCAP.CD,GDP per capita (current US$),Economic Policy & Debt,current US$,2018,1082.3507,,,,0,0
103,XL,Least developed countries: UN classification,,,NY.GDP.PCAP.CD,GDP per capita (current US$),Economic Policy & Debt,current US$,2019,1106.2866,1082.3507,23.9359,2.21,0,0
102,XL,Least developed countries: UN classification,,,NY.GDP.PCAP.CD,GDP per capita (current US$),Economic Policy & Debt,current US$,2020,1089.4626,1106.2866,-16.8240,-1.52,0,0
101,XL,Least developed countries: UN classification,,,NY.GDP.PCAP.CD,GDP per capita (current US$),Economic Policy & Debt,current US$,2021,1175.4232,1089.4626,85.9606,7.89,0,0
5708,XL,Least developed countries: UN classification,,,NY.GDP.PCAP.CD,GDP per capita (current US$),Economic Policy & Debt,current US$,2024,1299.4437,1175.4232,124.0205,10.55,0,0
5707,XL,Least developed countries: UN classification,,,NY.GDP.PCAP.CD,GDP per capita (current US$),Economic Policy & Debt,current US$,2025,1361.9918,1299.4437,62.5481,4.81,0,0
3246,XL,Least developed countries: UN classification,,,SH.H2O.BASW.ZS,People using at least basic drinking water services (% of population),Environment: Water and sanitation,% of population,2018,64.8963,,,,0,0
3245,XL,Least developed countries: UN classification,,,SH.H2O.BASW.ZS,People using at least basic drinking water services (% of population),Environment: Water and sanitation,% of population,2019,65.7124,64.8963,0.8161,1.26,0,0
3244,XL,Least developed countries: UN classification,,,SH.H2O.BASW.ZS,People using at least basic drinking water services (% of population),Environment: Water and sanitation,% of population,2020,66.5395,65.7124,0.8271,1.26,0,0
3243,XL,Least developed countries: UN classification,,,SH.H2O.BASW.ZS,People using at least basic drinking water services (% of population),Environment: Water and sanitation,% of population,2021,67.3554,66.5395,0.8159,1.23,0,0
6884,XL,Least developed countries: UN classification,,,SH.H2O.BASW.ZS,People using at least basic drinking water services (% of population),Environment: Water and sanitation,% of population,2024,69.6179,67.3554,2.2625,3.36,0,0
2190,XL,Least developed countries: UN classification,,,SP.DYN.LE00.IN,"Life expectancy at birth, total (years)",Health,years,2018,64.6054,,,,0,0
2189,XL,Least developed countries: UN classification,,,SP.DYN.LE00.IN,"Life expectancy at birth, total (years)",Health,years,2019,64.9756,64.6054,0.3702,0.57,0,0
2188,XL,Least developed countries: UN classification,,,SP.DYN.LE00.IN,"Life expectancy at birth, total (years)",Health,years,2020,64.8355,64.9756,-0.1401,-0.22,0,0
2187,XL,Least developed countries: UN classification,,,SP.DYN.LE00.IN,"Life expectancy at birth, total (years)",Health,years,2021,64.2699,64.8355,-0.5656,-0.87,0,0
6635,XL,Least developed countries: UN classification,,,SP.DYN.LE00.IN,"Life expectancy at birth, total (years)",Health,years,2024,66.7090,64.2699,2.4391,3.80,0,0
1134,XL,Least developed countries: UN classification,,,SP.POP.TOTL,"Population, total",Health: Population,people,2018,1032309742.0000,,,,0,0
1133,XL,Least developed countries: UN classification,,,SP.POP.TOTL,"Population, total",Health: Population,people,2019,1057170371.0000,1032309742.0000,24860629.0000,2.41,0,0
1132,XL,Least developed countries: UN classification,,,SP.POP.TOTL,"Population, total",Health: Population,people,2020,1082754466.0000,1057170371.0000,25584095.0000,2.42,0,0
1131,XL,Least developed countries: UN classification,,,SP.POP.TOTL,"Population, total",Health: Population,people,2021,1108233065.0000,1082754466.0000,25478599.0000,2.35,0,0
6163,XL,Least developed countries: UN classification,,,SP.POP.TOTL,"Population, total",Health: Population,people,2024,1186668913.0000,1108233065.0000,78435848.0000,7.08,0,0
6162,XL,Least developed countries: UN classification,,,SP.POP.TOTL,"Population, total",Health: Population,people,2025,1214167506.0000,1186668913.0000,27498593.0000,2.32,0,0
112,XM,Low income,,,NY.GDP.PCAP.CD,GDP per capita (current US$),Economic Policy & Debt,current US$,2018,661.1473,,,,0,0
111,XM,Low income,,,NY.GDP.PCAP.CD,GDP per capita (current US$),Economic Policy & Debt,current US$,2019,671.1171,661.1473,9.9698,1.51,0,0
110,XM,Low income,,,NY.GDP.PCAP.CD,GDP per capita (current US$),Economic Policy & Debt,current US$,2020,645.1386,671.1171,-25.9785,-3.87,0,0
109,XM,Low income,,,NY.GDP.PCAP.CD,GDP per capita (current US$),Economic Policy & Debt,current US$,2021,694.0879,645.1386,48.9493,7.59,0,0
5712,XM,Low income,,,NY.GDP.PCAP.CD,GDP per capita (current US$),Economic Policy & Debt,current US$,2024,808.5006,694.0879,114.4127,16.48,0,0
5711,XM,Low income,,,NY.GDP.PCAP.CD,GDP per capita (current US$),Economic Policy & Debt,current US$,2025,837.3606,808.5006,28.8600,3.57,0,0
3254,XM,Low income,,,SH.H2O.BASW.ZS,People using at least basic drinking water services (% of population),Environment: Water and sanitation,% of population,2018,55.7961,,,,0,0
3253,XM,Low income,,,SH.H2O.BASW.ZS,People using at least basic drinking water services (% of population),Environment: Water and sanitation,% of population,2019,56.7317,55.7961,0.9356,1.68,0,0
3252,XM,Low income,,,SH.H2O.BASW.ZS,People using at least basic drinking water services (% of population),Environment: Water and sanitation,% of population,2020,57.6759,56.7317,0.9442,1.66,0,0
3251,XM,Low income,,,SH.H2O.BASW.ZS,People using at least basic drinking water services (% of population),Environment: Water and sanitation,% of population,2021,58.6075,57.6759,0.9316,1.62,0,0
6886,XM,Low income,,,SH.H2O.BASW.ZS,People using at least basic drinking water services (% of population),Environment: Water and sanitation,% of population,2024,60.3023,58.6075,1.6948,2.89,0,0
2198,XM,Low income,,,SP.DYN.LE00.IN,"Life expectancy at birth, total (years)",Health,years,2018,62.8811,,,,0,0
2197,XM,Low income,,,SP.DYN.LE00.IN,"Life expectancy at birth, total (years)",Health,years,2019,63.3424,62.8811,0.4613,0.73,0,0
2196,XM,Low income,,,SP.DYN.LE00.IN,"Life expectancy at birth, total (years)",Health,years,2020,63.3985,63.3424,0.0561,0.09,0,0
2195,XM,Low income,,,SP.DYN.LE00.IN,"Life expectancy at birth, total (years)",Health,years,2021,62.9162,63.3985,-0.4823,-0.76,0,0
6637,XM,Low income,,,SP.DYN.LE00.IN,"Life expectancy at birth, total (years)",Health,years,2024,65.2368,62.9162,2.3206,3.69,0,0
1142,XM,Low income,,,SP.POP.TOTL,"Population, total",Health: Population,people,2018,633927417.0000,,,,0,0
1141,XM,Low income,,,SP.POP.TOTL,"Population, total",Health: Population,people,2019,652255298.0000,633927417.0000,18327881.0000,2.89,0,0
1140,XM,Low income,,,SP.POP.TOTL,"Population, total",Health: Population,people,2020,670891024.0000,652255298.0000,18635726.0000,2.86,0,0
1139,XM,Low income,,,SP.POP.TOTL,"Population, total",Health: Population,people,2021,689336827.0000,670891024.0000,18445803.0000,2.75,0,0
6167,XM,Low income,,,SP.POP.TOTL,"Population, total",Health: Population,people,2024,747152629.0000,689336827.0000,57815802.0000,8.39,0,0
6166,XM,Low income,,,SP.POP.TOTL,"Population, total",Health: Population,people,2025,767490169.0000,747152629.0000,20337540.0000,2.72,0,0
116,XN,Lower middle income,,,NY.GDP.PCAP.CD,GDP per capita (current US$),Economic Policy & Debt,current US$,2018,1986.8370,,,,0,0
115,XN,Lower middle income,,,NY.GDP.PCAP.CD,GDP per capita (current US$),Economic Policy & Debt,current US$,2019,2116.2051,1986.8370,129.3681,6.51,0,0
114,XN,Lower middle income,,,NY.GDP.PCAP.CD,GDP per capita (current US$),Economic Policy & Debt,current US$,2020,1996.9770,2116.2051,-119.2281,-5.63,0,0
113,XN,Lower middle income,,,NY.GDP.PCAP.CD,GDP per capita (current US$),Economic Policy & Debt,current US$,2021,2251.1446,1996.9770,254.1676,12.73,0,0
5714,XN,Lower middle income,,,NY.GDP.PCAP.CD,GDP per capita (current US$),Economic Policy & Debt,current US$,2024,2354.1542,2251.1446,103.0096,4.58,0,0
5713,XN,Lower middle income,,,NY.GDP.PCAP.CD,GDP per capita (current US$),Economic Policy & Debt,current US$,2025,2481.4275,2354.1542,127.2733,5.41,0,0
3258,XN,Lower middle income,,,SH.H2O.BASW.ZS,People using at least basic drinking water services (% of population),Environment: Water and sanitation,% of population,2018,87.1801,,,,0,0
3257,XN,Lower middle income,,,SH.H2O.BASW.ZS,People using at least basic drinking water services (% of population),Environment: Water and sanitation,% of population,2019,87.8174,87.1801,0.6373,0.73,0,0
3256,XN,Lower middle income,,,SH.H2O.BASW.ZS,People using at least basic drinking water services (% of population),Environment: Water and sanitation,% of population,2020,88.4536,87.8174,0.6362,0.72,0,0
3255,XN,Lower middle income,,,SH.H2O.BASW.ZS,People using at least basic drinking water services (% of population),Environment: Water and sanitation,% of population,2021,89.0816,88.4536,0.6280,0.71,0,0
6887,XN,Lower middle income,,,SH.H2O.BASW.ZS,People using at least basic drinking water services (% of population),Environment: Water and sanitation,% of population,2024,90.8348,89.0816,1.7532,1.97,0,0
2202,XN,Lower middle income,,,SP.DYN.LE00.IN,"Life expectancy at birth, total (years)",Health,years,2018,67.9414,,,,0,0
2201,XN,Lower middle income,,,SP.DYN.LE00.IN,"Life expectancy at birth, total (years)",Health,years,2019,68.2363,67.9414,0.2949,0.43,0,0
2200,XN,Lower middle income,,,SP.DYN.LE00.IN,"Life expectancy at birth, total (years)",Health,years,2020,67.6211,68.2363,-0.6152,-0.90,0,0
2199,XN,Lower middle income,,,SP.DYN.LE00.IN,"Life expectancy at birth, total (years)",Health,years,2021,66.0071,67.6211,-1.6140,-2.39,0,0
6638,XN,Lower middle income,,,SP.DYN.LE00.IN,"Life expectancy at birth, total (years)",Health,years,2024,69.5243,66.0071,3.5172,5.33,0,0
1146,XN,Lower middle income,,,SP.POP.TOTL,"Population, total",Health: Population,people,2018,2687882795.0000,,,,0,0
1145,XN,Lower middle income,,,SP.POP.TOTL,"Population, total",Health: Population,people,2019,2724611683.0000,2687882795.0000,36728888.0000,1.37,0,0
1144,XN,Lower middle income,,,SP.POP.TOTL,"Population, total",Health: Population,people,2020,2761575388.0000,2724611683.0000,36963705.0000,1.36,0,0
1143,XN,Lower middle income,,,SP.POP.TOTL,"Population, total",Health: Population,people,2021,2797047001.0000,2761575388.0000,35471613.0000,1.28,0,0
6169,XN,Lower middle income,,,SP.POP.TOTL,"Population, total",Health: Population,people,2024,2907379621.0000,2797047001.0000,110332620.0000,3.94,0,0
6168,XN,Lower middle income,,,SP.POP.TOTL,"Population, total",Health: Population,people,2025,2945282634.0000,2907379621.0000,37903013.0000,1.30,1,-0.005392
108,XO,Low & middle income,,,NY.GDP.PCAP.CD,GDP per capita (current US$),Economic Policy & Debt,current US$,2018,4773.0357,,,,0,0
107,XO,Low & middle income,,,NY.GDP.PCAP.CD,GDP per capita (current US$),Economic Policy & Debt,current US$,2019,4857.1247,4773.0357,84.0890,1.76,0,0
106,XO,Low & middle income,,,NY.GDP.PCAP.CD,GDP per capita (current US$),Economic Policy & Debt,current US$,2020,4646.4721,4857.1247,-210.6526,-4.34,0,0
105,XO,Low & middle income,,,NY.GDP.PCAP.CD,GDP per capita (current US$),Economic Policy & Debt,current US$,2021,5422.1131,4646.4721,775.6410,16.69,1,-0.000020
5710,XO,Low & middle income,,,NY.GDP.PCAP.CD,GDP per capita (current US$),Economic Policy & Debt,current US$,2024,5874.0308,5422.1131,451.9177,8.33,0,0
5709,XO,Low & middle income,,,NY.GDP.PCAP.CD,GDP per capita (current US$),Economic Policy & Debt,current US$,2025,6107.2617,5874.0308,233.2309,3.97,0,0
3250,XO,Low & middle income,,,SH.H2O.BASW.ZS,People using at least basic drinking water services (% of population),Environment: Water and sanitation,% of population,2018,87.1274,,,,0,0
3249,XO,Low & middle income,,,SH.H2O.BASW.ZS,People using at least basic drinking water services (% of population),Environment: Water and sanitation,% of population,2019,87.6041,87.1274,0.4767,0.55,0,0
3248,XO,Low & middle income,,,SH.H2O.BASW.ZS,People using at least basic drinking water services (% of population),Environment: Water and sanitation,% of population,2020,88.0701,87.6041,0.4660,0.53,0,0
3247,XO,Low & middle income,,,SH.H2O.BASW.ZS,People using at least basic drinking water services (% of population),Environment: Water and sanitation,% of population,2021,88.5802,88.0701,0.5101,0.58,0,0
6885,XO,Low & middle income,,,SH.H2O.BASW.ZS,People using at least basic drinking water services (% of population),Environment: Water and sanitation,% of population,2024,89.8319,88.5802,1.2517,1.41,0,0
2194,XO,Low & middle income,,,SP.DYN.LE00.IN,"Life expectancy at birth, total (years)",Health,years,2018,71.0377,,,,0,0
2193,XO,Low & middle income,,,SP.DYN.LE00.IN,"Life expectancy at birth, total (years)",Health,years,2019,71.2752,71.0377,0.2375,0.33,0,0
2192,XO,Low & middle income,,,SP.DYN.LE00.IN,"Life expectancy at birth, total (years)",Health,years,2020,70.6688,71.2752,-0.6064,-0.85,0,0
2191,XO,Low & middle income,,,SP.DYN.LE00.IN,"Life expectancy at birth, total (years)",Health,years,2021,69.5995,70.6688,-1.0693,-1.51,0,0
6636,XO,Low & middle income,,,SP.DYN.LE00.IN,"Life expectancy at birth, total (years)",Health,years,2024,72.0240,69.5995,2.4245,3.48,0,0
1138,XO,Low & middle income,,,SP.POP.TOTL,"Population, total",Health: Population,people,2018,6311329885.0000,,,,1,-0.089888
1138,XO,Low & middle income,,,SP.POP.TOTL,"Population, total",Health: Population,people,2018,6311329885.0000,,,,1,-0.024911
1137,XO,Low & middle income,,,SP.POP.TOTL,"Population, total",Health: Population,people,2019,6387395177.0000,6311329885.0000,76065292.0000,1.21,1,-0.055283
1136,XO,Low & middle income,,,SP.POP.TOTL,"Population, total",Health: Population,people,2020,6460393883.0000,6387395177.0000,72998706.0000,1.14,1,-0.057564
1135,XO,Low & middle income,,,SP.POP.TOTL,"Population, total",Health: Population,people,2021,6527758150.0000,6460393883.0000,67364267.0000,1.04,1,-0.041568
6165,XO,Low & middle income,,,SP.POP.TOTL,"Population, total",Health: Population,people,2024,6722971301.0000,6527758150.0000,195213151.0000,2.99,1,-0.071027
6165,XO,Low & middle income,,,SP.POP.TOTL,"Population, total",Health: Population,people,2024,6722971301.0000,6527758150.0000,195213151.0000,2.99,1,-0.006050
6164,XO,Low & middle income,,,SP.POP.TOTL,"Population, total",Health: Population,people,2025,6791684991.0000,6722971301.0000,68713690.0000,1.02,1,-0.100727
6164,XO,Low & middle income,,,SP.POP.TOTL,"Population, total",Health: Population,people,2025,6791684991.0000,6722971301.0000,68713690.0000,1.02,1,-0.035749
132,XP,Middle income,,,NY.GDP.PCAP.CD,GDP per capita (current US$),Economic Policy & Debt,current US$,2018,5231.9315,,,,0,0
131,XP,Middle income,,,NY.GDP.PCAP.CD,GDP per capita (current US$),Economic Policy & Debt,current US$,2019,5333.0094,5231.9315,101.0779,1.93,0,0
130,XP,Middle income,,,NY.GDP.PCAP.CD,GDP per capita (current US$),Economic Policy & Debt,current US$,2020,5110.0373,5333.0094,-222.9721,-4.18,0,0
129,XP,Middle income,,,NY.GDP.PCAP.CD,GDP per capita (current US$),Economic Policy & Debt,current US$,2021,5980.0005,5110.0373,869.9632,17.02,1,-0.000693
5722,XP,Middle income,,,NY.GDP.PCAP.CD,GDP per capita (current US$),Economic Policy & Debt,current US$,2024,6507.4573,5980.0005,527.4568,8.82,0,0
5721,XP,Middle income,,,NY.GDP.PCAP.CD,GDP per capita (current US$),Economic Policy & Debt,current US$,2025,6778.7977,6507.4573,271.3404,4.17,0,0
3274,XP,Middle income,,,SH.H2O.BASW.ZS,People using at least basic drinking water services (% of population),Environment: Water and sanitation,% of population,2018,90.6419,,,,0,0
3273,XP,Middle income,,,SH.H2O.BASW.ZS,People using at least basic drinking water services (% of population),Environment: Water and sanitation,% of population,2019,91.1317,90.6419,0.4898,0.54,0,0
3272,XP,Middle income,,,SH.H2O.BASW.ZS,People using at least basic drinking water services (% of population),Environment: Water and sanitation,% of population,2020,91.6089,91.1317,0.4772,0.52,0,0
3271,XP,Middle income,,,SH.H2O.BASW.ZS,People using at least basic drinking water services (% of population),Environment: Water and sanitation,% of population,2021,92.1358,91.6089,0.5269,0.58,0,0
6891,XP,Middle income,,,SH.H2O.BASW.ZS,People using at least basic drinking water services (% of population),Environment: Water and sanitation,% of population,2024,93.4132,92.1358,1.2774,1.39,0,0
2218,XP,Middle income,,,SP.DYN.LE00.IN,"Life expectancy at birth, total (years)",Health,years,2018,71.9485,,,,0,0
2217,XP,Middle income,,,SP.DYN.LE00.IN,"Life expectancy at birth, total (years)",Health,years,2019,72.1774,71.9485,0.2289,0.32,0,0
2216,XP,Middle income,,,SP.DYN.LE00.IN,"Life expectancy at birth, total (years)",Health,years,2020,71.5113,72.1774,-0.6661,-0.92,0,0
2215,XP,Middle income,,,SP.DYN.LE00.IN,"Life expectancy at birth, total (years)",Health,years,2021,70.3886,71.5113,-1.1227,-1.57,0,0
6642,XP,Middle income,,,SP.DYN.LE00.IN,"Life expectancy at birth, total (years)",Health,years,2024,72.8726,70.3886,2.4840,3.53,0,0
1162,XP,Middle income,,,SP.POP.TOTL,"Population, total",Health: Population,people,2018,5677402468.0000,,,,1,-0.087825
1162,XP,Middle income,,,SP.POP.TOTL,"Population, total",Health: Population,people,2018,5677402468.0000,,,,1,-0.022847
1161,XP,Middle income,,,SP.POP.TOTL,"Population, total",Health: Population,people,2019,5735139879.0000,5677402468.0000,57737411.0000,1.02,1,-0.051561
1160,XP,Middle income,,,SP.POP.TOTL,"Population, total",Health: Population,people,2020,5789502859.0000,5735139879.0000,54362980.0000,0.95,1,-0.056807
1159,XP,Middle income,,,SP.POP.TOTL,"Population, total",Health: Population,people,2021,5838421323.0000,5789502859.0000,48918464.0000,0.84,1,-0.040103
6177,XP,Middle income,,,SP.POP.TOTL,"Population, total",Health: Population,people,2024,5975818672.0000,5838421323.0000,137397349.0000,2.35,1,-0.057237
6176,XP,Middle income,,,SP.POP.TOTL,"Population, total",Health: Population,people,2025,6024194822.0000,5975818672.0000,48376150.0000,0.81,1,-0.085679
6176,XP,Middle income,,,SP.POP.TOTL,"Population, total",Health: Population,people,2025,6024194822.0000,5975818672.0000,48376150.0000,0.81,1,-0.020702
124,XQ,"Middle East, North Africa, Afghanistan & Pakistan (excluding high income)",,,NY.GDP.PCAP.CD,GDP per capita (current US$),Economic Policy & Debt,current US$,2018,2815.3902,,,,0,0
123,XQ,"Middle East, North Africa, Afghanistan & Pakistan (excluding high income)",,,NY.GDP.PCAP.CD,GDP per capita (current US$),Economic Policy & Debt,current US$,2019,2701.7133,2815.3902,-113.6769,-4.04,0,0
122,XQ,"Middle East, North Africa, Afghanistan & Pakistan (excluding high income)",,,NY.GDP.PCAP.CD,GDP per capita (current US$),Economic Policy & Debt,current US$,2020,2415.2625,2701.7133,-286.4508,-10.60,1,-0.078928
122,XQ,"Middle East, North Africa, Afghanistan & Pakistan (excluding high income)",,,NY.GDP.PCAP.CD,GDP per capita (current US$),Economic Policy & Debt,current US$,2020,2415.2625,2701.7133,-286.4508,-10.60,1,-0.013951
121,XQ,"Middle East, North Africa, Afghanistan & Pakistan (excluding high income)",,,NY.GDP.PCAP.CD,GDP per capita (current US$),Economic Policy & Debt,current US$,2021,2760.5003,2415.2625,345.2378,14.29,0,0
5718,XQ,"Middle East, North Africa, Afghanistan & Pakistan (excluding high income)",,,NY.GDP.PCAP.CD,GDP per capita (current US$),Economic Policy & Debt,current US$,2024,2963.0691,2760.5003,202.5688,7.34,0,0
5717,XQ,"Middle East, North Africa, Afghanistan & Pakistan (excluding high income)",,,NY.GDP.PCAP.CD,GDP per capita (current US$),Economic Policy & Debt,current US$,2025,2829.1288,2963.0691,-133.9403,-4.52,0,0
3266,XQ,"Middle East, North Africa, Afghanistan & Pakistan (excluding high income)",,,SH.H2O.BASW.ZS,People using at least basic drinking water services (% of population),Environment: Water and sanitation,% of population,2018,90.3869,,,,0,0
3265,XQ,"Middle East, North Africa, Afghanistan & Pakistan (excluding high income)",,,SH.H2O.BASW.ZS,People using at least basic drinking water services (% of population),Environment: Water and sanitation,% of population,2019,90.7675,90.3869,0.3806,0.42,0,0
3264,XQ,"Middle East, North Africa, Afghanistan & Pakistan (excluding high income)",,,SH.H2O.BASW.ZS,People using at least basic drinking water services (% of population),Environment: Water and sanitation,% of population,2020,91.1265,90.7675,0.3590,0.40,0,0
3263,XQ,"Middle East, North Africa, Afghanistan & Pakistan (excluding high income)",,,SH.H2O.BASW.ZS,People using at least basic drinking water services (% of population),Environment: Water and sanitation,% of population,2021,91.4591,91.1265,0.3326,0.36,0,0
6889,XQ,"Middle East, North Africa, Afghanistan & Pakistan (excluding high income)",,,SH.H2O.BASW.ZS,People using at least basic drinking water services (% of population),Environment: Water and sanitation,% of population,2024,92.3165,91.4591,0.8574,0.94,0,0
2210,XQ,"Middle East, North Africa, Afghanistan & Pakistan (excluding high income)",,,SP.DYN.LE00.IN,"Life expectancy at birth, total (years)",Health,years,2018,70.0734,,,,0,0
2209,XQ,"Middle East, North Africa, Afghanistan & Pakistan (excluding high income)",,,SP.DYN.LE00.IN,"Life expectancy at birth, total (years)",Health,years,2019,70.4175,70.0734,0.3441,0.49,0,0
2208,XQ,"Middle East, North Africa, Afghanistan & Pakistan (excluding high income)",,,SP.DYN.LE00.IN,"Life expectancy at birth, total (years)",Health,years,2020,69.0506,70.4175,-1.3669,-1.94,0,0
2207,XQ,"Middle East, North Africa, Afghanistan & Pakistan (excluding high income)",,,SP.DYN.LE00.IN,"Life expectancy at birth, total (years)",Health,years,2021,68.9280,69.0506,-0.1226,-0.18,0,0
6640,XQ,"Middle East, North Africa, Afghanistan & Pakistan (excluding high income)",,,SP.DYN.LE00.IN,"Life expectancy at birth, total (years)",Health,years,2024,71.4872,68.9280,2.5592,3.71,0,0
1154,XQ,"Middle East, North Africa, Afghanistan & Pakistan (excluding high income)",,,SP.POP.TOTL,"Population, total",Health: Population,people,2018,668447432.0000,,,,0,0
1153,XQ,"Middle East, North Africa, Afghanistan & Pakistan (excluding high income)",,,SP.POP.TOTL,"Population, total",Health: Population,people,2019,680490997.0000,668447432.0000,12043565.0000,1.80,0,0
1152,XQ,"Middle East, North Africa, Afghanistan & Pakistan (excluding high income)",,,SP.POP.TOTL,"Population, total",Health: Population,people,2020,692532027.0000,680490997.0000,12041030.0000,1.77,0,0
1151,XQ,"Middle East, North Africa, Afghanistan & Pakistan (excluding high income)",,,SP.POP.TOTL,"Population, total",Health: Population,people,2021,704458802.0000,692532027.0000,11926775.0000,1.72,0,0
6173,XQ,"Middle East, North Africa, Afghanistan & Pakistan (excluding high income)",,,SP.POP.TOTL,"Population, total",Health: Population,people,2024,741690916.0000,704458802.0000,37232114.0000,5.29,0,0
6172,XQ,"Middle East, North Africa, Afghanistan & Pakistan (excluding high income)",,,SP.POP.TOTL,"Population, total",Health: Population,people,2025,753903407.0000,741690916.0000,12212491.0000,1.65,0,0
184,XT,Upper middle income,,,NY.GDP.PCAP.CD,GDP per capita (current US$),Economic Policy & Debt,current US$,2018,8149.6021,,,,0,0
183,XT,Upper middle income,,,NY.GDP.PCAP.CD,GDP per capita (current US$),Economic Policy & Debt,current US$,2019,8244.3068,8149.6021,94.7047,1.16,0,0
182,XT,Upper middle income,,,NY.GDP.PCAP.CD,GDP per capita (current US$),Economic Policy & Debt,current US$,2020,7949.2568,8244.3068,-295.0500,-3.58,0,0
181,XT,Upper middle income,,,NY.GDP.PCAP.CD,GDP per capita (current US$),Economic Policy & Debt,current US$,2021,9409.6124,7949.2568,1460.3556,18.37,1,-0.016363
5748,XT,Upper middle income,,,NY.GDP.PCAP.CD,GDP per capita (current US$),Economic Policy & Debt,current US$,2024,10443.3480,9409.6124,1033.7356,10.99,0,0
5747,XT,Upper middle income,,,NY.GDP.PCAP.CD,GDP per capita (current US$),Economic Policy & Debt,current US$,2025,10890.0975,10443.3480,446.7495,4.28,0,0
3326,XT,Upper middle income,,,SH.H2O.BASW.ZS,People using at least basic drinking water services (% of population),Environment: Water and sanitation,% of population,2018,93.7980,,,,0,0
3325,XT,Upper middle income,,,SH.H2O.BASW.ZS,People using at least basic drinking water services (% of population),Environment: Water and sanitation,% of population,2019,94.1733,93.7980,0.3753,0.40,0,0
3324,XT,Upper middle income,,,SH.H2O.BASW.ZS,People using at least basic drinking water services (% of population),Environment: Water and sanitation,% of population,2020,94.5269,94.1733,0.3536,0.38,0,0
3323,XT,Upper middle income,,,SH.H2O.BASW.ZS,People using at least basic drinking water services (% of population),Environment: Water and sanitation,% of population,2021,94.9842,94.5269,0.4573,0.48,0,0
6904,XT,Upper middle income,,,SH.H2O.BASW.ZS,People using at least basic drinking water services (% of population),Environment: Water and sanitation,% of population,2024,95.8850,94.9842,0.9008,0.95,0,0
2270,XT,Upper middle income,,,SP.DYN.LE00.IN,"Life expectancy at birth, total (years)",Health,years,2018,75.5512,,,,0,0
2269,XT,Upper middle income,,,SP.DYN.LE00.IN,"Life expectancy at birth, total (years)",Health,years,2019,75.7442,75.5512,0.1930,0.26,0,0
2268,XT,Upper middle income,,,SP.DYN.LE00.IN,"Life expectancy at birth, total (years)",Health,years,2020,75.0593,75.7442,-0.6849,-0.90,0,0
2267,XT,Upper middle income,,,SP.DYN.LE00.IN,"Life expectancy at birth, total (years)",Health,years,2021,74.4181,75.0593,-0.6412,-0.85,0,0
6655,XT,Upper middle income,,,SP.DYN.LE00.IN,"Life expectancy at birth, total (years)",Health,years,2024,76.0451,74.4181,1.6270,2.19,0,0
1214,XT,Upper middle income,,,SP.POP.TOTL,"Population, total",Health: Population,people,2018,2989519673.0000,,,,1,-0.015148
1213,XT,Upper middle income,,,SP.POP.TOTL,"Population, total",Health: Population,people,2019,3010528196.0000,2989519673.0000,21008523.0000,0.70,0,0
1212,XT,Upper middle income,,,SP.POP.TOTL,"Population, total",Health: Population,people,2020,3027927471.0000,3010528196.0000,17399275.0000,0.58,0,0
1211,XT,Upper middle income,,,SP.POP.TOTL,"Population, total",Health: Population,people,2021,3041374322.0000,3027927471.0000,13446851.0000,0.44,0,0
6203,XT,Upper middle income,,,SP.POP.TOTL,"Population, total",Health: Population,people,2024,3068439051.0000,3041374322.0000,27064729.0000,0.89,0,0
6202,XT,Upper middle income,,,SP.POP.TOTL,"Population, total",Health: Population,people,2025,3078912188.0000,3068439051.0000,10473137.0000,0.34,0,0
136,XU,North America,,,NY.GDP.PCAP.CD,GDP per capita (current US$),Economic Policy & Debt,current US$,2018,61228.2000,,,,0,0
135,XU,North America,,,NY.GDP.PCAP.CD,GDP per capita (current US$),Economic Policy & Debt,current US$,2019,63306.8102,61228.2000,2078.6102,3.39,0,0
134,XU,North America,,,NY.GDP.PCAP.CD,GDP per capita (current US$),Economic Policy & Debt,current US$,2020,62319.8671,63306.8102,-986.9431,-1.56,0,0
133,XU,North America,,,NY.GDP.PCAP.CD,GDP per capita (current US$),Economic Policy & Debt,current US$,2021,69532.9042,62319.8671,7213.0371,11.57,1,-0.013964
5724,XU,North America,,,NY.GDP.PCAP.CD,GDP per capita (current US$),Economic Policy & Debt,current US$,2024,82808.1205,69532.9042,13275.2163,19.09,1,-0.009433
5723,XU,North America,,,NY.GDP.PCAP.CD,GDP per capita (current US$),Economic Policy & Debt,current US$,2025,86308.0717,82808.1205,3499.9512,4.23,1,-0.109965
5723,XU,North America,,,NY.GDP.PCAP.CD,GDP per capita (current US$),Economic Policy & Debt,current US$,2025,86308.0717,82808.1205,3499.9512,4.23,1,-0.044988
3278,XU,North America,,,SH.H2O.BASW.ZS,People using at least basic drinking water services (% of population),Environment: Water and sanitation,% of population,2018,99.5625,,,,0,0
3277,XU,North America,,,SH.H2O.BASW.ZS,People using at least basic drinking water services (% of population),Environment: Water and sanitation,% of population,2019,99.6239,99.5625,0.0614,0.06,0,0
3276,XU,North America,,,SH.H2O.BASW.ZS,People using at least basic drinking water services (% of population),Environment: Water and sanitation,% of population,2020,99.6841,99.6239,0.0602,0.06,0,0
3275,XU,North America,,,SH.H2O.BASW.ZS,People using at least basic drinking water services (% of population),Environment: Water and sanitation,% of population,2021,99.7434,99.6841,0.0593,0.06,0,0
6892,XU,North America,,,SH.H2O.BASW.ZS,People using at least basic drinking water services (% of population),Environment: Water and sanitation,% of population,2024,99.7976,99.7434,0.0542,0.05,0,0
2222,XU,North America,,,SP.DYN.LE00.IN,"Life expectancy at birth, total (years)",Health,years,2018,78.9603,,,,0,0
2221,XU,North America,,,SP.DYN.LE00.IN,"Life expectancy at birth, total (years)",Health,years,2019,79.1329,78.9603,0.1726,0.22,0,0
2220,XU,North America,,,SP.DYN.LE00.IN,"Life expectancy at birth, total (years)",Health,years,2020,77.4493,79.1329,-1.6836,-2.13,0,0
2219,XU,North America,,,SP.DYN.LE00.IN,"Life expectancy at birth, total (years)",Health,years,2021,76.8590,77.4493,-0.5903,-0.76,0,0
6643,XU,North America,,,SP.DYN.LE00.IN,"Life expectancy at birth, total (years)",Health,years,2024,79.2390,76.8590,2.3800,3.10,0,0
1166,XU,North America,,,SP.POP.TOTL,"Population, total",Health: Population,people,2018,365666028.0000,,,,0,0
1165,XU,North America,,,SP.POP.TOTL,"Population, total",Health: Population,people,2019,367908829.0000,365666028.0000,2242801.0000,0.61,0,0
1164,XU,North America,,,SP.POP.TOTL,"Population, total",Health: Population,people,2020,369671124.0000,367908829.0000,1762295.0000,0.48,0,0
1163,XU,North America,,,SP.POP.TOTL,"Population, total",Health: Population,people,2021,370404678.0000,369671124.0000,733554.0000,0.20,0,0
6179,XU,North America,,,SP.POP.TOTL,"Population, total",Health: Population,people,2024,381330762.0000,370404678.0000,10926084.0000,2.95,0,0
6178,XU,North America,,,SP.POP.TOTL,"Population, total",Health: Population,people,2025,383501065.0000,381330762.0000,2170303.0000,0.57,0,0
1022,YE,"Yemen, Rep.",,,NY.GDP.PCAP.CD,GDP per capita (current US$),Economic Policy & Debt,current US$,2018,633.8872,,,,0,0
4144,YE,"Yemen, Rep.",,,SH.H2O.BASW.ZS,People using at least basic drinking water services (% of population),Environment: Water and sanitation,% of population,2018,64.8677,,,,0,0
4143,YE,"Yemen, Rep.",,,SH.H2O.BASW.ZS,People using at least basic drinking water services (% of population),Environment: Water and sanitation,% of population,2019,66.5466,64.8677,1.6789,2.59,0,0
4142,YE,"Yemen, Rep.",,,SH.H2O.BASW.ZS,People using at least basic drinking water services (% of population),Environment: Water and sanitation,% of population,2020,68.2329,66.5466,1.6863,2.53,0,0
4141,YE,"Yemen, Rep.",,,SH.H2O.BASW.ZS,People using at least basic drinking water services (% of population),Environment: Water and sanitation,% of population,2021,69.9256,68.2329,1.6927,2.48,0,0
3134,YE,"Yemen, Rep.",,,SP.DYN.LE00.IN,"Life expectancy at birth, total (years)",Health,years,2018,65.9150,,,,0,0
3133,YE,"Yemen, Rep.",,,SP.DYN.LE00.IN,"Life expectancy at birth, total (years)",Health,years,2019,66.5670,65.9150,0.6520,0.99,0,0
3132,YE,"Yemen, Rep.",,,SP.DYN.LE00.IN,"Life expectancy at birth, total (years)",Health,years,2020,66.4350,66.5670,-0.1320,-0.20,0,0
3131,YE,"Yemen, Rep.",,,SP.DYN.LE00.IN,"Life expectancy at birth, total (years)",Health,years,2021,66.0190,66.4350,-0.4160,-0.63,0,0
2078,YE,"Yemen, Rep.",,,SP.POP.TOTL,"Population, total",Health: Population,people,2018,34085182.0000,,,,0,0
2077,YE,"Yemen, Rep.",,,SP.POP.TOTL,"Population, total",Health: Population,people,2019,35111408.0000,34085182.0000,1026226.0000,3.01,0,0
2076,YE,"Yemen, Rep.",,,SP.POP.TOTL,"Population, total",Health: Population,people,2020,36134863.0000,35111408.0000,1023455.0000,2.91,0,0
2075,YE,"Yemen, Rep.",,,SP.POP.TOTL,"Population, total",Health: Population,people,2021,37140230.0000,36134863.0000,1005367.0000,2.78,0,0
28,Z4,East Asia & Pacific,,,NY.GDP.PCAP.CD,GDP per capita (current US$),Economic Policy & Debt,current US$,2018,11487.5097,,,,0,0
27,Z4,East Asia & Pacific,,,NY.GDP.PCAP.CD,GDP per capita (current US$),Economic Policy & Debt,current US$,2019,11677.4429,11487.5097,189.9332,1.65,0,0
26,Z4,East Asia & Pacific,,,NY.GDP.PCAP.CD,GDP per capita (current US$),Economic Policy & Debt,current US$,2020,11697.5157,11677.4429,20.0728,0.17,0,0
25,Z4,East Asia & Pacific,,,NY.GDP.PCAP.CD,GDP per capita (current US$),Economic Policy & Debt,current US$,2021,13416.9773,11697.5157,1719.4616,14.70,1,-0.006370
5670,Z4,East Asia & Pacific,,,NY.GDP.PCAP.CD,GDP per capita (current US$),Economic Policy & Debt,current US$,2024,13482.4789,13416.9773,65.5016,0.49,0,0
5669,Z4,East Asia & Pacific,,,NY.GDP.PCAP.CD,GDP per capita (current US$),Economic Policy & Debt,current US$,2025,14077.2712,13482.4789,594.7923,4.41,0,0
3170,Z4,East Asia & Pacific,,,SH.H2O.BASW.ZS,People using at least basic drinking water services (% of population),Environment: Water and sanitation,% of population,2018,92.8185,,,,0,0
3169,Z4,East Asia & Pacific,,,SH.H2O.BASW.ZS,People using at least basic drinking water services (% of population),Environment: Water and sanitation,% of population,2019,93.2542,92.8185,0.4357,0.47,0,0
3168,Z4,East Asia & Pacific,,,SH.H2O.BASW.ZS,People using at least basic drinking water services (% of population),Environment: Water and sanitation,% of population,2020,93.6670,93.2542,0.4128,0.44,0,0
3167,Z4,East Asia & Pacific,,,SH.H2O.BASW.ZS,People using at least basic drinking water services (% of population),Environment: Water and sanitation,% of population,2021,94.2169,93.6670,0.5499,0.59,0,0
6865,Z4,East Asia & Pacific,,,SH.H2O.BASW.ZS,People using at least basic drinking water services (% of population),Environment: Water and sanitation,% of population,2024,95.2657,94.2169,1.0488,1.11,0,0
2114,Z4,East Asia & Pacific,,,SP.DYN.LE00.IN,"Life expectancy at birth, total (years)",Health,years,2018,76.3914,,,,0,0
2113,Z4,East Asia & Pacific,,,SP.DYN.LE00.IN,"Life expectancy at birth, total (years)",Health,years,2019,76.5862,76.3914,0.1948,0.26,0,0
2112,Z4,East Asia & Pacific,,,SP.DYN.LE00.IN,"Life expectancy at birth, total (years)",Health,years,2020,76.5434,76.5862,-0.0428,-0.06,0,0
2111,Z4,East Asia & Pacific,,,SP.DYN.LE00.IN,"Life expectancy at birth, total (years)",Health,years,2021,76.1529,76.5434,-0.3905,-0.51,0,0
6616,Z4,East Asia & Pacific,,,SP.DYN.LE00.IN,"Life expectancy at birth, total (years)",Health,years,2024,76.7379,76.1529,0.5850,0.77,0,0
1058,Z4,East Asia & Pacific,,,SP.POP.TOTL,"Population, total",Health: Population,people,2018,2347576325.0000,,,,0,0
1057,Z4,East Asia & Pacific,,,SP.POP.TOTL,"Population, total",Health: Population,people,2019,2359762190.0000,2347576325.0000,12185865.0000,0.52,0,0
1056,Z4,East Asia & Pacific,,,SP.POP.TOTL,"Population, total",Health: Population,people,2020,2369420882.0000,2359762190.0000,9658692.0000,0.41,0,0
1055,Z4,East Asia & Pacific,,,SP.POP.TOTL,"Population, total",Health: Population,people,2021,2375117716.0000,2369420882.0000,5696834.0000,0.24,0,0
6125,Z4,East Asia & Pacific,,,SP.POP.TOTL,"Population, total",Health: Population,people,2024,2388319468.0000,2375117716.0000,13201752.0000,0.56,0,0
6124,Z4,East Asia & Pacific,,,SP.POP.TOTL,"Population, total",Health: Population,people,2025,2390873921.0000,2388319468.0000,2554453.0000,0.11,0,0
44,Z7,Europe & Central Asia,,,NY.GDP.PCAP.CD,GDP per capita (current US$),Economic Policy & Debt,current US$,2018,25435.6875,,,,0,0
43,Z7,Europe & Central Asia,,,NY.GDP.PCAP.CD,GDP per capita (current US$),Economic Policy & Debt,current US$,2019,25045.1219,25435.6875,-390.5656,-1.54,0,0
42,Z7,Europe & Central Asia,,,NY.GDP.PCAP.CD,GDP per capita (current US$),Economic Policy & Debt,current US$,2020,24187.2452,25045.1219,-857.8767,-3.43,0,0
41,Z7,Europe & Central Asia,,,NY.GDP.PCAP.CD,GDP per capita (current US$),Economic Policy & Debt,current US$,2021,27700.9997,24187.2452,3513.7545,14.53,0,0
5678,Z7,Europe & Central Asia,,,NY.GDP.PCAP.CD,GDP per capita (current US$),Economic Policy & Debt,current US$,2024,31630.8553,27700.9997,3929.8556,14.19,0,0
5677,Z7,Europe & Central Asia,,,NY.GDP.PCAP.CD,GDP per capita (current US$),Economic Policy & Debt,current US$,2025,34603.4809,31630.8553,2972.6256,9.40,1,-0.081821
5677,Z7,Europe & Central Asia,,,NY.GDP.PCAP.CD,GDP per capita (current US$),Economic Policy & Debt,current US$,2025,34603.4809,31630.8553,2972.6256,9.40,1,-0.016844
3186,Z7,Europe & Central Asia,,,SH.H2O.BASW.ZS,People using at least basic drinking water services (% of population),Environment: Water and sanitation,% of population,2018,97.7107,,,,0,0
3185,Z7,Europe & Central Asia,,,SH.H2O.BASW.ZS,People using at least basic drinking water services (% of population),Environment: Water and sanitation,% of population,2019,97.7710,97.7107,0.0603,0.06,0,0
3184,Z7,Europe & Central Asia,,,SH.H2O.BASW.ZS,People using at least basic drinking water services (% of population),Environment: Water and sanitation,% of population,2020,97.8278,97.7710,0.0568,0.06,0,0
3183,Z7,Europe & Central Asia,,,SH.H2O.BASW.ZS,People using at least basic drinking water services (% of population),Environment: Water and sanitation,% of population,2021,97.8741,97.8278,0.0463,0.05,0,0
6869,Z7,Europe & Central Asia,,,SH.H2O.BASW.ZS,People using at least basic drinking water services (% of population),Environment: Water and sanitation,% of population,2024,97.9924,97.8741,0.1183,0.12,0,0
2130,Z7,Europe & Central Asia,,,SP.DYN.LE00.IN,"Life expectancy at birth, total (years)",Health,years,2018,78.0303,,,,0,0
2129,Z7,Europe & Central Asia,,,SP.DYN.LE00.IN,"Life expectancy at birth, total (years)",Health,years,2019,78.3039,78.0303,0.2736,0.35,0,0
2128,Z7,Europe & Central Asia,,,SP.DYN.LE00.IN,"Life expectancy at birth, total (years)",Health,years,2020,77.1755,78.3039,-1.1284,-1.44,0,0
2127,Z7,Europe & Central Asia,,,SP.DYN.LE00.IN,"Life expectancy at birth, total (years)",Health,years,2021,76.7286,77.1755,-0.4469,-0.58,0,0
6620,Z7,Europe & Central Asia,,,SP.DYN.LE00.IN,"Life expectancy at birth, total (years)",Health,years,2024,78.5976,76.7286,1.8690,2.44,0,0
1074,Z7,Europe & Central Asia,,,SP.POP.TOTL,"Population, total",Health: Population,people,2018,918415818.0000,,,,0,0
1073,Z7,Europe & Central Asia,,,SP.POP.TOTL,"Population, total",Health: Population,people,2019,921929161.0000,918415818.0000,3513343.0000,0.38,0,0
1072,Z7,Europe & Central Asia,,,SP.POP.TOTL,"Population, total",Health: Population,people,2020,923660463.0000,921929161.0000,1731302.0000,0.19,0,0
1071,Z7,Europe & Central Asia,,,SP.POP.TOTL,"Population, total",Health: Population,people,2021,924375980.0000,923660463.0000,715517.0000,0.08,0,0
6133,Z7,Europe & Central Asia,,,SP.POP.TOTL,"Population, total",Health: Population,people,2024,928566925.0000,924375980.0000,4190945.0000,0.45,0,0
6132,Z7,Europe & Central Asia,,,SP.POP.TOTL,"Population, total",Health: Population,people,2025,932525035.0000,928566925.0000,3958110.0000,0.43,0,0
883,ZA,South Africa,,,NY.GDP.PCAP.CD,GDP per capita (current US$),Economic Policy & Debt,current US$,2018,6914.1780,,,,0,0
882,ZA,South Africa,,,NY.GDP.PCAP.CD,GDP per capita (current US$),Economic Policy & Debt,current US$,2019,6533.7112,6914.1780,-380.4668,-5.50,0,0
881,ZA,South Africa,,,NY.GDP.PCAP.CD,GDP per capita (current US$),Economic Policy & Debt,current US$,2020,5580.6038,6533.7112,-953.1074,-14.59,1,-0.100362
881,ZA,South Africa,,,NY.GDP.PCAP.CD,GDP per capita (current US$),Economic Policy & Debt,current US$,2020,5580.6038,6533.7112,-953.1074,-14.59,1,-0.035384
880,ZA,South Africa,,,NY.GDP.PCAP.CD,GDP per capita (current US$),Economic Policy & Debt,current US$,2021,6828.7562,5580.6038,1248.1524,22.37,1,-0.041577
6070,ZA,South Africa,,,NY.GDP.PCAP.CD,GDP per capita (current US$),Economic Policy & Debt,current US$,2024,6267.1868,6828.7562,-561.5694,-8.22,0,0
6069,ZA,South Africa,,,NY.GDP.PCAP.CD,GDP per capita (current US$),Economic Policy & Debt,current US$,2025,6597.7145,6267.1868,330.5277,5.27,0,0
4003,ZA,South Africa,,,SH.H2O.BASW.ZS,People using at least basic drinking water services (% of population),Environment: Water and sanitation,% of population,2018,91.6209,,,,0,0
4002,ZA,South Africa,,,SH.H2O.BASW.ZS,People using at least basic drinking water services (% of population),Environment: Water and sanitation,% of population,2019,91.3924,91.6209,-0.2285,-0.25,0,0
4001,ZA,South Africa,,,SH.H2O.BASW.ZS,People using at least basic drinking water services (% of population),Environment: Water and sanitation,% of population,2020,91.1598,91.3924,-0.2326,-0.25,0,0
4000,ZA,South Africa,,,SH.H2O.BASW.ZS,People using at least basic drinking water services (% of population),Environment: Water and sanitation,% of population,2021,90.9231,91.1598,-0.2367,-0.26,0,0
7070,ZA,South Africa,,,SH.H2O.BASW.ZS,People using at least basic drinking water services (% of population),Environment: Water and sanitation,% of population,2024,90.1917,90.9231,-0.7314,-0.80,0,0
2986,ZA,South Africa,,,SP.DYN.LE00.IN,"Life expectancy at birth, total (years)",Health,years,2018,65.7260,,,,0,0
2985,ZA,South Africa,,,SP.DYN.LE00.IN,"Life expectancy at birth, total (years)",Health,years,2019,66.0710,65.7260,0.3450,0.52,0,0
2984,ZA,South Africa,,,SP.DYN.LE00.IN,"Life expectancy at birth, total (years)",Health,years,2020,65.1500,66.0710,-0.9210,-1.39,0,0
2983,ZA,South Africa,,,SP.DYN.LE00.IN,"Life expectancy at birth, total (years)",Health,years,2021,62.0100,65.1500,-3.1400,-4.82,1,-0.042865
6834,ZA,South Africa,,,SP.DYN.LE00.IN,"Life expectancy at birth, total (years)",Health,years,2024,66.3120,62.0100,4.3020,6.94,0,0
1930,ZA,South Africa,,,SP.POP.TOTL,"Population, total",Health: Population,people,2018,58613001.0000,,,,0,0
1929,ZA,South Africa,,,SP.POP.TOTL,"Population, total",Health: Population,people,2019,59587885.0000,58613001.0000,974884.0000,1.66,0,0
1928,ZA,South Africa,,,SP.POP.TOTL,"Population, total",Health: Population,people,2020,60562381.0000,59587885.0000,974496.0000,1.64,0,0
1927,ZA,South Africa,,,SP.POP.TOTL,"Population, total",Health: Population,people,2021,61502603.0000,60562381.0000,940222.0000,1.55,0,0
6561,ZA,South Africa,,,SP.POP.TOTL,"Population, total",Health: Population,people,2024,64007187.0000,61502603.0000,2504584.0000,4.07,0,0
6560,ZA,South Africa,,,SP.POP.TOTL,"Population, total",Health: Population,people,2025,64747319.0000,64007187.0000,740132.0000,1.16,0,0
176,ZF,Sub-Saharan Africa (excluding high income),,,NY.GDP.PCAP.CD,GDP per capita (current US$),Economic Policy & Debt,current US$,2018,1621.1285,,,,0,0
175,ZF,Sub-Saharan Africa (excluding high income),,,NY.GDP.PCAP.CD,GDP per capita (current US$),Economic Policy & Debt,current US$,2019,1795.5538,1621.1285,174.4253,10.76,1,-0.015014
174,ZF,Sub-Saharan Africa (excluding high income),,,NY.GDP.PCAP.CD,GDP per capita (current US$),Economic Policy & Debt,current US$,2020,1627.3924,1795.5538,-168.1614,-9.37,0,0
173,ZF,Sub-Saharan Africa (excluding high income),,,NY.GDP.PCAP.CD,GDP per capita (current US$),Economic Policy & Debt,current US$,2021,1784.8877,1627.3924,157.4953,9.68,0,0
5744,ZF,Sub-Saharan Africa (excluding high income),,,NY.GDP.PCAP.CD,GDP per capita (current US$),Economic Policy & Debt,current US$,2024,1541.0757,1784.8877,-243.8120,-13.66,0,0
5743,ZF,Sub-Saharan Africa (excluding high income),,,NY.GDP.PCAP.CD,GDP per capita (current US$),Economic Policy & Debt,current US$,2025,1671.4199,1541.0757,130.3442,8.46,0,0
3318,ZF,Sub-Saharan Africa (excluding high income),,,SH.H2O.BASW.ZS,People using at least basic drinking water services (% of population),Environment: Water and sanitation,% of population,2018,62.0779,,,,0,0
3317,ZF,Sub-Saharan Africa (excluding high income),,,SH.H2O.BASW.ZS,People using at least basic drinking water services (% of population),Environment: Water and sanitation,% of population,2019,63.0037,62.0779,0.9258,1.49,0,0
3316,ZF,Sub-Saharan Africa (excluding high income),,,SH.H2O.BASW.ZS,People using at least basic drinking water services (% of population),Environment: Water and sanitation,% of population,2020,63.9232,63.0037,0.9195,1.46,0,0
3315,ZF,Sub-Saharan Africa (excluding high income),,,SH.H2O.BASW.ZS,People using at least basic drinking water services (% of population),Environment: Water and sanitation,% of population,2021,64.8420,63.9232,0.9188,1.44,0,0
6902,ZF,Sub-Saharan Africa (excluding high income),,,SH.H2O.BASW.ZS,People using at least basic drinking water services (% of population),Environment: Water and sanitation,% of population,2024,67.5329,64.8420,2.6909,4.15,0,0
2262,ZF,Sub-Saharan Africa (excluding high income),,,SP.DYN.LE00.IN,"Life expectancy at birth, total (years)",Health,years,2018,60.7658,,,,0,0
2261,ZF,Sub-Saharan Africa (excluding high income),,,SP.DYN.LE00.IN,"Life expectancy at birth, total (years)",Health,years,2019,61.1283,60.7658,0.3625,0.60,0,0
2260,ZF,Sub-Saharan Africa (excluding high income),,,SP.DYN.LE00.IN,"Life expectancy at birth, total (years)",Health,years,2020,61.1663,61.1283,0.0380,0.06,0,0
2259,ZF,Sub-Saharan Africa (excluding high income),,,SP.DYN.LE00.IN,"Life expectancy at birth, total (years)",Health,years,2021,60.7020,61.1663,-0.4643,-0.76,0,0
6653,ZF,Sub-Saharan Africa (excluding high income),,,SP.DYN.LE00.IN,"Life expectancy at birth, total (years)",Health,years,2024,62.8024,60.7020,2.1004,3.46,1,-0.002535
1206,ZF,Sub-Saharan Africa (excluding high income),,,SP.POP.TOTL,"Population, total",Health: Population,people,2018,1109099666.0000,,,,0,0
1205,ZF,Sub-Saharan Africa (excluding high income),,,SP.POP.TOTL,"Population, total",Health: Population,people,2019,1138374850.0000,1109099666.0000,29275184.0000,2.64,0,0
1204,ZF,Sub-Saharan Africa (excluding high income),,,SP.POP.TOTL,"Population, total",Health: Population,people,2020,1168035323.0000,1138374850.0000,29660473.0000,2.61,0,0
1203,ZF,Sub-Saharan Africa (excluding high income),,,SP.POP.TOTL,"Population, total",Health: Population,people,2021,1197970464.0000,1168035323.0000,29935141.0000,2.56,0,0
6199,ZF,Sub-Saharan Africa (excluding high income),,,SP.POP.TOTL,"Population, total",Health: Population,people,2024,1289814932.0000,1197970464.0000,91844468.0000,7.67,0,0
6198,ZF,Sub-Saharan Africa (excluding high income),,,SP.POP.TOTL,"Population, total",Health: Population,people,2025,1321531487.0000,1289814932.0000,31716555.0000,2.46,0,0
172,ZG,Sub-Saharan Africa,,,NY.GDP.PCAP.CD,GDP per capita (current US$),Economic Policy & Debt,current US$,2018,1622.5958,,,,0,0
171,ZG,Sub-Saharan Africa,,,NY.GDP.PCAP.CD,GDP per capita (current US$),Economic Policy & Debt,current US$,2019,1797.0412,1622.5958,174.4454,10.75,1,-0.015014
170,ZG,Sub-Saharan Africa,,,NY.GDP.PCAP.CD,GDP per capita (current US$),Economic Policy & Debt,current US$,2020,1628.4387,1797.0412,-168.6025,-9.38,0,0
169,ZG,Sub-Saharan Africa,,,NY.GDP.PCAP.CD,GDP per capita (current US$),Economic Policy & Debt,current US$,2021,1785.9812,1628.4387,157.5425,9.67,0,0
5742,ZG,Sub-Saharan Africa,,,NY.GDP.PCAP.CD,GDP per capita (current US$),Economic Policy & Debt,current US$,2024,1542.6584,1785.9812,-243.3228,-13.62,0,0
5741,ZG,Sub-Saharan Africa,,,NY.GDP.PCAP.CD,GDP per capita (current US$),Economic Policy & Debt,current US$,2025,1673.0708,1542.6584,130.4124,8.45,0,0
3314,ZG,Sub-Saharan Africa,,,SH.H2O.BASW.ZS,People using at least basic drinking water services (% of population),Environment: Water and sanitation,% of population,2018,62.0809,,,,0,0
3313,ZG,Sub-Saharan Africa,,,SH.H2O.BASW.ZS,People using at least basic drinking water services (% of population),Environment: Water and sanitation,% of population,2019,63.0067,62.0809,0.9258,1.49,0,0
3312,ZG,Sub-Saharan Africa,,,SH.H2O.BASW.ZS,People using at least basic drinking water services (% of population),Environment: Water and sanitation,% of population,2020,63.9260,63.0067,0.9193,1.46,0,0
3311,ZG,Sub-Saharan Africa,,,SH.H2O.BASW.ZS,People using at least basic drinking water services (% of population),Environment: Water and sanitation,% of population,2021,64.8447,63.9260,0.9187,1.44,0,0
6901,ZG,Sub-Saharan Africa,,,SH.H2O.BASW.ZS,People using at least basic drinking water services (% of population),Environment: Water and sanitation,% of population,2024,67.5358,64.8447,2.6911,4.15,0,0
2258,ZG,Sub-Saharan Africa,,,SP.DYN.LE00.IN,"Life expectancy at birth, total (years)",Health,years,2018,60.7669,,,,0,0
2257,ZG,Sub-Saharan Africa,,,SP.DYN.LE00.IN,"Life expectancy at birth, total (years)",Health,years,2019,61.1294,60.7669,0.3625,0.60,0,0
2256,ZG,Sub-Saharan Africa,,,SP.DYN.LE00.IN,"Life expectancy at birth, total (years)",Health,years,2020,61.1677,61.1294,0.0383,0.06,0,0
2255,ZG,Sub-Saharan Africa,,,SP.DYN.LE00.IN,"Life expectancy at birth, total (years)",Health,years,2021,60.7030,61.1677,-0.4647,-0.76,0,0
6652,ZG,Sub-Saharan Africa,,,SP.DYN.LE00.IN,"Life expectancy at birth, total (years)",Health,years,2024,62.8037,60.7030,2.1007,3.46,1,-0.002535
1202,ZG,Sub-Saharan Africa,,,SP.POP.TOTL,"Population, total",Health: Population,people,2018,1109196428.0000,,,,0,0
1201,ZG,Sub-Saharan Africa,,,SP.POP.TOTL,"Population, total",Health: Population,people,2019,1138472475.0000,1109196428.0000,29276047.0000,2.64,0,0
1200,ZG,Sub-Saharan Africa,,,SP.POP.TOTL,"Population, total",Health: Population,people,2020,1168133785.0000,1138472475.0000,29661310.0000,2.61,0,0
1199,ZG,Sub-Saharan Africa,,,SP.POP.TOTL,"Population, total",Health: Population,people,2021,1198069722.0000,1168133785.0000,29935937.0000,2.56,0,0
6197,ZG,Sub-Saharan Africa,,,SP.POP.TOTL,"Population, total",Health: Population,people,2024,1289936286.0000,1198069722.0000,91866564.0000,7.67,0,0
6196,ZG,Sub-Saharan Africa,,,SP.POP.TOTL,"Population, total",Health: Population,people,2025,1321654217.0000,1289936286.0000,31717931.0000,2.46,0,0
4,ZH,Africa Eastern and Southern,,,NY.GDP.PCAP.CD,GDP per capita (current US$),Economic Policy & Debt,current US$,2018,1553.6179,,,,0,0
3,ZH,Africa Eastern and Southern,,,NY.GDP.PCAP.CD,GDP per capita (current US$),Economic Policy & Debt,current US$,2019,1508.0315,1553.6179,-45.5864,-2.93,0,0
2,ZH,Africa Eastern and Southern,,,NY.GDP.PCAP.CD,GDP per capita (current US$),Economic Policy & Debt,current US$,2020,1351.5032,1508.0315,-156.5283,-10.38,1,-0.082071
2,ZH,Africa Eastern and Southern,,,NY.GDP.PCAP.CD,GDP per capita (current US$),Economic Policy & Debt,current US$,2020,1351.5032,1508.0315,-156.5283,-10.38,1,-0.017094
1,ZH,Africa Eastern and Southern,,,NY.GDP.PCAP.CD,GDP per capita (current US$),Economic Policy & Debt,current US$,2021,1560.8946,1351.5032,209.3914,15.49,0,0
5658,ZH,Africa Eastern and Southern,,,NY.GDP.PCAP.CD,GDP per capita (current US$),Economic Policy & Debt,current US$,2024,1628.2273,1560.8946,67.3327,4.31,0,0
5657,ZH,Africa Eastern and Southern,,,NY.GDP.PCAP.CD,GDP per capita (current US$),Economic Policy & Debt,current US$,2025,1722.3856,1628.2273,94.1583,5.78,0,0
3146,ZH,Africa Eastern and Southern,,,SH.H2O.BASW.ZS,People using at least basic drinking water services (% of population),Environment: Water and sanitation,% of population,2018,56.5694,,,,0,0
3145,ZH,Africa Eastern and Southern,,,SH.H2O.BASW.ZS,People using at least basic drinking water services (% of population),Environment: Water and sanitation,% of population,2019,57.4022,56.5694,0.8328,1.47,0,0
3144,ZH,Africa Eastern and Southern,,,SH.H2O.BASW.ZS,People using at least basic drinking water services (% of population),Environment: Water and sanitation,% of population,2020,58.2295,57.4022,0.8273,1.44,0,0
3143,ZH,Africa Eastern and Southern,,,SH.H2O.BASW.ZS,People using at least basic drinking water services (% of population),Environment: Water and sanitation,% of population,2021,59.0588,58.2295,0.8293,1.42,0,0
6859,ZH,Africa Eastern and Southern,,,SH.H2O.BASW.ZS,People using at least basic drinking water services (% of population),Environment: Water and sanitation,% of population,2024,61.6362,59.0588,2.5774,4.36,1,-0.017186
2090,ZH,Africa Eastern and Southern,,,SP.DYN.LE00.IN,"Life expectancy at birth, total (years)",Health,years,2018,63.3307,,,,0,0
2089,ZH,Africa Eastern and Southern,,,SP.DYN.LE00.IN,"Life expectancy at birth, total (years)",Health,years,2019,63.8573,63.3307,0.5266,0.83,0,0
2088,ZH,Africa Eastern and Southern,,,SP.DYN.LE00.IN,"Life expectancy at birth, total (years)",Health,years,2020,63.7665,63.8573,-0.0908,-0.14,0,0
2087,ZH,Africa Eastern and Southern,,,SP.DYN.LE00.IN,"Life expectancy at birth, total (years)",Health,years,2021,62.9800,63.7665,-0.7865,-1.23,0,0
6610,ZH,Africa Eastern and Southern,,,SP.DYN.LE00.IN,"Life expectancy at birth, total (years)",Health,years,2024,65.3499,62.9800,2.3699,3.76,0,0
1034,ZH,Africa Eastern and Southern,,,SP.POP.TOTL,"Population, total",Health: Population,people,2018,657801085.0000,,,,0,0
1033,ZH,Africa Eastern and Southern,,,SP.POP.TOTL,"Population, total",Health: Population,people,2019,675950189.0000,657801085.0000,18149104.0000,2.76,0,0
1032,ZH,Africa Eastern and Southern,,,SP.POP.TOTL,"Population, total",Health: Population,people,2020,694446100.0000,675950189.0000,18495911.0000,2.74,0,0
1031,ZH,Africa Eastern and Southern,,,SP.POP.TOTL,"Population, total",Health: Population,people,2021,713090928.0000,694446100.0000,18644828.0000,2.68,0,0
6113,ZH,Africa Eastern and Southern,,,SP.POP.TOTL,"Population, total",Health: Population,people,2024,769280888.0000,713090928.0000,56189960.0000,7.88,0,0
6112,ZH,Africa Eastern and Southern,,,SP.POP.TOTL,"Population, total",Health: Population,people,2025,788844284.0000,769280888.0000,19563396.0000,2.54,0,0
8,ZI,Africa Western and Central,,,NY.GDP.PCAP.CD,GDP per capita (current US$),Economic Policy & Debt,current US$,2018,1723.1145,,,,0,0
7,ZI,Africa Western and Central,,,NY.GDP.PCAP.CD,GDP per capita (current US$),Economic Policy & Debt,current US$,2019,2219.4126,1723.1145,496.2981,28.80,1,-0.115976
7,ZI,Africa Western and Central,,,NY.GDP.PCAP.CD,GDP per capita (current US$),Economic Policy & Debt,current US$,2019,2219.4126,1723.1145,496.2981,28.80,1,-0.050999
6,ZI,Africa Western and Central,,,NY.GDP.PCAP.CD,GDP per capita (current US$),Economic Policy & Debt,current US$,2020,2034.4379,2219.4126,-184.9747,-8.33,0,0
5,ZI,Africa Western and Central,,,NY.GDP.PCAP.CD,GDP per capita (current US$),Economic Policy & Debt,current US$,2021,2116.9383,2034.4379,82.5004,4.06,0,0
5660,ZI,Africa Western and Central,,,NY.GDP.PCAP.CD,GDP per capita (current US$),Economic Policy & Debt,current US$,2024,1416.2284,2116.9383,-700.7099,-33.10,1,-0.032564
5659,ZI,Africa Western and Central,,,NY.GDP.PCAP.CD,GDP per capita (current US$),Economic Policy & Debt,current US$,2025,1600.0584,1416.2284,183.8300,12.98,1,-0.007241
3150,ZI,Africa Western and Central,,,SH.H2O.BASW.ZS,People using at least basic drinking water services (% of population),Environment: Water and sanitation,% of population,2018,70.1023,,,,0,0
3149,ZI,Africa Western and Central,,,SH.H2O.BASW.ZS,People using at least basic drinking water services (% of population),Environment: Water and sanitation,% of population,2019,71.1875,70.1023,1.0852,1.55,0,0
3148,ZI,Africa Western and Central,,,SH.H2O.BASW.ZS,People using at least basic drinking water services (% of population),Environment: Water and sanitation,% of population,2020,72.2680,71.1875,1.0805,1.52,0,0
3147,ZI,Africa Western and Central,,,SH.H2O.BASW.ZS,People using at least basic drinking water services (% of population),Environment: Water and sanitation,% of population,2021,73.3429,72.2680,1.0749,1.49,0,0
6860,ZI,Africa Western and Central,,,SH.H2O.BASW.ZS,People using at least basic drinking water services (% of population),Environment: Water and sanitation,% of population,2024,76.3518,73.3429,3.0089,4.10,0,0
2094,ZI,Africa Western and Central,,,SP.DYN.LE00.IN,"Life expectancy at birth, total (years)",Health,years,2018,57.0308,,,,0,0
2093,ZI,Africa Western and Central,,,SP.DYN.LE00.IN,"Life expectancy at birth, total (years)",Health,years,2019,57.1428,57.0308,0.1120,0.20,0,0
2092,ZI,Africa Western and Central,,,SP.DYN.LE00.IN,"Life expectancy at birth, total (years)",Health,years,2020,57.3577,57.1428,0.2149,0.38,0,0
2091,ZI,Africa Western and Central,,,SP.DYN.LE00.IN,"Life expectancy at birth, total (years)",Health,years,2021,57.3550,57.3577,-0.0027,0.00,0,0
6611,ZI,Africa Western and Central,,,SP.DYN.LE00.IN,"Life expectancy at birth, total (years)",Health,years,2024,59.0415,57.3550,1.6865,2.94,1,-0.030294
1038,ZI,Africa Western and Central,,,SP.POP.TOTL,"Population, total",Health: Population,people,2018,451395343.0000,,,,0,0
1037,ZI,Africa Western and Central,,,SP.POP.TOTL,"Population, total",Health: Population,people,2019,462522286.0000,451395343.0000,11126943.0000,2.47,0,0
1036,ZI,Africa Western and Central,,,SP.POP.TOTL,"Population, total",Health: Population,people,2020,473687685.0000,462522286.0000,11165399.0000,2.41,0,0
1035,ZI,Africa Western and Central,,,SP.POP.TOTL,"Population, total",Health: Population,people,2021,484978794.0000,473687685.0000,11291109.0000,2.38,0,0
6115,ZI,Africa Western and Central,,,SP.POP.TOTL,"Population, total",Health: Population,people,2024,520655398.0000,484978794.0000,35676604.0000,7.36,0,0
6114,ZI,Africa Western and Central,,,SP.POP.TOTL,"Population, total",Health: Population,people,2025,532809933.0000,520655398.0000,12154535.0000,2.33,0,0
92,ZJ,Latin America & Caribbean,,,NY.GDP.PCAP.CD,GDP per capita (current US$),Economic Policy & Debt,current US$,2018,8778.5567,,,,0,0
91,ZJ,Latin America & Caribbean,,,NY.GDP.PCAP.CD,GDP per capita (current US$),Economic Policy & Debt,current US$,2019,8539.9594,8778.5567,-238.5973,-2.72,0,0
90,ZJ,Latin America & Caribbean,,,NY.GDP.PCAP.CD,GDP per capita (current US$),Economic Policy & Debt,current US$,2020,7169.3924,8539.9594,-1370.5670,-16.05,1,-0.091992
90,ZJ,Latin America & Caribbean,,,NY.GDP.PCAP.CD,GDP per capita (current US$),Economic Policy & Debt,current US$,2020,7169.3924,8539.9594,-1370.5670,-16.05,1,-0.027015
89,ZJ,Latin America & Caribbean,,,NY.GDP.PCAP.CD,GDP per capita (current US$),Economic Policy & Debt,current US$,2021,8292.1521,7169.3924,1122.7597,15.66,1,-0.000735
5702,ZJ,Latin America & Caribbean,,,NY.GDP.PCAP.CD,GDP per capita (current US$),Economic Policy & Debt,current US$,2024,10705.1068,8292.1521,2412.9547,29.10,0,0
5701,ZJ,Latin America & Caribbean,,,NY.GDP.PCAP.CD,GDP per capita (current US$),Economic Policy & Debt,current US$,2025,11095.2177,10705.1068,390.1109,3.64,1,-0.008290
3234,ZJ,Latin America & Caribbean,,,SH.H2O.BASW.ZS,People using at least basic drinking water services (% of population),Environment: Water and sanitation,% of population,2018,96.1565,,,,0,0
3233,ZJ,Latin America & Caribbean,,,SH.H2O.BASW.ZS,People using at least basic drinking water services (% of population),Environment: Water and sanitation,% of population,2019,96.4029,96.1565,0.2464,0.26,0,0
3232,ZJ,Latin America & Caribbean,,,SH.H2O.BASW.ZS,People using at least basic drinking water services (% of population),Environment: Water and sanitation,% of population,2020,96.6781,96.4029,0.2752,0.29,0,0
3231,ZJ,Latin America & Caribbean,,,SH.H2O.BASW.ZS,People using at least basic drinking water services (% of population),Environment: Water and sanitation,% of population,2021,96.9680,96.6781,0.2899,0.30,0,0
6881,ZJ,Latin America & Caribbean,,,SH.H2O.BASW.ZS,People using at least basic drinking water services (% of population),Environment: Water and sanitation,% of population,2024,97.5546,96.9680,0.5866,0.60,0,0
2178,ZJ,Latin America & Caribbean,,,SP.DYN.LE00.IN,"Life expectancy at birth, total (years)",Health,years,2018,75.0527,,,,0,0
2177,ZJ,Latin America & Caribbean,,,SP.DYN.LE00.IN,"Life expectancy at birth, total (years)",Health,years,2019,75.2043,75.0527,0.1516,0.20,0,0
2176,ZJ,Latin America & Caribbean,,,SP.DYN.LE00.IN,"Life expectancy at birth, total (years)",Health,years,2020,73.1889,75.2043,-2.0154,-2.68,0,0
2175,ZJ,Latin America & Caribbean,,,SP.DYN.LE00.IN,"Life expectancy at birth, total (years)",Health,years,2021,71.8142,73.1889,-1.3747,-1.88,0,0
6632,ZJ,Latin America & Caribbean,,,SP.DYN.LE00.IN,"Life expectancy at birth, total (years)",Health,years,2024,75.8179,71.8142,4.0037,5.58,0,0
1122,ZJ,Latin America & Caribbean,,,SP.POP.TOTL,"Population, total",Health: Population,people,2018,635778081.0000,,,,0,0
1121,ZJ,Latin America & Caribbean,,,SP.POP.TOTL,"Population, total",Health: Population,people,2019,640962372.0000,635778081.0000,5184291.0000,0.82,0,0
1120,ZJ,Latin America & Caribbean,,,SP.POP.TOTL,"Population, total",Health: Population,people,2020,645498187.0000,640962372.0000,4535815.0000,0.71,0,0
1119,ZJ,Latin America & Caribbean,,,SP.POP.TOTL,"Population, total",Health: Population,people,2021,649236092.0000,645498187.0000,3737905.0000,0.58,0,0
6157,ZJ,Latin America & Caribbean,,,SP.POP.TOTL,"Population, total",Health: Population,people,2024,662185614.0000,649236092.0000,12949522.0000,1.99,0,0
6156,ZJ,Latin America & Caribbean,,,SP.POP.TOTL,"Population, total",Health: Population,people,2025,666592570.0000,662185614.0000,4406956.0000,0.67,0,0
1026,ZM,Zambia,,,NY.GDP.PCAP.CD,GDP per capita (current US$),Economic Policy & Debt,current US$,2018,1463.9000,,,,0,0
1025,ZM,Zambia,,,NY.GDP.PCAP.CD,GDP per capita (current US$),Economic Policy & Debt,current US$,2019,1258.9862,1463.9000,-204.9138,-14.00,1,-0.024445
1024,ZM,Zambia,,,NY.GDP.PCAP.CD,GDP per capita (current US$),Economic Policy & Debt,current US$,2020,951.6443,1258.9862,-307.3419,-24.41,1,-0.110726
1024,ZM,Zambia,,,NY.GDP.PCAP.CD,GDP per capita (current US$),Economic Policy & Debt,current US$,2020,951.6443,1258.9862,-307.3419,-24.41,1,-0.045749
1023,ZM,Zambia,,,NY.GDP.PCAP.CD,GDP per capita (current US$),Economic Policy & Debt,current US$,2021,1127.1608,951.6443,175.5165,18.44,1,-0.022147
4148,ZM,Zambia,,,SH.H2O.BASW.ZS,People using at least basic drinking water services (% of population),Environment: Water and sanitation,% of population,2018,67.0074,,,,0,0
4147,ZM,Zambia,,,SH.H2O.BASW.ZS,People using at least basic drinking water services (% of population),Environment: Water and sanitation,% of population,2019,68.0789,67.0074,1.0715,1.60,0,0
4146,ZM,Zambia,,,SH.H2O.BASW.ZS,People using at least basic drinking water services (% of population),Environment: Water and sanitation,% of population,2020,69.1404,68.0789,1.0615,1.56,0,0
4145,ZM,Zambia,,,SH.H2O.BASW.ZS,People using at least basic drinking water services (% of population),Environment: Water and sanitation,% of population,2021,70.2228,69.1404,1.0824,1.57,0,0
3138,ZM,Zambia,,,SP.DYN.LE00.IN,"Life expectancy at birth, total (years)",Health,years,2018,62.1380,,,,0,0
3137,ZM,Zambia,,,SP.DYN.LE00.IN,"Life expectancy at birth, total (years)",Health,years,2019,62.9140,62.1380,0.7760,1.25,0,0
3136,ZM,Zambia,,,SP.DYN.LE00.IN,"Life expectancy at birth, total (years)",Health,years,2020,63.3610,62.9140,0.4470,0.71,0,0
3135,ZM,Zambia,,,SP.DYN.LE00.IN,"Life expectancy at birth, total (years)",Health,years,2021,62.3630,63.3610,-0.9980,-1.58,0,0
2082,ZM,Zambia,,,SP.POP.TOTL,"Population, total",Health: Population,people,2018,17973569.0000,,,,0,0
2081,ZM,Zambia,,,SP.POP.TOTL,"Population, total",Health: Population,people,2019,18513839.0000,17973569.0000,540270.0000,3.01,0,0
2080,ZM,Zambia,,,SP.POP.TOTL,"Population, total",Health: Population,people,2020,19059395.0000,18513839.0000,545556.0000,2.95,0,0
2079,ZM,Zambia,,,SP.POP.TOTL,"Population, total",Health: Population,people,2021,19603607.0000,19059395.0000,544212.0000,2.86,0,0
120,ZQ,"Middle East, North Africa, Afghanistan & Pakistan",,,NY.GDP.PCAP.CD,GDP per capita (current US$),Economic Policy & Debt,current US$,2018,5550.3197,,,,0,0
119,ZQ,"Middle East, North Africa, Afghanistan & Pakistan",,,NY.GDP.PCAP.CD,GDP per capita (current US$),Economic Policy & Debt,current US$,2019,5416.0636,5550.3197,-134.2561,-2.42,0,0
118,ZQ,"Middle East, North Africa, Afghanistan & Pakistan",,,NY.GDP.PCAP.CD,GDP per capita (current US$),Economic Policy & Debt,current US$,2020,4749.1434,5416.0636,-666.9202,-12.31,1,-0.080544
118,ZQ,"Middle East, North Africa, Afghanistan & Pakistan",,,NY.GDP.PCAP.CD,GDP per capita (current US$),Economic Policy & Debt,current US$,2020,4749.1434,5416.0636,-666.9202,-12.31,1,-0.015566
117,ZQ,"Middle East, North Africa, Afghanistan & Pakistan",,,NY.GDP.PCAP.CD,GDP per capita (current US$),Economic Policy & Debt,current US$,2021,5622.1913,4749.1434,873.0479,18.38,1,-0.004245
5716,ZQ,"Middle East, North Africa, Afghanistan & Pakistan",,,NY.GDP.PCAP.CD,GDP per capita (current US$),Economic Policy & Debt,current US$,2024,6275.4347,5622.1913,653.2434,11.62,0,0
5715,ZQ,"Middle East, North Africa, Afghanistan & Pakistan",,,NY.GDP.PCAP.CD,GDP per capita (current US$),Economic Policy & Debt,current US$,2025,6202.1900,6275.4347,-73.2447,-1.17,0,0
3262,ZQ,"Middle East, North Africa, Afghanistan & Pakistan",,,SH.H2O.BASW.ZS,People using at least basic drinking water services (% of population),Environment: Water and sanitation,% of population,2018,91.1089,,,,0,0
3261,ZQ,"Middle East, North Africa, Afghanistan & Pakistan",,,SH.H2O.BASW.ZS,People using at least basic drinking water services (% of population),Environment: Water and sanitation,% of population,2019,91.4521,91.1089,0.3432,0.38,0,0
3260,ZQ,"Middle East, North Africa, Afghanistan & Pakistan",,,SH.H2O.BASW.ZS,People using at least basic drinking water services (% of population),Environment: Water and sanitation,% of population,2020,91.7890,91.4521,0.3369,0.37,0,0
3259,ZQ,"Middle East, North Africa, Afghanistan & Pakistan",,,SH.H2O.BASW.ZS,People using at least basic drinking water services (% of population),Environment: Water and sanitation,% of population,2021,92.0778,91.7890,0.2888,0.31,0,0
6888,ZQ,"Middle East, North Africa, Afghanistan & Pakistan",,,SH.H2O.BASW.ZS,People using at least basic drinking water services (% of population),Environment: Water and sanitation,% of population,2024,92.9025,92.0778,0.8247,0.90,0,0
2206,ZQ,"Middle East, North Africa, Afghanistan & Pakistan",,,SP.DYN.LE00.IN,"Life expectancy at birth, total (years)",Health,years,2018,70.9403,,,,0,0
2205,ZQ,"Middle East, North Africa, Afghanistan & Pakistan",,,SP.DYN.LE00.IN,"Life expectancy at birth, total (years)",Health,years,2019,71.2439,70.9403,0.3036,0.43,0,0
2204,ZQ,"Middle East, North Africa, Afghanistan & Pakistan",,,SP.DYN.LE00.IN,"Life expectancy at birth, total (years)",Health,years,2020,69.9111,71.2439,-1.3328,-1.87,0,0
2203,ZQ,"Middle East, North Africa, Afghanistan & Pakistan",,,SP.DYN.LE00.IN,"Life expectancy at birth, total (years)",Health,years,2021,69.7113,69.9111,-0.1998,-0.29,0,0
6639,ZQ,"Middle East, North Africa, Afghanistan & Pakistan",,,SP.DYN.LE00.IN,"Life expectancy at birth, total (years)",Health,years,2024,72.3150,69.7113,2.6037,3.73,0,0
1150,ZQ,"Middle East, North Africa, Afghanistan & Pakistan",,,SP.POP.TOTL,"Population, total",Health: Population,people,2018,730362334.0000,,,,0,0
1149,ZQ,"Middle East, North Africa, Afghanistan & Pakistan",,,SP.POP.TOTL,"Population, total",Health: Population,people,2019,742714463.0000,730362334.0000,12352129.0000,1.69,0,0
1148,ZQ,"Middle East, North Africa, Afghanistan & Pakistan",,,SP.POP.TOTL,"Population, total",Health: Population,people,2020,756405281.0000,742714463.0000,13690818.0000,1.84,0,0
1147,ZQ,"Middle East, North Africa, Afghanistan & Pakistan",,,SP.POP.TOTL,"Population, total",Health: Population,people,2021,767578451.0000,756405281.0000,11173170.0000,1.48,0,0
6171,ZQ,"Middle East, North Africa, Afghanistan & Pakistan",,,SP.POP.TOTL,"Population, total",Health: Population,people,2024,813173936.0000,767578451.0000,45595485.0000,5.94,0,0
6170,ZQ,"Middle East, North Africa, Afghanistan & Pakistan",,,SP.POP.TOTL,"Population, total",Health: Population,people,2025,828025185.0000,813173936.0000,14851249.0000,1.83,0,0
72,ZT,IDA & IBRD total,,,NY.GDP.PCAP.CD,GDP per capita (current US$),Economic Policy & Debt,current US$,2018,5085.0802,,,,0,0
71,ZT,IDA & IBRD total,,,NY.GDP.PCAP.CD,GDP per capita (current US$),Economic Policy & Debt,current US$,2019,5168.0348,5085.0802,82.9546,1.63,0,0
70,ZT,IDA & IBRD total,,,NY.GDP.PCAP.CD,GDP per capita (current US$),Economic Policy & Debt,current US$,2020,4923.3971,5168.0348,-244.6377,-4.73,0,0
69,ZT,IDA & IBRD total,,,NY.GDP.PCAP.CD,GDP per capita (current US$),Economic Policy & Debt,current US$,2021,5754.1799,4923.3971,830.7828,16.87,0,0
5692,ZT,IDA & IBRD total,,,NY.GDP.PCAP.CD,GDP per capita (current US$),Economic Policy & Debt,current US$,2024,6304.3970,5754.1799,550.2171,9.56,0,0
5691,ZT,IDA & IBRD total,,,NY.GDP.PCAP.CD,GDP per capita (current US$),Economic Policy & Debt,current US$,2025,6613.2095,6304.3970,308.8125,4.90,0,0
3214,ZT,IDA & IBRD total,,,SH.H2O.BASW.ZS,People using at least basic drinking water services (% of population),Environment: Water and sanitation,% of population,2018,87.4482,,,,0,0
3213,ZT,IDA & IBRD total,,,SH.H2O.BASW.ZS,People using at least basic drinking water services (% of population),Environment: Water and sanitation,% of population,2019,87.9056,87.4482,0.4574,0.52,0,0
3212,ZT,IDA & IBRD total,,,SH.H2O.BASW.ZS,People using at least basic drinking water services (% of population),Environment: Water and sanitation,% of population,2020,88.3507,87.9056,0.4451,0.51,0,0
3211,ZT,IDA & IBRD total,,,SH.H2O.BASW.ZS,People using at least basic drinking water services (% of population),Environment: Water and sanitation,% of population,2021,88.8385,88.3507,0.4878,0.55,0,0
6876,ZT,IDA & IBRD total,,,SH.H2O.BASW.ZS,People using at least basic drinking water services (% of population),Environment: Water and sanitation,% of population,2024,90.0546,88.8385,1.2161,1.37,0,0
2158,ZT,IDA & IBRD total,,,SP.DYN.LE00.IN,"Life expectancy at birth, total (years)",Health,years,2018,71.1543,,,,0,0
2157,ZT,IDA & IBRD total,,,SP.DYN.LE00.IN,"Life expectancy at birth, total (years)",Health,years,2019,71.3953,71.1543,0.2410,0.34,0,0
2156,ZT,IDA & IBRD total,,,SP.DYN.LE00.IN,"Life expectancy at birth, total (years)",Health,years,2020,70.7501,71.3953,-0.6452,-0.90,0,0
2155,ZT,IDA & IBRD total,,,SP.DYN.LE00.IN,"Life expectancy at birth, total (years)",Health,years,2021,69.6691,70.7501,-1.0810,-1.53,0,0
6627,ZT,IDA & IBRD total,,,SP.DYN.LE00.IN,"Life expectancy at birth, total (years)",Health,years,2024,72.1341,69.6691,2.4650,3.54,0,0
1102,ZT,IDA & IBRD total,,,SP.POP.TOTL,"Population, total",Health: Population,people,2018,6517257782.0000,,,,1,-0.086286
1102,ZT,IDA & IBRD total,,,SP.POP.TOTL,"Population, total",Health: Population,people,2018,6517257782.0000,,,,1,-0.021309
1101,ZT,IDA & IBRD total,,,SP.POP.TOTL,"Population, total",Health: Population,people,2019,6593373309.0000,6517257782.0000,76115527.0000,1.17,1,-0.054418
1100,ZT,IDA & IBRD total,,,SP.POP.TOTL,"Population, total",Health: Population,people,2020,6665588686.0000,6593373309.0000,72215377.0000,1.10,1,-0.057564
1099,ZT,IDA & IBRD total,,,SP.POP.TOTL,"Population, total",Health: Population,people,2021,6731708832.0000,6665588686.0000,66120146.0000,0.99,1,-0.041568
6147,ZT,IDA & IBRD total,,,SP.POP.TOTL,"Population, total",Health: Population,people,2024,6925362193.0000,6731708832.0000,193653361.0000,2.88,1,-0.070639
6147,ZT,IDA & IBRD total,,,SP.POP.TOTL,"Population, total",Health: Population,people,2024,6925362193.0000,6731708832.0000,193653361.0000,2.88,1,-0.005662
6146,ZT,IDA & IBRD total,,,SP.POP.TOTL,"Population, total",Health: Population,people,2025,6993790788.0000,6925362193.0000,68428595.0000,0.99,1,-0.100319
6146,ZT,IDA & IBRD total,,,SP.POP.TOTL,"Population, total",Health: Population,people,2025,6993790788.0000,6925362193.0000,68428595.0000,0.99,1,-0.035342
1030,ZW,Zimbabwe,,,NY.GDP.PCAP.CD,GDP per capita (current US$),Economic Policy & Debt,current US$,2018,2270.8953,,,,0,0
1029,ZW,Zimbabwe,,,NY.GDP.PCAP.CD,GDP per capita (current US$),Economic Policy & Debt,current US$,2019,2184.5216,2270.8953,-86.3737,-3.80,0,0
1028,ZW,Zimbabwe,,,NY.GDP.PCAP.CD,GDP per capita (current US$),Economic Policy & Debt,current US$,2020,2059.6370,2184.5216,-124.8846,-5.72,0,0
1027,ZW,Zimbabwe,,,NY.GDP.PCAP.CD,GDP per capita (current US$),Economic Policy & Debt,current US$,2021,2613.6167,2059.6370,553.9797,26.90,1,-0.109254
1027,ZW,Zimbabwe,,,NY.GDP.PCAP.CD,GDP per capita (current US$),Economic Policy & Debt,current US$,2021,2613.6167,2059.6370,553.9797,26.90,1,-0.044276
4152,ZW,Zimbabwe,,,SH.H2O.BASW.ZS,People using at least basic drinking water services (% of population),Environment: Water and sanitation,% of population,2018,67.2029,,,,0,0
4151,ZW,Zimbabwe,,,SH.H2O.BASW.ZS,People using at least basic drinking water services (% of population),Environment: Water and sanitation,% of population,2019,67.1796,67.2029,-0.0233,-0.03,0,0
4150,ZW,Zimbabwe,,,SH.H2O.BASW.ZS,People using at least basic drinking water services (% of population),Environment: Water and sanitation,% of population,2020,67.1664,67.1796,-0.0132,-0.02,0,0
4149,ZW,Zimbabwe,,,SH.H2O.BASW.ZS,People using at least basic drinking water services (% of population),Environment: Water and sanitation,% of population,2021,67.1626,67.1664,-0.0038,-0.01,0,0
3142,ZW,Zimbabwe,,,SP.DYN.LE00.IN,"Life expectancy at birth, total (years)",Health,years,2018,60.9060,,,,0,0
3141,ZW,Zimbabwe,,,SP.DYN.LE00.IN,"Life expectancy at birth, total (years)",Health,years,2019,61.0600,60.9060,0.1540,0.25,0,0
3140,ZW,Zimbabwe,,,SP.DYN.LE00.IN,"Life expectancy at birth, total (years)",Health,years,2020,61.5300,61.0600,0.4700,0.77,0,0
3139,ZW,Zimbabwe,,,SP.DYN.LE00.IN,"Life expectancy at birth, total (years)",Health,years,2021,60.1350,61.5300,-1.3950,-2.27,0,0
2086,ZW,Zimbabwe,,,SP.POP.TOTL,"Population, total",Health: Population,people,2018,15034452.0000,,,,0,0
2085,ZW,Zimbabwe,,,SP.POP.TOTL,"Population, total",Health: Population,people,2019,15271368.0000,15034452.0000,236916.0000,1.58,0,0
2084,ZW,Zimbabwe,,,SP.POP.TOTL,"Population, total",Health: Population,people,2020,15526888.0000,15271368.0000,255520.0000,1.67,0,0
2083,ZW,Zimbabwe,,,SP.POP.TOTL,"Population, total",Health: Population,people,2021,15797210.0000,15526888.0000,270322.0000,1.74,0,0
