anomaly_id,observation_id,model_name,model_version,country_code,country_name,region,income_level,indicator_code,indicator_name,year,indicator_value,anomaly_score,is_anomaly,feature_snapshot,detected_at,has_investigation,investigation_id,investigation_status,insight_title,insight_type
533,265,IsolationForest_WorldBank,v_test_suite,BZ,Belize,,,NY.GDP.PCAP.CD,GDP per capita (current US$),2021,6142.9893,-0.002548,True,"{'z_score': -0.3641, 'peer_mean': 18898.3228, 'hist_ratio': 0.9424, 'peer_z_score': -0.4412, 'historical_std': 1031.7473, 'yoy_growth_pct': 17.27, 'historical_mean': 6518.6431}",2026-09-27 13:17:25.449549+05:30,False,,COMPLETED,,
635,511,IsolationForest_WorldBank,v_test_suite,GY,Guyana,,,NY.GDP.PCAP.CD,GDP per capita (current US$),2018,6048.3870,-0.038965,True,"{'z_score': -0.7389, 'peer_mean': 17653.2755, 'hist_ratio': 0.398, 'peer_z_score': -0.446, 'historical_std': 12380.7269, 'yoy_growth_pct': 0.0, 'historical_mean': 15196.639}",2026-09-27 13:17:25.449549+05:30,False,,COMPLETED,,
1,10,IsolationForest_WorldBank,v1.0.0,1A,Arab World,,,NY.GDP.PCAP.CD,GDP per capita (current US$),2020,5749.7516,-0.020450,True,"{'z_score': -1.5883, 'peer_mean': 16362.3751, 'hist_ratio': 0.8415, 'peer_z_score': -0.4349, 'historical_std': 681.8938, 'yoy_growth_pct': -13.97, 'historical_mean': 6832.831}",2026-09-26 22:59:31.480948+05:30,False,,COMPLETED,,
2,1218,IsolationForest_WorldBank,v1.0.0,1W,World,,,SP.POP.TOTL,"Population, total",2018,7696159728.0000,-0.017431,True,"{'z_score': -1.1603, 'peer_mean': 310896968.8636, 'hist_ratio': 0.97, 'peer_z_score': 7.5953, 'historical_std': 204842679.2593, 'yoy_growth_pct': 0.0, 'historical_mean': 7933845959.0}",2026-09-26 22:59:31.480948+05:30,False,,COMPLETED,,
3,6205,IsolationForest_WorldBank,v1.0.0,1W,World,,,SP.POP.TOTL,"Population, total",2024,8140897523.0000,-0.002713,True,"{'z_score': 1.0108, 'peer_mean': 347846364.7791, 'hist_ratio': 1.0261, 'peer_z_score': 7.3797, 'historical_std': 204842679.2593, 'yoy_growth_pct': 0.0, 'historical_mean': 7933845959.0}",2026-09-26 22:59:31.480948+05:30,False,,COMPLETED,,
4,6204,IsolationForest_WorldBank,v1.0.0,1W,World,,,SP.POP.TOTL,"Population, total",2025,8215424893.0000,-0.034399,True,"{'z_score': 1.3746, 'peer_mean': 351395610.2008, 'hist_ratio': 1.0355, 'peer_z_score': 7.3806, 'historical_std': 204842679.2593, 'yoy_growth_pct': 0.92, 'historical_mean': 7933845959.0}",2026-09-26 22:59:31.480948+05:30,False,,COMPLETED,,
5,5679,IsolationForest_WorldBank,v1.0.0,7E,Europe & Central Asia (excluding high income),,,NY.GDP.PCAP.CD,GDP per capita (current US$),2025,11117.6138,-0.073542,True,"{'z_score': 1.5433, 'peer_mean': 18596.8906, 'hist_ratio': 1.4735, 'peer_z_score': -0.3026, 'historical_std': 2315.0194, 'yoy_growth_pct': 13.43, 'historical_mean': 7544.9423}",2026-09-26 22:59:31.480948+05:30,False,,COMPLETED,,
6,5756,IsolationForest_WorldBank,v1.0.0,AD,Andorra,,,NY.GDP.PCAP.CD,GDP per capita (current US$),2025,54291.5026,-0.045355,True,"{'z_score': 1.5828, 'peer_mean': 18596.8906, 'hist_ratio': 1.2177, 'peer_z_score': 1.4444, 'historical_std': 6132.3087, 'yoy_growth_pct': 10.0, 'historical_mean': 44585.5514}",2026-09-26 22:59:31.480948+05:30,False,,COMPLETED,,
7,983,IsolationForest_WorldBank,v1.0.0,AE,United Arab Emirates,,,NY.GDP.PCAP.CD,GDP per capita (current US$),2020,37991.7384,-0.054151,True,"{'z_score': -1.4284, 'peer_mean': 16362.3751, 'hist_ratio': 0.8675, 'peer_z_score': 0.8864, 'historical_std': 4063.4743, 'yoy_growth_pct': -17.3, 'historical_mean': 43796.0471}",2026-09-26 22:59:31.480948+05:30,False,,COMPLETED,,
8,189,IsolationForest_WorldBank,v1.0.0,AF,Afghanistan,,,NY.GDP.PCAP.CD,GDP per capita (current US$),2021,356.4962,-0.091358,True,"{'z_score': -1.4882, 'peer_mean': 18898.3228, 'hist_ratio': 0.7845, 'peer_z_score': -0.6414, 'historical_std': 65.7999, 'yoy_growth_pct': -30.21, 'historical_mean': 454.4188}",2026-09-26 22:59:31.480948+05:30,False,,COMPLETED,,
9,214,IsolationForest_WorldBank,v1.0.0,AG,Antigua and Barbuda,,,NY.GDP.PCAP.CD,GDP per capita (current US$),2020,15369.6082,-0.043518,True,"{'z_score': -1.1863, 'peer_mean': 16362.3751, 'hist_ratio': 0.7831, 'peer_z_score': -0.0407, 'historical_std': 3589.6021, 'yoy_growth_pct': -18.66, 'historical_mean': 19627.8478}",2026-09-26 22:59:31.480948+05:30,False,,COMPLETED,,
10,5760,IsolationForest_WorldBank,v1.0.0,AG,Antigua and Barbuda,,,NY.GDP.PCAP.CD,GDP per capita (current US$),2025,24819.2455,-0.002222,True,"{'z_score': 1.4462, 'peer_mean': 18596.8906, 'hist_ratio': 1.2645, 'peer_z_score': 0.2518, 'historical_std': 3589.6021, 'yoy_growth_pct': 7.63, 'historical_mean': 19627.8478}",2026-09-26 22:59:31.480948+05:30,False,,COMPLETED,,
11,5752,IsolationForest_WorldBank,v1.0.0,AL,Albania,,,NY.GDP.PCAP.CD,GDP per capita (current US$),2025,12998.1479,-0.090044,True,"{'z_score': 1.518, 'peer_mean': 18596.8906, 'hist_ratio': 1.5721, 'peer_z_score': -0.2266, 'historical_std': 3115.8795, 'yoy_growth_pct': 14.28, 'historical_mean': 8268.2698}",2026-09-26 22:59:31.480948+05:30,False,,COMPLETED,,
12,5764,IsolationForest_WorldBank,v1.0.0,AM,Armenia,,,NY.GDP.PCAP.CD,GDP per capita (current US$),2025,9474.0185,-0.065050,True,"{'z_score': 1.4695, 'peer_mean': 18596.8906, 'hist_ratio': 1.5888, 'peer_z_score': -0.3692, 'historical_std': 2389.274, 'yoy_growth_pct': 10.73, 'historical_mean': 5962.888}",2026-09-26 22:59:31.480948+05:30,False,,COMPLETED,,
13,210,IsolationForest_WorldBank,v1.0.0,AO,Angola,,,NY.GDP.PCAP.CD,GDP per capita (current US$),2020,1749.1795,-0.123592,True,"{'z_score': -1.6199, 'peer_mean': 16362.3751, 'hist_ratio': 0.6875, 'peer_z_score': -0.5988, 'historical_std': 490.8818, 'yoy_growth_pct': -30.25, 'historical_mean': 2544.357}",2026-09-26 22:59:31.480948+05:30,False,,COMPLETED,,
14,209,IsolationForest_WorldBank,v1.0.0,AO,Angola,,,NY.GDP.PCAP.CD,GDP per capita (current US$),2021,2266.9683,-0.004922,True,"{'z_score': -0.5651, 'peer_mean': 18898.3228, 'hist_ratio': 0.891, 'peer_z_score': -0.5753, 'historical_std': 490.8818, 'yoy_growth_pct': 29.6, 'historical_mean': 2544.357}",2026-09-26 22:59:31.480948+05:30,False,,COMPLETED,,
15,5758,IsolationForest_WorldBank,v1.0.0,AO,Angola,,,NY.GDP.PCAP.CD,GDP per capita (current US$),2025,3129.4766,-0.018883,True,"{'z_score': 1.192, 'peer_mean': 18596.8906, 'hist_ratio': 1.23, 'peer_z_score': -0.6259, 'historical_std': 490.8818, 'yoy_growth_pct': 15.02, 'historical_mean': 2544.357}",2026-09-26 22:59:31.480948+05:30,False,,COMPLETED,,
16,218,IsolationForest_WorldBank,v1.0.0,AR,Argentina,,,NY.GDP.PCAP.CD,GDP per capita (current US$),2020,8535.5994,-0.021601,True,"{'z_score': -1.2822, 'peer_mean': 16362.3751, 'hist_ratio': 0.7332, 'peer_z_score': -0.3207, 'historical_std': 2422.501, 'yoy_growth_pct': -14.27, 'historical_mean': 11641.7107}",2026-09-26 22:59:31.480948+05:30,False,,COMPLETED,,
17,5769,IsolationForest_WorldBank,v1.0.0,AT,Austria,,,NY.GDP.PCAP.CD,GDP per capita (current US$),2025,62930.0351,-0.026224,True,"{'z_score': 1.6068, 'peer_mean': 18596.8906, 'hist_ratio': 1.1631, 'peer_z_score': 1.7939, 'historical_std': 5490.6785, 'yoy_growth_pct': 8.0, 'historical_mean': 54107.3395}",2026-09-26 22:59:31.480948+05:30,False,,COMPLETED,,
18,226,IsolationForest_WorldBank,v1.0.0,AW,Aruba,,,NY.GDP.PCAP.CD,GDP per capita (current US$),2020,22664.3710,-0.063813,True,"{'z_score': -1.2094, 'peer_mean': 16362.3751, 'hist_ratio': 0.7615, 'peer_z_score': 0.2583, 'historical_std': 5870.0748, 'yoy_growth_pct': -26.07, 'historical_mean': 29763.7849}",2026-09-26 22:59:31.480948+05:30,False,,COMPLETED,,
19,238,IsolationForest_WorldBank,v1.0.0,AZ,Azerbaijan,,,NY.GDP.PCAP.CD,GDP per capita (current US$),2020,4229.9106,-0.003062,True,"{'z_score': -1.0332, 'peer_mean': 16362.3751, 'hist_ratio': 0.7489, 'peer_z_score': -0.4972, 'historical_std': 1372.6905, 'yoy_growth_pct': -11.98, 'historical_mean': 5648.1449}",2026-09-26 22:59:31.480948+05:30,False,,COMPLETED,,
20,5665,IsolationForest_WorldBank,v1.0.0,B8,Central Europe and the Baltics,,,NY.GDP.PCAP.CD,GDP per capita (current US$),2025,27676.9390,-0.071498,True,"{'z_score': 1.5465, 'peer_mean': 18596.8906, 'hist_ratio': 1.374, 'peer_z_score': 0.3674, 'historical_std': 4871.3166, 'yoy_growth_pct': 12.43, 'historical_mean': 20143.4996}",2026-09-26 22:59:31.480948+05:30,False,,COMPLETED,,
21,5793,IsolationForest_WorldBank,v1.0.0,BA,Bosnia and Herzegovina,,,NY.GDP.PCAP.CD,GDP per capita (current US$),2025,10381.8461,-0.034781,True,"{'z_score': 1.4939, 'peer_mean': 18596.8906, 'hist_ratio': 1.3728, 'peer_z_score': -0.3324, 'historical_std': 1887.2259, 'yoy_growth_pct': 10.47, 'historical_mean': 7562.6056}",2026-09-26 22:59:31.480948+05:30,False,,COMPLETED,,
22,5782,IsolationForest_WorldBank,v1.0.0,BE,Belgium,,,NY.GDP.PCAP.CD,GDP per capita (current US$),2025,60750.2736,-0.015115,True,"{'z_score': 1.5317, 'peer_mean': 18596.8906, 'hist_ratio': 1.1792, 'peer_z_score': 1.7057, 'historical_std': 6028.0976, 'yoy_growth_pct': 7.37, 'historical_mean': 51516.7616}",2026-09-26 22:59:31.480948+05:30,False,,COMPLETED,,
23,5803,IsolationForest_WorldBank,v1.0.0,BF,Burkina Faso,,,NY.GDP.PCAP.CD,GDP per capita (current US$),2025,1147.5713,-0.076548,True,"{'z_score': 1.7003, 'peer_mean': 18596.8906, 'hist_ratio': 1.2767, 'peer_z_score': -0.7061, 'historical_std': 146.2721, 'yoy_growth_pct': 16.8, 'historical_mean': 898.8592}",2026-09-26 22:59:31.480948+05:30,False,,COMPLETED,,
24,5801,IsolationForest_WorldBank,v1.0.0,BG,Bulgaria,,,NY.GDP.PCAP.CD,GDP per capita (current US$),2025,20328.1667,-0.086120,True,"{'z_score': 1.5395, 'peer_mean': 18596.8906, 'hist_ratio': 1.49, 'peer_z_score': 0.0701, 'historical_std': 4342.6495, 'yoy_growth_pct': 15.52, 'historical_mean': 13642.7985}",2026-09-26 22:59:31.480948+05:30,False,,COMPLETED,,
25,5786,IsolationForest_WorldBank,v1.0.0,BJ,Benin,,,NY.GDP.PCAP.CD,GDP per capita (current US$),2025,1658.2731,-0.016136,True,"{'z_score': 1.5923, 'peer_mean': 18596.8906, 'hist_ratio': 1.2523, 'peer_z_score': -0.6854, 'historical_std': 209.8235, 'yoy_growth_pct': 11.64, 'historical_mean': 1324.1769}",2026-09-26 22:59:31.480948+05:30,False,,COMPLETED,,
26,274,IsolationForest_WorldBank,v1.0.0,BM,Bermuda,,,NY.GDP.PCAP.CD,GDP per capita (current US$),2020,106976.5462,-0.009112,True,"{'z_score': -0.8117, 'peer_mean': 16362.3751, 'hist_ratio': 0.9051, 'peer_z_score': 3.7133, 'historical_std': 13826.1419, 'yoy_growth_pct': -7.62, 'historical_mean': 118198.9848}",2026-09-26 22:59:31.480948+05:30,False,,COMPLETED,,
27,5788,IsolationForest_WorldBank,v1.0.0,BM,Bermuda,,,NY.GDP.PCAP.CD,GDP per capita (current US$),2024,142250.4332,-0.075365,True,"{'z_score': 1.7396, 'peer_mean': 20818.9195, 'hist_ratio': 1.2035, 'peer_z_score': 3.6588, 'historical_std': 13826.1419, 'yoy_growth_pct': 0.0, 'historical_mean': 118198.9848}",2026-09-26 22:59:31.480948+05:30,False,,COMPLETED,,
28,298,IsolationForest_WorldBank,v1.0.0,BN,Brunei Darussalam,,,NY.GDP.PCAP.CD,GDP per capita (current US$),2020,26834.3592,-0.043308,True,"{'z_score': -1.8158, 'peer_mean': 16362.3751, 'hist_ratio': 0.872, 'peer_z_score': 0.4291, 'historical_std': 2169.6529, 'yoy_growth_pct': -11.81, 'historical_mean': 30774.0219}",2026-09-26 22:59:31.480948+05:30,False,,COMPLETED,,
29,282,IsolationForest_WorldBank,v1.0.0,BO,Bolivia,,,NY.GDP.PCAP.CD,GDP per capita (current US$),2020,3580.9676,-0.017690,True,"{'z_score': -1.3134, 'peer_mean': 16362.3751, 'hist_ratio': 0.8403, 'peer_z_score': -0.5238, 'historical_std': 518.3482, 'yoy_growth_pct': -14.8, 'historical_mean': 4261.7859}",2026-09-26 22:59:31.480948+05:30,False,,COMPLETED,,
30,5791,IsolationForest_WorldBank,v1.0.0,BO,Bolivia,,,NY.GDP.PCAP.CD,GDP per capita (current US$),2025,5147.8108,-0.054825,True,"{'z_score': 1.7093, 'peer_mean': 18596.8906, 'hist_ratio': 1.2079, 'peer_z_score': -0.5442, 'historical_std': 518.3482, 'yoy_growth_pct': 16.44, 'historical_mean': 4261.7859}",2026-09-26 22:59:31.480948+05:30,False,,COMPLETED,,
31,294,IsolationForest_WorldBank,v1.0.0,BR,Brazil,,,NY.GDP.PCAP.CD,GDP per capita (current US$),2020,7074.1938,-0.057555,True,"{'z_score': -1.447, 'peer_mean': 16362.3751, 'hist_ratio': 0.7802, 'peer_z_score': -0.3806, 'historical_std': 1377.0821, 'yoy_growth_pct': -21.66, 'historical_mean': 9066.8433}",2026-09-26 22:59:31.480948+05:30,False,,COMPLETED,,
32,242,IsolationForest_WorldBank,v1.0.0,BS,"Bahamas, The",,,NY.GDP.PCAP.CD,GDP per capita (current US$),2020,26178.7538,-0.065076,True,"{'z_score': -1.2938, 'peer_mean': 16362.3751, 'hist_ratio': 0.8066, 'peer_z_score': 0.4023, 'historical_std': 4852.6738, 'yoy_growth_pct': -22.18, 'historical_mean': 32456.9467}",2026-09-26 22:59:31.480948+05:30,False,,COMPLETED,,
33,290,IsolationForest_WorldBank,v1.0.0,BW,Botswana,,,NY.GDP.PCAP.CD,GDP per capita (current US$),2020,6323.2975,-0.021737,True,"{'z_score': -1.8429, 'peer_mean': 16362.3751, 'hist_ratio': 0.8595, 'peer_z_score': -0.4114, 'historical_std': 560.6617, 'yoy_growth_pct': -11.83, 'historical_mean': 7356.5277}",2026-09-26 22:59:31.480948+05:30,False,,COMPLETED,,
34,5780,IsolationForest_WorldBank,v1.0.0,BY,Belarus,,,NY.GDP.PCAP.CD,GDP per capita (current US$),2025,10279.2547,-0.098668,True,"{'z_score': 1.718, 'peer_mean': 18596.8906, 'hist_ratio': 1.3374, 'peer_z_score': -0.3366, 'historical_std': 1509.5444, 'yoy_growth_pct': 19.45, 'historical_mean': 7685.875}",2026-09-26 22:59:31.480948+05:30,False,,COMPLETED,,
35,266,IsolationForest_WorldBank,v1.0.0,BZ,Belize,,,NY.GDP.PCAP.CD,GDP per capita (current US$),2020,5238.5408,-0.018115,True,"{'z_score': -1.2407, 'peer_mean': 16362.3751, 'hist_ratio': 0.8036, 'peer_z_score': -0.4558, 'historical_std': 1031.7473, 'yoy_growth_pct': -15.12, 'historical_mean': 6518.6431}",2026-09-26 22:59:31.480948+05:30,False,,COMPLETED,,
36,325,IsolationForest_WorldBank,v1.0.0,CA,Canada,,,NY.GDP.PCAP.CD,GDP per capita (current US$),2021,52886.6408,-0.016240,True,"{'z_score': 0.5587, 'peer_mean': 18898.3228, 'hist_ratio': 1.0576, 'peer_z_score': 1.1758, 'historical_std': 5157.3218, 'yoy_growth_pct': 21.47, 'historical_mean': 50005.0162}",2026-09-26 22:59:31.480948+05:30,False,,COMPLETED,,
37,5828,IsolationForest_WorldBank,v1.0.0,CD,"Congo, Dem. Rep.",,,NY.GDP.PCAP.CD,GDP per capita (current US$),2025,806.7760,-0.088098,True,"{'z_score': 1.6273, 'peer_mean': 18596.8906, 'hist_ratio': 1.3431, 'peer_z_score': -0.7199, 'historical_std': 126.6574, 'yoy_growth_pct': 16.44, 'historical_mean': 600.6677}",2026-09-26 22:59:31.480948+05:30,False,,COMPLETED,,
38,2425,IsolationForest_WorldBank,v1.0.0,CF,Central African Republic,,,SP.DYN.LE00.IN,"Life expectancy at birth, total (years)",2019,31.5300,-0.167045,True,"{'z_score': -1.4282, 'peer_mean': 72.7336, 'hist_ratio': 0.6784, 'peer_z_score': -5.3313, 'historical_std': 10.4639, 'yoy_growth_pct': -39.71, 'historical_mean': 46.4746}",2026-09-26 22:59:31.480948+05:30,True,1,COMPLETED,"Central African Republic 2019: Life expectancy at birth, total (years) Contraction (Z=-1.60)",HISTORICAL_DEVIATION
39,2424,IsolationForest_WorldBank,v1.0.0,CF,Central African Republic,,,SP.DYN.LE00.IN,"Life expectancy at birth, total (years)",2020,50.5960,-0.120667,True,"{'z_score': 0.3939, 'peer_mean': 72.1816, 'hist_ratio': 1.0887, 'peer_z_score': -2.9952, 'historical_std': 10.4639, 'yoy_growth_pct': 60.47, 'historical_mean': 46.4746}",2026-09-26 22:59:31.480948+05:30,False,,COMPLETED,,
40,2423,IsolationForest_WorldBank,v1.0.0,CF,Central African Republic,,,SP.DYN.LE00.IN,"Life expectancy at birth, total (years)",2021,40.2790,-0.097164,True,"{'z_score': -0.5921, 'peer_mean': 71.4652, 'hist_ratio': 0.8667, 'peer_z_score': -4.178, 'historical_std': 10.4639, 'yoy_growth_pct': -20.39, 'historical_mean': 46.4746}",2026-09-26 22:59:31.480948+05:30,False,,COMPLETED,,
41,366,IsolationForest_WorldBank,v1.0.0,CG,"Congo, Rep.",,,NY.GDP.PCAP.CD,GDP per capita (current US$),2020,1993.5867,-0.081930,True,"{'z_score': -1.9244, 'peer_mean': 16362.3751, 'hist_ratio': 0.8143, 'peer_z_score': -0.5888, 'historical_std': 236.2742, 'yoy_growth_pct': -19.89, 'historical_mean': 2448.2652}",2026-09-26 22:59:31.480948+05:30,False,,COMPLETED,,
42,6087,IsolationForest_WorldBank,v1.0.0,CH,Switzerland,,,NY.GDP.PCAP.CD,GDP per capita (current US$),2025,114769.0123,-0.067219,True,"{'z_score': 1.4926, 'peer_mean': 18596.8906, 'hist_ratio': 1.1884, 'peer_z_score': 3.8916, 'historical_std': 12188.6869, 'yoy_growth_pct': 6.56, 'historical_mean': 96576.4928}",2026-09-26 22:59:31.480948+05:30,False,,COMPLETED,,
43,5834,IsolationForest_WorldBank,v1.0.0,CI,Cote d'Ivoire,,,NY.GDP.PCAP.CD,GDP per capita (current US$),2025,3050.1020,-0.012471,True,"{'z_score': 1.6017, 'peer_mean': 18596.8906, 'hist_ratio': 1.2461, 'peer_z_score': -0.6291, 'historical_std': 376.0987, 'yoy_growth_pct': 11.81, 'historical_mean': 2447.7234}",2026-09-26 22:59:31.480948+05:30,False,,COMPLETED,,
44,346,IsolationForest_WorldBank,v1.0.0,CL,Chile,,,NY.GDP.PCAP.CD,GDP per capita (current US$),2020,13117.9930,-0.005725,True,"{'z_score': -1.5073, 'peer_mean': 16362.3751, 'hist_ratio': 0.836, 'peer_z_score': -0.133, 'historical_std': 1706.8367, 'yoy_growth_pct': -9.51, 'historical_mean': 15690.6915}",2026-09-26 22:59:31.480948+05:30,False,,COMPLETED,,
45,354,IsolationForest_WorldBank,v1.0.0,CO,Colombia,,,NY.GDP.PCAP.CD,GDP per capita (current US$),2020,5339.6871,-0.050657,True,"{'z_score': -1.3186, 'peer_mean': 16362.3751, 'hist_ratio': 0.7745, 'peer_z_score': -0.4517, 'historical_std': 1178.8627, 'yoy_growth_pct': -17.5, 'historical_mean': 6894.0882}",2026-09-26 22:59:31.480948+05:30,False,,COMPLETED,,
46,5832,IsolationForest_WorldBank,v1.0.0,CR,Costa Rica,,,NY.GDP.PCAP.CD,GDP per capita (current US$),2025,19970.0989,-0.003594,True,"{'z_score': 1.4436, 'peer_mean': 18596.8906, 'hist_ratio': 1.3338, 'peer_z_score': 0.0556, 'historical_std': 3462.0434, 'yoy_growth_pct': 5.92, 'historical_mean': 14972.203}",2026-09-26 22:59:31.480948+05:30,False,,COMPLETED,,
47,314,IsolationForest_WorldBank,v1.0.0,CV,Cabo Verde,,,NY.GDP.PCAP.CD,GDP per capita (current US$),2020,3539.2266,-0.039131,True,"{'z_score': -1.1987, 'peer_mean': 16362.3751, 'hist_ratio': 0.7821, 'peer_z_score': -0.5255, 'historical_std': 822.778, 'yoy_growth_pct': -19.21, 'historical_mean': 4525.5157}",2026-09-26 22:59:31.480948+05:30,False,,COMPLETED,,
48,5807,IsolationForest_WorldBank,v1.0.0,CV,Cabo Verde,,,NY.GDP.PCAP.CD,GDP per capita (current US$),2025,5796.4721,-0.029091,True,"{'z_score': 1.5447, 'peer_mean': 18596.8906, 'hist_ratio': 1.2808, 'peer_z_score': -0.518, 'historical_std': 822.778, 'yoy_growth_pct': 12.11, 'historical_mean': 4525.5157}",2026-09-26 22:59:31.480948+05:30,False,,COMPLETED,,
49,5839,IsolationForest_WorldBank,v1.0.0,CY,Cyprus,,,NY.GDP.PCAP.CD,GDP per capita (current US$),2025,41783.0898,-0.027112,True,"{'z_score': 1.4893, 'peer_mean': 18596.8906, 'hist_ratio': 1.2543, 'peer_z_score': 0.9382, 'historical_std': 5687.8631, 'yoy_growth_pct': 8.04, 'historical_mean': 33312.1872}",2026-09-26 22:59:31.480948+05:30,False,,COMPLETED,,
50,5841,IsolationForest_WorldBank,v1.0.0,CZ,Czechia,,,NY.GDP.PCAP.CD,GDP per capita (current US$),2025,35917.2724,-0.070287,True,"{'z_score': 1.5862, 'peer_mean': 18596.8906, 'hist_ratio': 1.2929, 'peer_z_score': 0.7009, 'historical_std': 5129.7931, 'yoy_growth_pct': 12.85, 'historical_mean': 27780.5055}",2026-09-26 22:59:31.480948+05:30,False,,COMPLETED,,
51,5879,IsolationForest_WorldBank,v1.0.0,DE,Germany,,,NY.GDP.PCAP.CD,GDP per capita (current US$),2025,60496.4351,-0.020081,True,"{'z_score': 1.5848, 'peer_mean': 18596.8906, 'hist_ratio': 1.16, 'peer_z_score': 1.6955, 'historical_std': 5264.9362, 'yoy_growth_pct': 7.83, 'historical_mean': 52152.7759}",2026-09-26 22:59:31.480948+05:30,False,,COMPLETED,,
52,5845,IsolationForest_WorldBank,v1.0.0,DJ,Djibouti,,,NY.GDP.PCAP.CD,GDP per capita (current US$),2025,3905.6050,-0.001434,True,"{'z_score': 1.5977, 'peer_mean': 18596.8906, 'hist_ratio': 1.2409, 'peer_z_score': -0.5945, 'historical_std': 474.5505, 'yoy_growth_pct': 9.93, 'historical_mean': 3147.3967}",2026-09-26 22:59:31.480948+05:30,False,,COMPLETED,,
53,5843,IsolationForest_WorldBank,v1.0.0,DK,Denmark,,,NY.GDP.PCAP.CD,GDP per capita (current US$),2025,76970.1535,-0.031838,True,"{'z_score': 1.4923, 'peer_mean': 18596.8906, 'hist_ratio': 1.1573, 'peer_z_score': 2.3621, 'historical_std': 7010.3466, 'yoy_growth_pct': 8.37, 'historical_mean': 66508.6486}",2026-09-26 22:59:31.480948+05:30,False,,COMPLETED,,
54,405,IsolationForest_WorldBank,v1.0.0,DM,Dominica,,,NY.GDP.PCAP.CD,GDP per capita (current US$),2020,7827.7484,-0.032032,True,"{'z_score': -1.3065, 'peer_mean': 16362.3751, 'hist_ratio': 0.8341, 'peer_z_score': -0.3497, 'historical_std': 1191.3253, 'yoy_growth_pct': -17.53, 'historical_mean': 9384.1555}",2026-09-26 22:59:31.480948+05:30,False,,COMPLETED,,
55,198,IsolationForest_WorldBank,v1.0.0,DZ,Algeria,,,NY.GDP.PCAP.CD,GDP per capita (current US$),2020,3743.5420,-0.021329,True,"{'z_score': -1.1501, 'peer_mean': 16362.3751, 'hist_ratio': 0.7812, 'peer_z_score': -0.5171, 'historical_std': 911.8542, 'yoy_growth_pct': -16.22, 'historical_mean': 4792.2932}",2026-09-26 22:59:31.480948+05:30,False,,COMPLETED,,
56,5859,IsolationForest_WorldBank,v1.0.0,EE,Estonia,,,NY.GDP.PCAP.CD,GDP per capita (current US$),2025,34417.6321,-0.015313,True,"{'z_score': 1.5079, 'peer_mean': 18596.8906, 'hist_ratio': 1.2487, 'peer_z_score': 0.6402, 'historical_std': 4546.4985, 'yoy_growth_pct': 9.51, 'historical_mean': 27561.7555}",2026-09-26 22:59:31.480948+05:30,False,,COMPLETED,,
57,6071,IsolationForest_WorldBank,v1.0.0,ES,Spain,,,NY.GDP.PCAP.CD,GDP per capita (current US$),2025,38627.2472,-0.023189,True,"{'z_score': 1.5831, 'peer_mean': 18596.8906, 'hist_ratio': 1.2047, 'peer_z_score': 0.8105, 'historical_std': 4146.6478, 'yoy_growth_pct': 9.34, 'historical_mean': 32062.7303}",2026-09-26 22:59:31.480948+05:30,False,,COMPLETED,,
58,5864,IsolationForest_WorldBank,v1.0.0,ET,Ethiopia,,,NY.GDP.PCAP.CD,GDP per capita (current US$),2024,1133.8828,-0.007562,True,"{'z_score': 1.7737, 'peer_mean': 20818.9195, 'hist_ratio': 1.2782, 'peer_z_score': -0.5931, 'historical_std': 139.1368, 'yoy_growth_pct': 0.0, 'historical_mean': 887.098}",2026-09-26 22:59:31.480948+05:30,False,,COMPLETED,,
59,5683,IsolationForest_WorldBank,v1.0.0,EU,European Union,,,NY.GDP.PCAP.CD,GDP per capita (current US$),2025,47089.1638,-0.029317,True,"{'z_score': 1.5669, 'peer_mean': 18596.8906, 'hist_ratio': 1.1984, 'peer_z_score': 1.1529, 'historical_std': 4975.9236, 'yoy_growth_pct': 8.72, 'historical_mean': 39292.6098}",2026-09-26 22:59:31.480948+05:30,False,,COMPLETED,,
60,445,IsolationForest_WorldBank,v1.0.0,FJ,Fiji,,,NY.GDP.PCAP.CD,GDP per capita (current US$),2020,4620.6457,-0.032257,True,"{'z_score': -1.1831, 'peer_mean': 16362.3751, 'hist_ratio': 0.8118, 'peer_z_score': -0.4812, 'historical_std': 905.6078, 'yoy_growth_pct': -20.91, 'historical_mean': 5692.103}",2026-09-26 22:59:31.480948+05:30,False,,COMPLETED,,
61,461,IsolationForest_WorldBank,v1.0.0,GA,Gabon,,,NY.GDP.PCAP.CD,GDP per capita (current US$),2020,6605.8035,-0.015210,True,"{'z_score': -1.7274, 'peer_mean': 16362.3751, 'hist_ratio': 0.8552, 'peer_z_score': -0.3998, 'historical_std': 647.4805, 'yoy_growth_pct': -11.23, 'historical_mean': 7724.2908}",2026-09-26 22:59:31.480948+05:30,False,,COMPLETED,,
62,986,IsolationForest_WorldBank,v1.0.0,GB,United Kingdom,,,NY.GDP.PCAP.CD,GDP per capita (current US$),2021,47695.6492,-0.026691,True,"{'z_score': 1.3479, 'peer_mean': 18898.3228, 'hist_ratio': 1.0879, 'peer_z_score': 0.9962, 'historical_std': 2857.4881, 'yoy_growth_pct': 16.86, 'historical_mean': 43843.9438}",2026-09-26 22:59:31.480948+05:30,False,,COMPLETED,,
63,469,IsolationForest_WorldBank,v1.0.0,GE,Georgia,,,NY.GDP.PCAP.CD,GDP per capita (current US$),2020,4300.8570,-0.005656,True,"{'z_score': -0.819, 'peer_mean': 16362.3751, 'hist_ratio': 0.6865, 'peer_z_score': -0.4943, 'historical_std': 2398.1332, 'yoy_growth_pct': -9.29, 'historical_mean': 6264.8353}",2026-09-26 22:59:31.480948+05:30,False,,COMPLETED,,
64,5877,IsolationForest_WorldBank,v1.0.0,GE,Georgia,,,NY.GDP.PCAP.CD,GDP per capita (current US$),2025,9691.5347,-0.044764,True,"{'z_score': 1.4289, 'peer_mean': 18596.8906, 'hist_ratio': 1.547, 'peer_z_score': -0.3604, 'historical_std': 2398.1332, 'yoy_growth_pct': 8.07, 'historical_mean': 6264.8353}",2026-09-26 22:59:31.480948+05:30,False,,COMPLETED,,
65,5881,IsolationForest_WorldBank,v1.0.0,GH,Ghana,,,NY.GDP.PCAP.CD,GDP per capita (current US$),2025,3257.1589,-0.130788,True,"{'z_score': 1.9563, 'peer_mean': 18596.8906, 'hist_ratio': 1.3295, 'peer_z_score': -0.6207, 'historical_std': 412.6687, 'yoy_growth_pct': 34.63, 'historical_mean': 2449.8387}",2026-09-26 22:59:31.480948+05:30,False,,COMPLETED,,
66,5889,IsolationForest_WorldBank,v1.0.0,GN,Guinea,,,NY.GDP.PCAP.CD,GDP per capita (current US$),2025,1877.2541,-0.051711,True,"{'z_score': 1.4661, 'peer_mean': 18596.8906, 'hist_ratio': 1.4375, 'peer_z_score': -0.6766, 'historical_std': 389.7124, 'yoy_growth_pct': 10.76, 'historical_mean': 1305.9083}",2026-09-26 22:59:31.480948+05:30,False,,COMPLETED,,
67,425,IsolationForest_WorldBank,v1.0.0,GQ,Equatorial Guinea,,,NY.GDP.PCAP.CD,GDP per capita (current US$),2020,5764.0550,-0.030234,True,"{'z_score': -1.4721, 'peer_mean': 16362.3751, 'hist_ratio': 0.8387, 'peer_z_score': -0.4343, 'historical_std': 752.975, 'yoy_growth_pct': -15.29, 'historical_mean': 6872.5231}",2026-09-26 22:59:31.480948+05:30,False,,COMPLETED,,
68,5883,IsolationForest_WorldBank,v1.0.0,GR,Greece,,,NY.GDP.PCAP.CD,GDP per capita (current US$),2025,26948.0070,-0.012061,True,"{'z_score': 1.5502, 'peer_mean': 18596.8906, 'hist_ratio': 1.2503, 'peer_z_score': 0.3379, 'historical_std': 3479.6843, 'yoy_growth_pct': 9.43, 'historical_mean': 21553.7578}",2026-09-26 22:59:31.480948+05:30,False,,COMPLETED,,
69,5891,IsolationForest_WorldBank,v1.0.0,GW,Guinea-Bissau,,,NY.GDP.PCAP.CD,GDP per capita (current US$),2025,1123.7668,-0.033288,True,"{'z_score': 1.645, 'peer_mean': 18596.8906, 'hist_ratio': 1.2225, 'peer_z_score': -0.707, 'historical_std': 124.3418, 'yoy_growth_pct': 12.56, 'historical_mean': 919.2248}",2026-09-26 22:59:31.480948+05:30,False,,COMPLETED,,
70,509,IsolationForest_WorldBank,v1.0.0,GY,Guyana,,,NY.GDP.PCAP.CD,GDP per capita (current US$),2020,6775.7094,-0.001357,True,"{'z_score': -0.6802, 'peer_mean': 16362.3751, 'hist_ratio': 0.4459, 'peer_z_score': -0.3929, 'historical_std': 12380.7269, 'yoy_growth_pct': 5.77, 'historical_mean': 15196.639}",2026-09-26 22:59:31.480948+05:30,False,,COMPLETED,,
71,508,IsolationForest_WorldBank,v1.0.0,GY,Guyana,,,NY.GDP.PCAP.CD,GDP per capita (current US$),2021,9860.8701,-0.114335,True,"{'z_score': -0.431, 'peer_mean': 18898.3228, 'hist_ratio': 0.6489, 'peer_z_score': -0.3126, 'historical_std': 12380.7269, 'yoy_growth_pct': 45.53, 'historical_mean': 15196.639}",2026-09-26 22:59:31.480948+05:30,False,,COMPLETED,,
72,5894,IsolationForest_WorldBank,v1.0.0,GY,Guyana,,,NY.GDP.PCAP.CD,GDP per capita (current US$),2024,29675.2502,-0.030098,True,"{'z_score': 1.1694, 'peer_mean': 20818.9195, 'hist_ratio': 1.9528, 'peer_z_score': 0.2668, 'historical_std': 12380.7269, 'yoy_growth_pct': 0.0, 'historical_mean': 15196.639}",2026-09-26 22:59:31.480948+05:30,False,,COMPLETED,,
73,5893,IsolationForest_WorldBank,v1.0.0,GY,Guyana,,,NY.GDP.PCAP.CD,GDP per capita (current US$),2025,32413.7931,-0.068049,True,"{'z_score': 1.3906, 'peer_mean': 18596.8906, 'hist_ratio': 2.133, 'peer_z_score': 0.5591, 'historical_std': 12380.7269, 'yoy_growth_pct': 9.23, 'historical_mean': 15196.639}",2026-09-26 22:59:31.480948+05:30,False,,COMPLETED,,
74,5836,IsolationForest_WorldBank,v1.0.0,HR,Croatia,,,NY.GDP.PCAP.CD,GDP per capita (current US$),2025,27103.9116,-0.078419,True,"{'z_score': 1.5379, 'peer_mean': 18596.8906, 'hist_ratio': 1.4169, 'peer_z_score': 0.3442, 'historical_std': 5185.6601, 'yoy_growth_pct': 12.7, 'historical_mean': 19129.0606}",2026-09-26 22:59:31.480948+05:30,False,,COMPLETED,,
75,512,IsolationForest_WorldBank,v1.0.0,HT,Haiti,,,NY.GDP.PCAP.CD,GDP per capita (current US$),2021,1824.6799,-0.019258,True,"{'z_score': 0.0719, 'peer_mean': 18898.3228, 'hist_ratio': 1.0215, 'peer_z_score': -0.5906, 'historical_std': 532.7954, 'yoy_growth_pct': 41.41, 'historical_mean': 1786.3506}",2026-09-26 22:59:31.480948+05:30,False,,COMPLETED,,
76,5895,IsolationForest_WorldBank,v1.0.0,HT,Haiti,,,NY.GDP.PCAP.CD,GDP per capita (current US$),2025,2694.1897,-0.137700,True,"{'z_score': 1.7039, 'peer_mean': 18596.8906, 'hist_ratio': 1.5082, 'peer_z_score': -0.6435, 'historical_std': 532.7954, 'yoy_growth_pct': 30.76, 'historical_mean': 1786.3506}",2026-09-26 22:59:31.480948+05:30,True,5,COMPLETED,Haiti 2025: GDP per capita (current US$) Spike (Z=+1.87),HISTORICAL_DEVIATION
77,5901,IsolationForest_WorldBank,v1.0.0,HU,Hungary,,,NY.GDP.PCAP.CD,GDP per capita (current US$),2025,25907.4743,-0.044014,True,"{'z_score': 1.5522, 'peer_mean': 18596.8906, 'hist_ratio': 1.3146, 'peer_z_score': 0.2958, 'historical_std': 3993.8824, 'yoy_growth_pct': 11.16, 'historical_mean': 19708.0664}",2026-09-26 22:59:31.480948+05:30,False,,COMPLETED,,
78,548,IsolationForest_WorldBank,v1.0.0,IE,Ireland,,,NY.GDP.PCAP.CD,GDP per capita (current US$),2021,103783.4463,-0.055508,True,"{'z_score': 0.2077, 'peer_mean': 18898.3228, 'hist_ratio': 1.0423, 'peer_z_score': 2.9364, 'historical_std': 20288.6754, 'yoy_growth_pct': 19.96, 'historical_mean': 99569.4523}",2026-09-26 22:59:31.480948+05:30,False,,COMPLETED,,
79,5913,IsolationForest_WorldBank,v1.0.0,IE,Ireland,,,NY.GDP.PCAP.CD,GDP per capita (current US$),2025,131592.4625,-0.142514,True,"{'z_score': 1.5784, 'peer_mean': 18596.8906, 'hist_ratio': 1.3216, 'peer_z_score': 4.5724, 'historical_std': 20288.6754, 'yoy_growth_pct': 16.56, 'historical_mean': 99569.4523}",2026-09-26 22:59:31.480948+05:30,True,3,COMPLETED,Ireland 2025: GDP per capita (current US$) Spike (Z=+1.73),HISTORICAL_DEVIATION
80,5915,IsolationForest_WorldBank,v1.0.0,IL,Israel,,,NY.GDP.PCAP.CD,GDP per capita (current US$),2025,60336.8478,-0.056958,True,"{'z_score': 1.5061, 'peer_mean': 18596.8906, 'hist_ratio': 1.2158, 'peer_z_score': 1.689, 'historical_std': 7110.9009, 'yoy_growth_pct': 11.29, 'historical_mean': 49627.3179}",2026-09-26 22:59:31.480948+05:30,False,,COMPLETED,,
81,553,IsolationForest_WorldBank,v1.0.0,IM,Isle of Man,,,NY.GDP.PCAP.CD,GDP per capita (current US$),2020,79513.5330,-0.023330,True,"{'z_score': -1.3108, 'peer_mean': 16362.3751, 'hist_ratio': 0.9079, 'peer_z_score': 2.5879, 'historical_std': 6156.8523, 'yoy_growth_pct': -8.74, 'historical_mean': 87583.7196}",2026-09-26 22:59:31.480948+05:30,False,,COMPLETED,,
82,552,IsolationForest_WorldBank,v1.0.0,IM,Isle of Man,,,NY.GDP.PCAP.CD,GDP per capita (current US$),2021,94299.9693,-0.044566,True,"{'z_score': 1.0909, 'peer_mean': 18898.3228, 'hist_ratio': 1.0767, 'peer_z_score': 2.6084, 'historical_std': 6156.8523, 'yoy_growth_pct': 18.6, 'historical_mean': 87583.7196}",2026-09-26 22:59:31.480948+05:30,False,,COMPLETED,,
83,545,IsolationForest_WorldBank,v1.0.0,IQ,Iraq,,,NY.GDP.PCAP.CD,GDP per capita (current US$),2020,4295.1895,-0.073470,True,"{'z_score': -1.6083, 'peer_mean': 16362.3751, 'hist_ratio': 0.8062, 'peer_z_score': -0.4945, 'historical_std': 641.911, 'yoy_growth_pct': -24.27, 'historical_mean': 5327.5865}",2026-09-26 22:59:31.480948+05:30,False,,COMPLETED,,
84,541,IsolationForest_WorldBank,v1.0.0,IR,"Iran, Islamic Rep.",,,NY.GDP.PCAP.CD,GDP per capita (current US$),2020,3202.5000,-0.073957,True,"{'z_score': -1.5128, 'peer_mean': 16362.3751, 'hist_ratio': 0.7476, 'peer_z_score': -0.5393, 'historical_std': 714.7511, 'yoy_growth_pct': -19.89, 'historical_mean': 4283.7838}",2026-09-26 22:59:31.480948+05:30,False,,COMPLETED,,
85,540,IsolationForest_WorldBank,v1.0.0,IR,"Iran, Islamic Rep.",,,NY.GDP.PCAP.CD,GDP per capita (current US$),2021,4605.1488,-0.030247,True,"{'z_score': 0.4496, 'peer_mean': 18898.3228, 'hist_ratio': 1.075, 'peer_z_score': -0.4944, 'historical_std': 714.7511, 'yoy_growth_pct': 43.8, 'historical_mean': 4283.7838}",2026-09-26 22:59:31.480948+05:30,False,,COMPLETED,,
86,529,IsolationForest_WorldBank,v1.0.0,IS,Iceland,,,NY.GDP.PCAP.CD,GDP per capita (current US$),2020,60127.9394,-0.062696,True,"{'z_score': -1.2142, 'peer_mean': 16362.3751, 'hist_ratio': 0.7848, 'peer_z_score': 1.7935, 'historical_std': 13575.3196, 'yoy_growth_pct': -13.23, 'historical_mean': 76611.693}",2026-09-26 22:59:31.480948+05:30,False,,COMPLETED,,
87,528,IsolationForest_WorldBank,v1.0.0,IS,Iceland,,,NY.GDP.PCAP.CD,GDP per capita (current US$),2021,70425.4064,-0.002831,True,"{'z_score': -0.4557, 'peer_mean': 18898.3228, 'hist_ratio': 0.9193, 'peer_z_score': 1.7825, 'historical_std': 13575.3196, 'yoy_growth_pct': 17.13, 'historical_mean': 76611.693}",2026-09-26 22:59:31.480948+05:30,False,,COMPLETED,,
88,5903,IsolationForest_WorldBank,v1.0.0,IS,Iceland,,,NY.GDP.PCAP.CD,GDP per capita (current US$),2025,98323.4850,-0.116497,True,"{'z_score': 1.5994, 'peer_mean': 18596.8906, 'hist_ratio': 1.2834, 'peer_z_score': 3.2261, 'historical_std': 13575.3196, 'yoy_growth_pct': 14.51, 'historical_mean': 76611.693}",2026-09-26 22:59:31.480948+05:30,False,,COMPLETED,,
89,341,IsolationForest_WorldBank,v1.0.0,JG,Channel Islands,,,NY.GDP.PCAP.CD,GDP per capita (current US$),2021,66915.3964,-0.036636,True,"{'z_score': 1.3486, 'peer_mean': 18898.3228, 'hist_ratio': 1.0923, 'peer_z_score': 1.661, 'historical_std': 4191.6597, 'yoy_growth_pct': 17.84, 'historical_mean': 61262.6946}",2026-09-26 22:59:31.480948+05:30,False,,COMPLETED,,
90,5927,IsolationForest_WorldBank,v1.0.0,KE,Kenya,,,NY.GDP.PCAP.CD,GDP per capita (current US$),2025,2362.8609,-0.006456,True,"{'z_score': 1.6954, 'peer_mean': 18596.8906, 'hist_ratio': 1.1543, 'peer_z_score': -0.6569, 'historical_std': 186.2896, 'yoy_growth_pct': 10.75, 'historical_mean': 2047.0341}",2026-09-26 22:59:31.480948+05:30,False,,COMPLETED,,
91,601,IsolationForest_WorldBank,v1.0.0,KG,Kyrgyz Republic,,,NY.GDP.PCAP.CD,GDP per capita (current US$),2020,1229.5177,-0.027283,True,"{'z_score': -0.743, 'peer_mean': 16362.3751, 'hist_ratio': 0.678, 'peer_z_score': -0.6201, 'historical_std': 785.918, 'yoy_growth_pct': -13.54, 'historical_mean': 1813.469}",2026-09-26 22:59:31.480948+05:30,False,,COMPLETED,,
92,5937,IsolationForest_WorldBank,v1.0.0,KG,Kyrgyz Republic,,,NY.GDP.PCAP.CD,GDP per capita (current US$),2025,3080.9689,-0.122997,True,"{'z_score': 1.6128, 'peer_mean': 18596.8906, 'hist_ratio': 1.6989, 'peer_z_score': -0.6279, 'historical_std': 785.918, 'yoy_growth_pct': 22.51, 'historical_mean': 1813.469}",2026-09-26 22:59:31.480948+05:30,False,,COMPLETED,,
93,584,IsolationForest_WorldBank,v1.0.0,KI,Kiribati,,,NY.GDP.PCAP.CD,GDP per capita (current US$),2021,2223.5415,-0.002193,True,"{'z_score': 0.2625, 'peer_mean': 18898.3228, 'hist_ratio': 1.0463, 'peer_z_score': -0.5768, 'historical_std': 374.9062, 'yoy_growth_pct': 26.92, 'historical_mean': 2125.144}",2026-09-26 22:59:31.480948+05:30,False,,COMPLETED,,
94,5826,IsolationForest_WorldBank,v1.0.0,KM,Comoros,,,NY.GDP.PCAP.CD,GDP per capita (current US$),2025,2055.7592,-0.017113,True,"{'z_score': 1.6743, 'peer_mean': 18596.8906, 'hist_ratio': 1.2226, 'peer_z_score': -0.6693, 'historical_std': 223.5751, 'yoy_growth_pct': 10.65, 'historical_mean': 1681.4175}",2026-09-26 22:59:31.480948+05:30,False,,COMPLETED,,
95,893,IsolationForest_WorldBank,v1.0.0,KN,St. Kitts and Nevis,,,NY.GDP.PCAP.CD,GDP per capita (current US$),2020,18859.0190,-0.015883,True,"{'z_score': -1.1555, 'peer_mean': 16362.3751, 'hist_ratio': 0.8514, 'peer_z_score': 0.1023, 'historical_std': 2848.2259, 'yoy_growth_pct': -20.07, 'historical_mean': 22150.1195}",2026-09-26 22:59:31.480948+05:30,False,,COMPLETED,,
96,597,IsolationForest_WorldBank,v1.0.0,KW,Kuwait,,,NY.GDP.PCAP.CD,GDP per capita (current US$),2020,25236.0756,-0.096195,True,"{'z_score': -1.9717, 'peer_mean': 16362.3751, 'hist_ratio': 0.8046, 'peer_z_score': 0.3636, 'historical_std': 3109.2393, 'yoy_growth_pct': -20.41, 'historical_mean': 31366.4298}",2026-09-26 22:59:31.480948+05:30,False,,COMPLETED,,
97,596,IsolationForest_WorldBank,v1.0.0,KW,Kuwait,,,NY.GDP.PCAP.CD,GDP per capita (current US$),2021,34018.6343,-0.045788,True,"{'z_score': 0.853, 'peer_mean': 18898.3228, 'hist_ratio': 1.0846, 'peer_z_score': 0.5231, 'historical_std': 3109.2393, 'yoy_growth_pct': 34.8, 'historical_mean': 31366.4298}",2026-09-26 22:59:31.480948+05:30,False,,COMPLETED,,
98,5815,IsolationForest_WorldBank,v1.0.0,KY,Cayman Islands,,,NY.GDP.PCAP.CD,GDP per capita (current US$),2024,104292.9007,-0.027911,True,"{'z_score': 1.728, 'peer_mean': 20818.9195, 'hist_ratio': 1.1713, 'peer_z_score': 2.5151, 'historical_std': 8826.9348, 'yoy_growth_pct': 0.0, 'historical_mean': 89040.2434}",2026-09-26 22:59:31.480948+05:30,False,,COMPLETED,,
99,613,IsolationForest_WorldBank,v1.0.0,LB,Lebanon,,,NY.GDP.PCAP.CD,GDP per capita (current US$),2020,5561.1917,-0.021506,True,"{'z_score': -0.356, 'peer_mean': 16362.3751, 'hist_ratio': 0.8646, 'peer_z_score': -0.4426, 'historical_std': 2446.0427, 'yoy_growth_pct': -37.56, 'historical_mean': 6432.0507}",2026-09-26 22:59:31.480948+05:30,False,,COMPLETED,,
100,612,IsolationForest_WorldBank,v1.0.0,LB,Lebanon,,,NY.GDP.PCAP.CD,GDP per capita (current US$),2021,4045.3739,-0.090584,True,"{'z_score': -0.9757, 'peer_mean': 18898.3228, 'hist_ratio': 0.6289, 'peer_z_score': -0.5138, 'historical_std': 2446.0427, 'yoy_growth_pct': -27.26, 'historical_mean': 6432.0507}",2026-09-26 22:59:31.480948+05:30,False,,COMPLETED,,
101,897,IsolationForest_WorldBank,v1.0.0,LC,St. Lucia,,,NY.GDP.PCAP.CD,GDP per capita (current US$),2020,8537.1150,-0.080877,True,"{'z_score': -1.4341, 'peer_mean': 16362.3751, 'hist_ratio': 0.7148, 'peer_z_score': -0.3207, 'historical_std': 2375.7466, 'yoy_growth_pct': -27.43, 'historical_mean': 11944.1347}",2026-09-26 22:59:31.480948+05:30,False,,COMPLETED,,
102,631,IsolationForest_WorldBank,v1.0.0,LI,Liechtenstein,,,NY.GDP.PCAP.CD,GDP per capita (current US$),2018,174988.7751,-0.013845,True,"{'z_score': -0.4423, 'peer_mean': 17653.2755, 'hist_ratio': 0.9421, 'peer_z_score': 6.0466, 'historical_std': 24300.0423, 'yoy_growth_pct': 0.0, 'historical_mean': 185735.9528}",2026-09-26 22:59:31.480948+05:30,False,,COMPLETED,,
103,630,IsolationForest_WorldBank,v1.0.0,LI,Liechtenstein,,,NY.GDP.PCAP.CD,GDP per capita (current US$),2019,166907.8393,-0.033951,True,"{'z_score': -0.7748, 'peer_mean': 17618.8353, 'hist_ratio': 0.8986, 'peer_z_score': 5.8031, 'historical_std': 24300.0423, 'yoy_growth_pct': -4.62, 'historical_mean': 185735.9528}",2026-09-26 22:59:31.480948+05:30,False,,COMPLETED,,
104,629,IsolationForest_WorldBank,v1.0.0,LI,Liechtenstein,,,NY.GDP.PCAP.CD,GDP per capita (current US$),2020,164671.0936,-0.024083,True,"{'z_score': -0.8669, 'peer_mean': 16362.3751, 'hist_ratio': 0.8866, 'peer_z_score': 6.0776, 'historical_std': 24300.0423, 'yoy_growth_pct': -1.34, 'historical_mean': 185735.9528}",2026-09-26 22:59:31.480948+05:30,False,,COMPLETED,,
105,628,IsolationForest_WorldBank,v1.0.0,LI,Liechtenstein,,,NY.GDP.PCAP.CD,GDP per capita (current US$),2021,201944.8303,-0.134152,True,"{'z_score': 0.667, 'peer_mean': 18898.3228, 'hist_ratio': 1.0873, 'peer_z_score': 6.3321, 'historical_std': 24300.0423, 'yoy_growth_pct': 22.64, 'historical_mean': 185735.9528}",2026-09-26 22:59:31.480948+05:30,False,,COMPLETED,,
106,5950,IsolationForest_WorldBank,v1.0.0,LI,Liechtenstein,,,NY.GDP.PCAP.CD,GDP per capita (current US$),2024,220167.2255,-0.076940,True,"{'z_score': 1.4169, 'peer_mean': 20818.9195, 'hist_ratio': 1.1854, 'peer_z_score': 6.0064, 'historical_std': 24300.0423, 'yoy_growth_pct': 0.0, 'historical_mean': 185735.9528}",2026-09-26 22:59:31.480948+05:30,False,,COMPLETED,,
107,617,IsolationForest_WorldBank,v1.0.0,LS,Lesotho,,,NY.GDP.PCAP.CD,GDP per capita (current US$),2020,918.5826,-0.041982,True,"{'z_score': -1.671, 'peer_mean': 16362.3751, 'hist_ratio': 0.868, 'peer_z_score': -0.6329, 'historical_std': 83.6195, 'yoy_growth_pct': -15.11, 'historical_mean': 1058.3145}",2026-09-26 22:59:31.480948+05:30,False,,COMPLETED,,
108,5951,IsolationForest_WorldBank,v1.0.0,LT,Lithuania,,,NY.GDP.PCAP.CD,GDP per capita (current US$),2025,32958.6706,-0.053912,True,"{'z_score': 1.5057, 'peer_mean': 18596.8906, 'hist_ratio': 1.357, 'peer_z_score': 0.5811, 'historical_std': 5758.4904, 'yoy_growth_pct': 11.33, 'historical_mean': 24288.3314}",2026-09-26 22:59:31.480948+05:30,False,,COMPLETED,,
109,638,IsolationForest_WorldBank,v1.0.0,LU,Luxembourg,,,NY.GDP.PCAP.CD,GDP per capita (current US$),2019,112696.6491,-0.007532,True,"{'z_score': -1.0667, 'peer_mean': 17618.8353, 'hist_ratio': 0.8822, 'peer_z_score': 3.6958, 'historical_std': 14109.3938, 'yoy_growth_pct': -3.62, 'historical_mean': 127747.1855}",2026-09-26 22:59:31.480948+05:30,False,,COMPLETED,,
110,636,IsolationForest_WorldBank,v1.0.0,LU,Luxembourg,,,NY.GDP.PCAP.CD,GDP per capita (current US$),2021,134965.8154,-0.051768,True,"{'z_score': 0.5116, 'peer_mean': 18898.3228, 'hist_ratio': 1.0565, 'peer_z_score': 4.0151, 'historical_std': 14109.3938, 'yoy_growth_pct': 15.49, 'historical_mean': 127747.1855}",2026-09-26 22:59:31.480948+05:30,False,,COMPLETED,,
111,5953,IsolationForest_WorldBank,v1.0.0,LU,Luxembourg,,,NY.GDP.PCAP.CD,GDP per capita (current US$),2025,147252.1791,-0.086134,True,"{'z_score': 1.3824, 'peer_mean': 18596.8906, 'hist_ratio': 1.1527, 'peer_z_score': 5.206, 'historical_std': 14109.3938, 'yoy_growth_pct': 6.87, 'historical_mean': 127747.1855}",2026-09-26 22:59:31.480948+05:30,False,,COMPLETED,,
112,5941,IsolationForest_WorldBank,v1.0.0,LV,Latvia,,,NY.GDP.PCAP.CD,GDP per capita (current US$),2025,26311.9731,-0.047008,True,"{'z_score': 1.5567, 'peer_mean': 18596.8906, 'hist_ratio': 1.2912, 'peer_z_score': 0.3122, 'historical_std': 3812.213, 'yoy_growth_pct': 11.59, 'historical_mean': 20377.3678}",2026-09-26 22:59:31.480948+05:30,False,,COMPLETED,,
113,627,IsolationForest_WorldBank,v1.0.0,LY,Libya,,,NY.GDP.PCAP.CD,GDP per capita (current US$),2018,11196.5855,-0.012016,True,"{'z_score': 1.4845, 'peer_mean': 17653.2755, 'hist_ratio': 1.468, 'peer_z_score': -0.2481, 'historical_std': 2404.2936, 'yoy_growth_pct': 0.0, 'historical_mean': 7627.3224}",2026-09-26 22:59:31.480948+05:30,False,,COMPLETED,,
114,626,IsolationForest_WorldBank,v1.0.0,LY,Libya,,,NY.GDP.PCAP.CD,GDP per capita (current US$),2019,9963.1949,-0.015226,True,"{'z_score': 0.9715, 'peer_mean': 17618.8353, 'hist_ratio': 1.3063, 'peer_z_score': -0.2976, 'historical_std': 2404.2936, 'yoy_growth_pct': -11.02, 'historical_mean': 7627.3224}",2026-09-26 22:59:31.480948+05:30,False,,COMPLETED,,
115,625,IsolationForest_WorldBank,v1.0.0,LY,Libya,,,NY.GDP.PCAP.CD,GDP per capita (current US$),2020,6650.3381,-0.018281,True,"{'z_score': -0.4063, 'peer_mean': 16362.3751, 'hist_ratio': 0.8719, 'peer_z_score': -0.398, 'historical_std': 2404.2936, 'yoy_growth_pct': -33.25, 'historical_mean': 7627.3224}",2026-09-26 22:59:31.480948+05:30,False,,COMPLETED,,
116,624,IsolationForest_WorldBank,v1.0.0,LY,Libya,,,NY.GDP.PCAP.CD,GDP per capita (current US$),2021,4935.8279,-0.071835,True,"{'z_score': -1.1195, 'peer_mean': 18898.3228, 'hist_ratio': 0.6471, 'peer_z_score': -0.483, 'historical_std': 2404.2936, 'yoy_growth_pct': -25.78, 'historical_mean': 7627.3224}",2026-09-26 22:59:31.480948+05:30,False,,COMPLETED,,
117,5986,IsolationForest_WorldBank,v1.0.0,MA,Morocco,,,NY.GDP.PCAP.CD,GDP per capita (current US$),2025,4672.4683,-0.035748,True,"{'z_score': 1.6553, 'peer_mean': 18596.8906, 'hist_ratio': 1.2248, 'peer_z_score': -0.5635, 'historical_std': 518.0724, 'yoy_growth_pct': 12.5, 'historical_mean': 3814.9041}",2026-09-26 22:59:31.480948+05:30,False,,COMPLETED,,
118,695,IsolationForest_WorldBank,v1.0.0,MC,Monaco,,,NY.GDP.PCAP.CD,GDP per capita (current US$),2018,188298.3897,-0.023760,True,"{'z_score': -0.5774, 'peer_mean': 17653.2755, 'hist_ratio': 0.8793, 'peer_z_score': 6.5581, 'historical_std': 44778.3445, 'yoy_growth_pct': 0.0, 'historical_mean': 214152.3656}",2026-09-26 22:59:31.480948+05:30,False,,COMPLETED,,
119,694,IsolationForest_WorldBank,v1.0.0,MC,Monaco,,,NY.GDP.PCAP.CD,GDP per capita (current US$),2019,193746.7299,-0.036672,True,"{'z_score': -0.4557, 'peer_mean': 17618.8353, 'hist_ratio': 0.9047, 'peer_z_score': 6.8463, 'historical_std': 44778.3445, 'yoy_growth_pct': 2.89, 'historical_mean': 214152.3656}",2026-09-26 22:59:31.480948+05:30,False,,COMPLETED,,
120,693,IsolationForest_WorldBank,v1.0.0,MC,Monaco,,,NY.GDP.PCAP.CD,GDP per capita (current US$),2020,176891.8063,-0.092805,True,"{'z_score': -0.8321, 'peer_mean': 16362.3751, 'hist_ratio': 0.826, 'peer_z_score': 6.5784, 'historical_std': 44778.3445, 'yoy_growth_pct': -8.7, 'historical_mean': 214152.3656}",2026-09-26 22:59:31.480948+05:30,False,,COMPLETED,,
121,692,IsolationForest_WorldBank,v1.0.0,MC,Monaco,,,NY.GDP.PCAP.CD,GDP per capita (current US$),2021,223823.3272,-0.138380,True,"{'z_score': 0.216, 'peer_mean': 18898.3228, 'hist_ratio': 1.0452, 'peer_z_score': 7.0889, 'historical_std': 44778.3445, 'yoy_growth_pct': 26.53, 'historical_mean': 214152.3656}",2026-09-26 22:59:31.480948+05:30,True,4,COMPLETED,Monaco 2021: GDP per capita (current US$) Spike (Z=+0.24),HISTORICAL_DEVIATION
122,5981,IsolationForest_WorldBank,v1.0.0,MC,Monaco,,,NY.GDP.PCAP.CD,GDP per capita (current US$),2024,288001.5749,-0.123172,True,"{'z_score': 1.6492, 'peer_mean': 20818.9195, 'hist_ratio': 1.3448, 'peer_z_score': 8.0503, 'historical_std': 44778.3445, 'yoy_growth_pct': 0.0, 'historical_mean': 214152.3656}",2026-09-26 22:59:31.480948+05:30,False,,COMPLETED,,
123,5979,IsolationForest_WorldBank,v1.0.0,MD,Moldova,,,NY.GDP.PCAP.CD,GDP per capita (current US$),2025,8621.7172,-0.078898,True,"{'z_score': 1.519, 'peer_mean': 18596.8906, 'hist_ratio': 1.5032, 'peer_z_score': -0.4036, 'historical_std': 1900.1256, 'yoy_growth_pct': 13.76, 'historical_mean': 5735.4647}",2026-09-26 22:59:31.480948+05:30,False,,COMPLETED,,
124,701,IsolationForest_WorldBank,v1.0.0,ME,Montenegro,,,NY.GDP.PCAP.CD,GDP per capita (current US$),2020,7555.4870,-0.009915,True,"{'z_score': -0.9721, 'peer_mean': 16362.3751, 'hist_ratio': 0.7267, 'peer_z_score': -0.3609, 'historical_std': 2922.9567, 'yoy_growth_pct': -13.64, 'historical_mean': 10396.8705}",2026-09-26 22:59:31.480948+05:30,False,,COMPLETED,,
125,5984,IsolationForest_WorldBank,v1.0.0,ME,Montenegro,,,NY.GDP.PCAP.CD,GDP per capita (current US$),2025,14816.8380,-0.056964,True,"{'z_score': 1.5122, 'peer_mean': 18596.8906, 'hist_ratio': 1.4251, 'peer_z_score': -0.153, 'historical_std': 2922.9567, 'yoy_growth_pct': 11.66, 'historical_mean': 10396.8705}",2026-09-26 22:59:31.480948+05:30,False,,COMPLETED,,
126,5969,IsolationForest_WorldBank,v1.0.0,MH,Marshall Islands,,,NY.GDP.PCAP.CD,GDP per capita (current US$),2025,8489.0579,-0.040876,True,"{'z_score': 1.5051, 'peer_mean': 18596.8906, 'hist_ratio': 1.3331, 'peer_z_score': -0.409, 'historical_std': 1409.3192, 'yoy_growth_pct': 11.84, 'historical_mean': 6367.8471}",2026-09-26 22:59:31.480948+05:30,False,,COMPLETED,,
127,6009,IsolationForest_WorldBank,v1.0.0,MK,North Macedonia,,,NY.GDP.PCAP.CD,GDP per capita (current US$),2025,10489.9255,-0.053913,True,"{'z_score': 1.5926, 'peer_mean': 18596.8906, 'hist_ratio': 1.3252, 'peer_z_score': -0.328, 'historical_std': 1616.2761, 'yoy_growth_pct': 12.89, 'historical_mean': 7915.8382}",2026-09-26 22:59:31.480948+05:30,False,,COMPLETED,,
128,712,IsolationForest_WorldBank,v1.0.0,MM,Myanmar,,,NY.GDP.PCAP.CD,GDP per capita (current US$),2021,1242.7213,-0.015968,True,"{'z_score': -1.3873, 'peer_mean': 18898.3228, 'hist_ratio': 0.8978, 'peer_z_score': -0.6108, 'historical_std': 101.966, 'yoy_growth_pct': -16.61, 'historical_mean': 1384.1777}",2026-09-26 22:59:31.480948+05:30,False,,COMPLETED,,
129,5982,IsolationForest_WorldBank,v1.0.0,MN,Mongolia,,,NY.GDP.PCAP.CD,GDP per capita (current US$),2025,7108.2274,-0.009298,True,"{'z_score': 1.4034, 'peer_mean': 18596.8906, 'hist_ratio': 1.3832, 'peer_z_score': -0.4649, 'historical_std': 1403.2743, 'yoy_growth_pct': 5.3, 'historical_mean': 5138.819}",2026-09-26 22:59:31.480948+05:30,False,,COMPLETED,,
130,643,IsolationForest_WorldBank,v1.0.0,MO,"Macao SAR, China",,,NY.GDP.PCAP.CD,GDP per capita (current US$),2018,83588.2875,-0.035848,True,"{'z_score': 0.8889, 'peer_mean': 17653.2755, 'hist_ratio': 1.2692, 'peer_z_score': 2.534, 'historical_std': 19945.9091, 'yoy_growth_pct': 0.0, 'historical_mean': 65857.6726}",2026-09-26 22:59:31.480948+05:30,False,,COMPLETED,,
131,642,IsolationForest_WorldBank,v1.0.0,MO,"Macao SAR, China",,,NY.GDP.PCAP.CD,GDP per capita (current US$),2019,81882.6965,-0.018750,True,"{'z_score': 0.8034, 'peer_mean': 17618.8353, 'hist_ratio': 1.2433, 'peer_z_score': 2.498, 'historical_std': 19945.9091, 'yoy_growth_pct': -2.04, 'historical_mean': 65857.6726}",2026-09-26 22:59:31.480948+05:30,False,,COMPLETED,,
132,641,IsolationForest_WorldBank,v1.0.0,MO,"Macao SAR, China",,,NY.GDP.PCAP.CD,GDP per capita (current US$),2020,36883.6653,-0.129618,True,"{'z_score': -1.4526, 'peer_mean': 16362.3751, 'hist_ratio': 0.5601, 'peer_z_score': 0.8409, 'historical_std': 19945.9091, 'yoy_growth_pct': -54.96, 'historical_mean': 65857.6726}",2026-09-26 22:59:31.480948+05:30,False,,COMPLETED,,
133,640,IsolationForest_WorldBank,v1.0.0,MO,"Macao SAR, China",,,NY.GDP.PCAP.CD,GDP per capita (current US$),2021,44884.8962,-0.102128,True,"{'z_score': -1.0515, 'peer_mean': 18898.3228, 'hist_ratio': 0.6815, 'peer_z_score': 0.8989, 'historical_std': 19945.9091, 'yoy_growth_pct': 21.69, 'historical_mean': 65857.6726}",2026-09-26 22:59:31.480948+05:30,False,,COMPLETED,,
134,5955,IsolationForest_WorldBank,v1.0.0,MO,"Macao SAR, China",,,NY.GDP.PCAP.CD,GDP per capita (current US$),2025,75901.7461,-0.004144,True,"{'z_score': 0.5036, 'peer_mean': 18596.8906, 'hist_ratio': 1.1525, 'peer_z_score': 2.3188, 'historical_std': 19945.9091, 'yoy_growth_pct': 5.41, 'historical_mean': 65857.6726}",2026-09-26 22:59:31.480948+05:30,False,,COMPLETED,,
135,757,IsolationForest_WorldBank,v1.0.0,MP,Northern Mariana Islands,,,NY.GDP.PCAP.CD,GDP per capita (current US$),2020,18220.8382,-0.030802,True,"{'z_score': -0.9957, 'peer_mean': 16362.3751, 'hist_ratio': 0.8218, 'peer_z_score': 0.0762, 'historical_std': 3966.8552, 'yoy_growth_pct': -25.62, 'historical_mean': 22170.5919}",2026-09-26 22:59:31.480948+05:30,False,,COMPLETED,,
136,5967,IsolationForest_WorldBank,v1.0.0,MT,Malta,,,NY.GDP.PCAP.CD,GDP per capita (current US$),2025,47906.9000,-0.044912,True,"{'z_score': 1.4859, 'peer_mean': 18596.8906, 'hist_ratio': 1.2627, 'peer_z_score': 1.186, 'historical_std': 6708.2547, 'yoy_growth_pct': 8.82, 'historical_mean': 37939.3587}",2026-09-26 22:59:31.480948+05:30,False,,COMPLETED,,
137,677,IsolationForest_WorldBank,v1.0.0,MU,Mauritius,,,NY.GDP.PCAP.CD,GDP per capita (current US$),2020,9135.8477,-0.027703,True,"{'z_score': -1.2431, 'peer_mean': 16362.3751, 'hist_ratio': 0.822, 'peer_z_score': -0.2961, 'historical_std': 1591.1355, 'yoy_growth_pct': -21.03, 'historical_mean': 11113.7984}",2026-09-26 22:59:31.480948+05:30,False,,COMPLETED,,
138,657,IsolationForest_WorldBank,v1.0.0,MV,Maldives,,,NY.GDP.PCAP.CD,GDP per capita (current US$),2020,7393.8887,-0.115189,True,"{'z_score': -1.6077, 'peer_mean': 16362.3751, 'hist_ratio': 0.6455, 'peer_z_score': -0.3675, 'historical_std': 2525.7651, 'yoy_growth_pct': -37.02, 'historical_mean': 11454.6102}",2026-09-26 22:59:31.480948+05:30,False,,COMPLETED,,
139,656,IsolationForest_WorldBank,v1.0.0,MV,Maldives,,,NY.GDP.PCAP.CD,GDP per capita (current US$),2021,10176.1439,-0.029592,True,"{'z_score': -0.5062, 'peer_mean': 18898.3228, 'hist_ratio': 0.8884, 'peer_z_score': -0.3017, 'historical_std': 2525.7651, 'yoy_growth_pct': 37.63, 'historical_mean': 11454.6102}",2026-09-26 22:59:31.480948+05:30,False,,COMPLETED,,
140,5963,IsolationForest_WorldBank,v1.0.0,MV,Maldives,,,NY.GDP.PCAP.CD,GDP per capita (current US$),2025,14614.7208,-0.002920,True,"{'z_score': 1.2511, 'peer_mean': 18596.8906, 'hist_ratio': 1.2759, 'peer_z_score': -0.1611, 'historical_std': 2525.7651, 'yoy_growth_pct': 9.23, 'historical_mean': 11454.6102}",2026-09-26 22:59:31.480948+05:30,False,,COMPLETED,,
141,5959,IsolationForest_WorldBank,v1.0.0,MW,Malawi,,,NY.GDP.PCAP.CD,GDP per capita (current US$),2025,671.5068,-0.060043,True,"{'z_score': 1.5043, 'peer_mean': 18596.8906, 'hist_ratio': 1.142, 'peer_z_score': -0.7253, 'historical_std': 55.5197, 'yoy_growth_pct': 28.55, 'historical_mean': 587.9864}",2026-09-26 22:59:31.480948+05:30,False,,COMPLETED,,
142,681,IsolationForest_WorldBank,v1.0.0,MX,Mexico,,,NY.GDP.PCAP.CD,GDP per capita (current US$),2020,8841.2707,-0.011871,True,"{'z_score': -1.1155, 'peer_mean': 16362.3751, 'hist_ratio': 0.786, 'peer_z_score': -0.3082, 'historical_std': 2157.4647, 'yoy_growth_pct': -14.74, 'historical_mean': 11247.8245}",2026-09-26 22:59:31.480948+05:30,False,,COMPLETED,,
143,5961,IsolationForest_WorldBank,v1.0.0,MY,Malaysia,,,NY.GDP.PCAP.CD,GDP per capita (current US$),2025,13124.5554,-0.005593,True,"{'z_score': 1.695, 'peer_mean': 18596.8906, 'hist_ratio': 1.1635, 'peer_z_score': -0.2214, 'historical_std': 1088.0452, 'yoy_growth_pct': 10.53, 'historical_mean': 11280.2678}",2026-09-26 22:59:31.480948+05:30,False,,COMPLETED,,
144,717,IsolationForest_WorldBank,v1.0.0,NA,Namibia,,,NY.GDP.PCAP.CD,GDP per capita (current US$),2020,3878.5898,-0.049465,True,"{'z_score': -1.5365, 'peer_mean': 16362.3751, 'hist_ratio': 0.8398, 'peer_z_score': -0.5116, 'historical_std': 481.405, 'yoy_growth_pct': -18.03, 'historical_mean': 4618.2881}",2026-09-26 22:59:31.480948+05:30,False,,COMPLETED,,
145,750,IsolationForest_WorldBank,v1.0.0,NG,Nigeria,,,NY.GDP.PCAP.CD,GDP per capita (current US$),2019,3189.8129,-0.136516,True,"{'z_score': 1.1322, 'peer_mean': 17618.8353, 'hist_ratio': 1.4564, 'peer_z_score': -0.5609, 'historical_std': 882.9828, 'yoy_growth_pct': 55.0, 'historical_mean': 2190.1299}",2026-09-26 22:59:31.480948+05:30,False,,COMPLETED,,
146,749,IsolationForest_WorldBank,v1.0.0,NG,Nigeria,,,NY.GDP.PCAP.CD,GDP per capita (current US$),2020,2797.1846,-0.019004,True,"{'z_score': 0.6875, 'peer_mean': 16362.3751, 'hist_ratio': 1.2772, 'peer_z_score': -0.5559, 'historical_std': 882.9828, 'yoy_growth_pct': -12.31, 'historical_mean': 2190.1299}",2026-09-26 22:59:31.480948+05:30,False,,COMPLETED,,
147,6008,IsolationForest_WorldBank,v1.0.0,NG,Nigeria,,,NY.GDP.PCAP.CD,GDP per capita (current US$),2024,1084.1604,-0.002520,True,"{'z_score': -1.2525, 'peer_mean': 20818.9195, 'hist_ratio': 0.495, 'peer_z_score': -0.5946, 'historical_std': 882.9828, 'yoy_growth_pct': 0.0, 'historical_mean': 2190.1299}",2026-09-26 22:59:31.480948+05:30,False,,COMPLETED,,
148,6007,IsolationForest_WorldBank,v1.0.0,NG,Nigeria,,,NY.GDP.PCAP.CD,GDP per capita (current US$),2025,1224.2541,-0.059342,True,"{'z_score': -1.0939, 'peer_mean': 18596.8906, 'hist_ratio': 0.559, 'peer_z_score': -0.703, 'historical_std': 882.9828, 'yoy_growth_pct': 12.92, 'historical_mean': 2190.1299}",2026-09-26 22:59:31.480948+05:30,False,,COMPLETED,,
149,6003,IsolationForest_WorldBank,v1.0.0,NI,Nicaragua,,,NY.GDP.PCAP.CD,GDP per capita (current US$),2025,3173.3372,-0.043715,True,"{'z_score': 1.5629, 'peer_mean': 18596.8906, 'hist_ratio': 1.3511, 'peer_z_score': -0.6241, 'historical_std': 527.6759, 'yoy_growth_pct': 11.43, 'historical_mean': 2348.6387}",2026-09-26 22:59:31.480948+05:30,False,,COMPLETED,,
150,5998,IsolationForest_WorldBank,v1.0.0,NL,Netherlands,,,NY.GDP.PCAP.CD,GDP per capita (current US$),2025,73683.9171,-0.058165,True,"{'z_score': 1.5618, 'peer_mean': 18596.8906, 'hist_ratio': 1.2204, 'peer_z_score': 2.2291, 'historical_std': 8519.2837, 'yoy_growth_pct': 9.22, 'historical_mean': 60378.1886}",2026-09-26 22:59:31.480948+05:30,False,,COMPLETED,,
151,761,IsolationForest_WorldBank,v1.0.0,NO,Norway,,,NY.GDP.PCAP.CD,GDP per capita (current US$),2020,71057.5879,-0.098110,True,"{'z_score': -1.5634, 'peer_mean': 16362.3751, 'hist_ratio': 0.8248, 'peer_z_score': 2.2414, 'historical_std': 9652.4562, 'yoy_growth_pct': -10.43, 'historical_mean': 86148.6125}",2026-09-26 22:59:31.480948+05:30,False,,COMPLETED,,
152,760,IsolationForest_WorldBank,v1.0.0,NO,Norway,,,NY.GDP.PCAP.CD,GDP per capita (current US$),2021,96442.5552,-0.103437,True,"{'z_score': 1.0665, 'peer_mean': 18898.3228, 'hist_ratio': 1.1195, 'peer_z_score': 2.6825, 'historical_std': 9652.4562, 'yoy_growth_pct': 35.72, 'historical_mean': 86148.6125}",2026-09-26 22:59:31.480948+05:30,False,,COMPLETED,,
153,6011,IsolationForest_WorldBank,v1.0.0,NO,Norway,,,NY.GDP.PCAP.CD,GDP per capita (current US$),2025,94594.1930,-0.001189,True,"{'z_score': 0.875, 'peer_mean': 18596.8906, 'hist_ratio': 1.098, 'peer_z_score': 3.0752, 'historical_std': 9652.4562, 'yoy_growth_pct': 5.23, 'historical_mean': 86148.6125}",2026-09-26 22:59:31.480948+05:30,False,,COMPLETED,,
154,765,IsolationForest_WorldBank,v1.0.0,OM,Oman,,,NY.GDP.PCAP.CD,GDP per capita (current US$),2020,16784.8631,-0.031263,True,"{'z_score': -1.9386, 'peer_mean': 16362.3751, 'hist_ratio': 0.8719, 'peer_z_score': 0.0173, 'historical_std': 1271.8627, 'yoy_growth_pct': -12.49, 'historical_mean': 19250.4825}",2026-09-26 22:59:31.480948+05:30,False,,COMPLETED,,
155,777,IsolationForest_WorldBank,v1.0.0,PA,Panama,,,NY.GDP.PCAP.CD,GDP per capita (current US$),2020,13290.5608,-0.056384,True,"{'z_score': -1.4284, 'peer_mean': 16362.3751, 'hist_ratio': 0.7944, 'peer_z_score': -0.1259, 'historical_std': 2407.8955, 'yoy_growth_pct': -19.34, 'historical_mean': 16730.0919}",2026-09-26 22:59:31.480948+05:30,False,,COMPLETED,,
156,6025,IsolationForest_WorldBank,v1.0.0,PE,Peru,,,NY.GDP.PCAP.CD,GDP per capita (current US$),2025,9684.4117,-0.055966,True,"{'z_score': 1.6394, 'peer_mean': 18596.8906, 'hist_ratio': 1.2859, 'peer_z_score': -0.3606, 'historical_std': 1313.3197, 'yoy_growth_pct': 13.58, 'historical_mean': 7531.3446}",2026-09-26 22:59:31.480948+05:30,False,,COMPLETED,,
157,6029,IsolationForest_WorldBank,v1.0.0,PL,Poland,,,NY.GDP.PCAP.CD,GDP per capita (current US$),2025,28419.5777,-0.085743,True,"{'z_score': 1.5447, 'peer_mean': 18596.8906, 'hist_ratio': 1.4228, 'peer_z_score': 0.3975, 'historical_std': 5467.7125, 'yoy_growth_pct': 13.21, 'historical_mean': 19973.7195}",2026-09-26 22:59:31.480948+05:30,False,,COMPLETED,,
158,6031,IsolationForest_WorldBank,v1.0.0,PT,Portugal,,,NY.GDP.PCAP.CD,GDP per capita (current US$),2025,32081.8106,-0.020007,True,"{'z_score': 1.585, 'peer_mean': 18596.8906, 'hist_ratio': 1.2394, 'peer_z_score': 0.5457, 'historical_std': 3910.0929, 'yoy_growth_pct': 9.39, 'historical_mean': 25884.246}",2026-09-26 22:59:31.480948+05:30,False,,COMPLETED,,
159,809,IsolationForest_WorldBank,v1.0.0,QA,Qatar,,,NY.GDP.PCAP.CD,GDP per capita (current US$),2020,51683.5054,-0.131759,True,"{'z_score': -1.9262, 'peer_mean': 16362.3751, 'hist_ratio': 0.7572, 'peer_z_score': 1.4474, 'historical_std': 8602.7303, 'yoy_growth_pct': -22.68, 'historical_mean': 68254.422}",2026-09-26 22:59:31.480948+05:30,False,,COMPLETED,,
160,808,IsolationForest_WorldBank,v1.0.0,QA,Qatar,,,NY.GDP.PCAP.CD,GDP per capita (current US$),2021,71751.8831,-0.064863,True,"{'z_score': 0.4066, 'peer_mean': 18898.3228, 'hist_ratio': 1.0512, 'peer_z_score': 1.8284, 'historical_std': 8602.7303, 'yoy_growth_pct': 38.83, 'historical_mean': 68254.422}",2026-09-26 22:59:31.480948+05:30,False,,COMPLETED,,
161,6037,IsolationForest_WorldBank,v1.0.0,RO,Romania,,,NY.GDP.PCAP.CD,GDP per capita (current US$),2025,22537.9532,-0.070152,True,"{'z_score': 1.5302, 'peer_mean': 18596.8906, 'hist_ratio': 1.4107, 'peer_z_score': 0.1595, 'historical_std': 4287.7003, 'yoy_growth_pct': 12.24, 'historical_mean': 15976.8502}",2026-09-26 22:59:31.480948+05:30,False,,COMPLETED,,
162,6051,IsolationForest_WorldBank,v1.0.0,RS,Serbia,,,NY.GDP.PCAP.CD,GDP per capita (current US$),2025,15262.0464,-0.061616,True,"{'z_score': 1.4812, 'peer_mean': 18596.8906, 'hist_ratio': 1.4761, 'peer_z_score': -0.1349, 'historical_std': 3323.6641, 'yoy_growth_pct': 11.58, 'historical_mean': 10339.093}",2026-09-26 22:59:31.480948+05:30,False,,COMPLETED,,
163,6039,IsolationForest_WorldBank,v1.0.0,RU,Russian Federation,,,NY.GDP.PCAP.CD,GDP per capita (current US$),2025,17546.6094,-0.085380,True,"{'z_score': 1.6499, 'peer_mean': 18596.8906, 'hist_ratio': 1.3549, 'peer_z_score': -0.0425, 'historical_std': 2785.8638, 'yoy_growth_pct': 17.28, 'historical_mean': 12950.242}",2026-09-26 22:59:31.480948+05:30,False,,COMPLETED,,
164,14,IsolationForest_WorldBank,v1.0.0,S3,Caribbean small states,,,NY.GDP.PCAP.CD,GDP per capita (current US$),2020,11961.4085,-0.014814,True,"{'z_score': -1.0368, 'peer_mean': 16362.3751, 'hist_ratio': 0.7582, 'peer_z_score': -0.1803, 'historical_std': 3678.9484, 'yoy_growth_pct': -14.54, 'historical_mean': 15775.6337}",2026-09-26 22:59:31.480948+05:30,False,,COMPLETED,,
165,837,IsolationForest_WorldBank,v1.0.0,SA,Saudi Arabia,,,NY.GDP.PCAP.CD,GDP per capita (current US$),2020,24338.8307,-0.074681,True,"{'z_score': -1.6055, 'peer_mean': 16362.3751, 'hist_ratio': 0.7883, 'peer_z_score': 0.3269, 'historical_std': 4071.307, 'yoy_growth_pct': -17.68, 'historical_mean': 30875.1495}",2026-09-26 22:59:31.480948+05:30,False,,COMPLETED,,
166,836,IsolationForest_WorldBank,v1.0.0,SA,Saudi Arabia,,,NY.GDP.PCAP.CD,GDP per capita (current US$),2021,31920.7654,-0.028752,True,"{'z_score': 0.2568, 'peer_mean': 18898.3228, 'hist_ratio': 1.0339, 'peer_z_score': 0.4505, 'historical_std': 4071.307, 'yoy_growth_pct': 31.15, 'historical_mean': 30875.1495}",2026-09-26 22:59:31.480948+05:30,False,,COMPLETED,,
167,849,IsolationForest_WorldBank,v1.0.0,SC,Seychelles,,,NY.GDP.PCAP.CD,GDP per capita (current US$),2020,14041.4754,-0.074016,True,"{'z_score': -1.464, 'peer_mean': 16362.3751, 'hist_ratio': 0.8068, 'peer_z_score': -0.0951, 'historical_std': 2296.396, 'yoy_growth_pct': -26.64, 'historical_mean': 17403.3403}",2026-09-26 22:59:31.480948+05:30,False,,COMPLETED,,
168,907,IsolationForest_WorldBank,v1.0.0,SD,Sudan,,,NY.GDP.PCAP.CD,GDP per capita (current US$),2020,577.7952,-0.063250,True,"{'z_score': -1.0845, 'peer_mean': 16362.3751, 'hist_ratio': 0.7104, 'peer_z_score': -0.6468, 'historical_std': 217.1912, 'yoy_growth_pct': -18.62, 'historical_mean': 813.3446}",2026-09-26 22:59:31.480948+05:30,False,,COMPLETED,,
169,6081,IsolationForest_WorldBank,v1.0.0,SD,Sudan,,,NY.GDP.PCAP.CD,GDP per capita (current US$),2025,1164.5399,-0.098276,True,"{'z_score': 1.617, 'peer_mean': 18596.8906, 'hist_ratio': 1.4318, 'peer_z_score': -0.7054, 'historical_std': 217.1912, 'yoy_growth_pct': 18.27, 'historical_mean': 813.3446}",2026-09-26 22:59:31.480948+05:30,False,,COMPLETED,,
170,6085,IsolationForest_WorldBank,v1.0.0,SE,Sweden,,,NY.GDP.PCAP.CD,GDP per capita (current US$),2025,63133.2127,-0.007745,True,"{'z_score': 1.4262, 'peer_mean': 18596.8906, 'hist_ratio': 1.1166, 'peer_z_score': 1.8022, 'historical_std': 4623.0045, 'yoy_growth_pct': 10.33, 'historical_mean': 56539.9136}",2026-09-26 22:59:31.480948+05:30,False,,COMPLETED,,
171,857,IsolationForest_WorldBank,v1.0.0,SG,Singapore,,,NY.GDP.PCAP.CD,GDP per capita (current US$),2020,61772.5036,-0.017145,True,"{'z_score': -1.0407, 'peer_mean': 16362.3751, 'hist_ratio': 0.7895, 'peer_z_score': 1.8609, 'historical_std': 15828.1053, 'yoy_growth_pct': -6.5, 'historical_mean': 78244.904}",2026-09-26 22:59:31.480948+05:30,False,,COMPLETED,,
172,856,IsolationForest_WorldBank,v1.0.0,SG,Singapore,,,NY.GDP.PCAP.CD,GDP per capita (current US$),2021,80884.8565,-0.070554,True,"{'z_score': 0.1668, 'peer_mean': 18898.3228, 'hist_ratio': 1.0337, 'peer_z_score': 2.1443, 'historical_std': 15828.1053, 'yoy_growth_pct': 30.94, 'historical_mean': 78244.904}",2026-09-26 22:59:31.480948+05:30,False,,COMPLETED,,
173,6057,IsolationForest_WorldBank,v1.0.0,SG,Singapore,,,NY.GDP.PCAP.CD,GDP per capita (current US$),2025,98813.9788,-0.074589,True,"{'z_score': 1.2995, 'peer_mean': 18596.8906, 'hist_ratio': 1.2629, 'peer_z_score': 3.246, 'historical_std': 15828.1053, 'yoy_growth_pct': 4.13, 'historical_mean': 78244.904}",2026-09-26 22:59:31.480948+05:30,False,,COMPLETED,,
174,6063,IsolationForest_WorldBank,v1.0.0,SI,Slovenia,,,NY.GDP.PCAP.CD,GDP per capita (current US$),2025,37376.2216,-0.031788,True,"{'z_score': 1.5218, 'peer_mean': 18596.8906, 'hist_ratio': 1.2601, 'peer_z_score': 0.7599, 'historical_std': 5070.1242, 'yoy_growth_pct': 8.97, 'historical_mean': 29660.7293}",2026-09-26 22:59:31.480948+05:30,False,,COMPLETED,,
175,6061,IsolationForest_WorldBank,v1.0.0,SK,Slovak Republic,,,NY.GDP.PCAP.CD,GDP per capita (current US$),2025,28543.6653,-0.021327,True,"{'z_score': 1.5482, 'peer_mean': 18596.8906, 'hist_ratio': 1.2651, 'peer_z_score': 0.4025, 'historical_std': 3863.2453, 'yoy_growth_pct': 9.81, 'historical_mean': 22562.4318}",2026-09-26 22:59:31.480948+05:30,False,,COMPLETED,,
176,828,IsolationForest_WorldBank,v1.0.0,SM,San Marino,,,NY.GDP.PCAP.CD,GDP per capita (current US$),2021,54168.9744,-0.052173,True,"{'z_score': 1.4063, 'peer_mean': 18898.3228, 'hist_ratio': 1.1217, 'peer_z_score': 1.2201, 'historical_std': 4178.0635, 'yoy_growth_pct': 21.93, 'historical_mean': 48293.327}",2026-09-26 22:59:31.480948+05:30,False,,COMPLETED,,
177,6049,IsolationForest_WorldBank,v1.0.0,SN,Senegal,,,NY.GDP.PCAP.CD,GDP per capita (current US$),2025,1954.7117,-0.039742,True,"{'z_score': 1.6837, 'peer_mean': 18596.8906, 'hist_ratio': 1.2171, 'peer_z_score': -0.6734, 'historical_std': 207.0682, 'yoy_growth_pct': 12.42, 'historical_mean': 1606.0625}",2026-09-26 22:59:31.480948+05:30,False,,COMPLETED,,
178,911,IsolationForest_WorldBank,v1.0.0,SR,Suriname,,,NY.GDP.PCAP.CD,GDP per capita (current US$),2020,4755.3922,-0.074462,True,"{'z_score': -1.4031, 'peer_mean': 16362.3751, 'hist_ratio': 0.7688, 'peer_z_score': -0.4756, 'historical_std': 1019.1561, 'yoy_growth_pct': -28.27, 'historical_mean': 6185.3854}",2026-09-26 22:59:31.480948+05:30,False,,COMPLETED,,
179,6045,IsolationForest_WorldBank,v1.0.0,ST,Sao Tome and Principe,,,NY.GDP.PCAP.CD,GDP per capita (current US$),2025,4084.4006,-0.098794,True,"{'z_score': 1.5525, 'peer_mean': 18596.8906, 'hist_ratio': 1.5434, 'peer_z_score': -0.5872, 'historical_std': 926.3372, 'yoy_growth_pct': 16.61, 'historical_mean': 2646.2866}",2026-09-26 22:59:31.480948+05:30,False,,COMPLETED,,
180,861,IsolationForest_WorldBank,v1.0.0,SX,Sint Maarten (Dutch part),,,NY.GDP.PCAP.CD,GDP per capita (current US$),2020,30150.8998,-0.000122,True,"{'z_score': -1.0205, 'peer_mean': 16362.3751, 'hist_ratio': 0.8465, 'peer_z_score': 0.565, 'historical_std': 5359.4237, 'yoy_growth_pct': -13.51, 'historical_mean': 35619.9726}",2026-09-26 22:59:31.480948+05:30,False,,COMPLETED,,
181,923,IsolationForest_WorldBank,v1.0.0,SY,Syrian Arab Republic,,,NY.GDP.PCAP.CD,GDP per capita (current US$),2020,593.9118,-0.083671,True,"{'z_score': -1.0323, 'peer_mean': 16362.3751, 'hist_ratio': 0.6807, 'peer_z_score': -0.6462, 'historical_std': 269.8833, 'yoy_growth_pct': -46.47, 'historical_mean': 872.521}",2026-09-26 22:59:31.480948+05:30,False,,COMPLETED,,
182,922,IsolationForest_WorldBank,v1.0.0,SY,Syrian Arab Republic,,,NY.GDP.PCAP.CD,GDP per capita (current US$),2021,688.5661,-0.006633,True,"{'z_score': -0.6816, 'peer_mean': 18898.3228, 'hist_ratio': 0.7892, 'peer_z_score': -0.6299, 'historical_std': 269.8833, 'yoy_growth_pct': 15.94, 'historical_mean': 872.521}",2026-09-26 22:59:31.480948+05:30,False,,COMPLETED,,
183,433,IsolationForest_WorldBank,v1.0.0,SZ,Eswatini,,,NY.GDP.PCAP.CD,GDP per capita (current US$),2020,3466.5694,-0.021177,True,"{'z_score': -1.9295, 'peer_mean': 16362.3751, 'hist_ratio': 0.8906, 'peer_z_score': -0.5285, 'historical_std': 220.6719, 'yoy_growth_pct': -11.41, 'historical_mean': 3892.3639}",2026-09-26 22:59:31.480948+05:30,False,,COMPLETED,,
184,98,IsolationForest_WorldBank,v1.0.0,T2,Latin America & the Caribbean (IDA & IBRD countries),,,NY.GDP.PCAP.CD,GDP per capita (current US$),2020,6965.1505,-0.036187,True,"{'z_score': -1.3005, 'peer_mean': 16362.3751, 'hist_ratio': 0.7842, 'peer_z_score': -0.3851, 'historical_std': 1473.6232, 'yoy_growth_pct': -16.72, 'historical_mean': 8881.6579}",2026-09-26 22:59:31.480948+05:30,False,,COMPLETED,,
185,126,IsolationForest_WorldBank,v1.0.0,T3,"Middle East, North Africa, Afghanistan & Pakistan (IDA & IBRD)",,,NY.GDP.PCAP.CD,GDP per capita (current US$),2020,2409.5473,-0.013951,True,"{'z_score': -1.791, 'peer_mean': 16362.3751, 'hist_ratio': 0.8784, 'peer_z_score': -0.5718, 'historical_std': 186.2005, 'yoy_growth_pct': -10.59, 'historical_mean': 2743.0306}",2026-09-26 22:59:31.480948+05:30,False,,COMPLETED,,
186,5681,IsolationForest_WorldBank,v1.0.0,T7,Europe & Central Asia (IDA & IBRD countries),,,NY.GDP.PCAP.CD,GDP per capita (current US$),2025,15300.0702,-0.077425,True,"{'z_score': 1.5824, 'peer_mean': 18596.8906, 'hist_ratio': 1.4115, 'peer_z_score': -0.1334, 'historical_std': 2818.6923, 'yoy_growth_pct': 14.48, 'historical_mean': 10839.7998}",2026-09-26 22:59:31.480948+05:30,False,,COMPLETED,,
187,967,IsolationForest_WorldBank,v1.0.0,TC,Turks and Caicos Islands,,,NY.GDP.PCAP.CD,GDP per capita (current US$),2020,20690.9161,-0.097129,True,"{'z_score': -1.4577, 'peer_mean': 16362.3751, 'hist_ratio': 0.6946, 'peer_z_score': 0.1774, 'historical_std': 6239.5658, 'yoy_growth_pct': -34.89, 'historical_mean': 29786.6245}",2026-09-26 22:59:31.480948+05:30,False,,COMPLETED,,
188,966,IsolationForest_WorldBank,v1.0.0,TC,Turks and Caicos Islands,,,NY.GDP.PCAP.CD,GDP per capita (current US$),2021,27329.2885,-0.023915,True,"{'z_score': -0.3938, 'peer_mean': 18898.3228, 'hist_ratio': 0.9175, 'peer_z_score': 0.2917, 'historical_std': 6239.5658, 'yoy_growth_pct': 32.08, 'historical_mean': 29786.6245}",2026-09-26 22:59:31.480948+05:30,False,,COMPLETED,,
189,6097,IsolationForest_WorldBank,v1.0.0,TG,Togo,,,NY.GDP.PCAP.CD,GDP per capita (current US$),2025,1383.8997,-0.004514,True,"{'z_score': 1.5188, 'peer_mean': 18596.8906, 'hist_ratio': 1.2681, 'peer_z_score': -0.6965, 'historical_std': 192.6599, 'yoy_growth_pct': 9.31, 'historical_mean': 1091.2835}",2026-09-26 22:59:31.480948+05:30,False,,COMPLETED,,
190,6089,IsolationForest_WorldBank,v1.0.0,TJ,Tajikistan,,,NY.GDP.PCAP.CD,GDP per capita (current US$),2025,1637.2543,-0.120666,True,"{'z_score': 1.6469, 'peer_mean': 18596.8906, 'hist_ratio': 1.5264, 'peer_z_score': -0.6863, 'historical_std': 342.8506, 'yoy_growth_pct': 20.21, 'historical_mean': 1072.6084}",2026-09-26 22:59:31.480948+05:30,False,,COMPLETED,,
191,938,IsolationForest_WorldBank,v1.0.0,TL,Timor-Leste,,,NY.GDP.PCAP.CD,GDP per capita (current US$),2021,2684.9267,-0.163643,True,"{'z_score': 1.9563, 'peer_mean': 18898.3228, 'hist_ratio': 1.6488, 'peer_z_score': -0.5609, 'historical_std': 540.0615, 'yoy_growth_pct': 64.63, 'historical_mean': 1628.4269}",2026-09-26 22:59:31.480948+05:30,True,2,COMPLETED,Timor-Leste 2021: GDP per capita (current US$) Spike (Z=+2.14),VOLATILITY_SURGE
192,6107,IsolationForest_WorldBank,v1.0.0,TM,Turkmenistan,,,NY.GDP.PCAP.CD,GDP per capita (current US$),2025,6540.1788,-0.043334,True,"{'z_score': 1.518, 'peer_mean': 18596.8906, 'hist_ratio': 1.3832, 'peer_z_score': -0.4879, 'historical_std': 1193.5833, 'yoy_growth_pct': 10.77, 'historical_mean': 4728.3527}",2026-09-26 22:59:31.480948+05:30,False,,COMPLETED,,
193,6103,IsolationForest_WorldBank,v1.0.0,TN,Tunisia,,,NY.GDP.PCAP.CD,GDP per capita (current US$),2025,4656.6382,-0.009363,True,"{'z_score': 1.6792, 'peer_mean': 18596.8906, 'hist_ratio': 1.1911, 'peer_z_score': -0.5641, 'historical_std': 444.9395, 'yoy_growth_pct': 11.2, 'historical_mean': 3909.4746}",2026-09-26 22:59:31.480948+05:30,False,,COMPLETED,,
194,6105,IsolationForest_WorldBank,v1.0.0,TR,Turkiye,,,NY.GDP.PCAP.CD,GDP per capita (current US$),2025,18599.4421,-0.102030,True,"{'z_score': 1.5849, 'peer_mean': 18596.8906, 'hist_ratio': 1.5424, 'peer_z_score': 0.0001, 'historical_std': 4126.9537, 'yoy_growth_pct': 17.03, 'historical_mean': 12058.5653}",2026-09-26 22:59:31.480948+05:30,False,,COMPLETED,,
195,951,IsolationForest_WorldBank,v1.0.0,TT,Trinidad and Tobago,,,NY.GDP.PCAP.CD,GDP per capita (current US$),2020,15283.6271,-0.021044,True,"{'z_score': -1.7429, 'peer_mean': 16362.3751, 'hist_ratio': 0.8694, 'peer_z_score': -0.0442, 'historical_std': 1317.6361, 'yoy_growth_pct': -11.21, 'historical_mean': 17580.1646}",2026-09-26 22:59:31.480948+05:30,False,,COMPLETED,,
196,6091,IsolationForest_WorldBank,v1.0.0,TZ,Tanzania,,,NY.GDP.PCAP.CD,GDP per capita (current US$),2025,1318.8192,-0.001101,True,"{'z_score': 1.6494, 'peer_mean': 18596.8906, 'hist_ratio': 1.1509, 'peer_z_score': -0.6992, 'historical_std': 104.8676, 'yoy_growth_pct': 10.58, 'historical_mean': 1145.8544}",2026-09-26 22:59:31.480948+05:30,False,,COMPLETED,,
197,978,IsolationForest_WorldBank,v1.0.0,UA,Ukraine,,,NY.GDP.PCAP.CD,GDP per capita (current US$),2021,4775.9458,-0.058859,True,"{'z_score': 1.3737, 'peer_mean': 18898.3228, 'hist_ratio': 1.2598, 'peer_z_score': -0.4885, 'historical_std': 716.8805, 'yoy_growth_pct': 28.74, 'historical_mean': 3791.1571}",2026-09-26 22:59:31.480948+05:30,False,,COMPLETED,,
198,990,IsolationForest_WorldBank,v1.0.0,US,United States,,,NY.GDP.PCAP.CD,GDP per capita (current US$),2021,70248.6300,-0.009035,True,"{'z_score': 1.4322, 'peer_mean': 18898.3228, 'hist_ratio': 1.073, 'peer_z_score': 1.7764, 'historical_std': 3336.3438, 'yoy_growth_pct': 10.58, 'historical_mean': 65470.2082}",2026-09-26 22:59:31.480948+05:30,False,,COMPLETED,,
199,6079,IsolationForest_WorldBank,v1.0.0,VC,St. Vincent and the Grenadines,,,NY.GDP.PCAP.CD,GDP per capita (current US$),2025,12561.7692,-0.009114,True,"{'z_score': 1.5538, 'peer_mean': 18596.8906, 'hist_ratio': 1.2945, 'peer_z_score': -0.2442, 'historical_std': 1839.1469, 'yoy_growth_pct': 9.22, 'historical_mean': 9704.0332}",2026-09-26 22:59:31.480948+05:30,False,,COMPLETED,,
200,1009,IsolationForest_WorldBank,v1.0.0,VE,"Venezuela, RB",,,NY.GDP.PCAP.CD,GDP per capita (current US$),2018,3421.5134,-0.010803,True,"{'z_score': 1.2925, 'peer_mean': 17653.2755, 'hist_ratio': 1.4474, 'peer_z_score': -0.5469, 'historical_std': 818.2648, 'yoy_growth_pct': 0.0, 'historical_mean': 2363.9015}",2026-09-26 22:59:31.480948+05:30,False,,COMPLETED,,
201,1008,IsolationForest_WorldBank,v1.0.0,VE,"Venezuela, RB",,,NY.GDP.PCAP.CD,GDP per capita (current US$),2019,2523.1153,-0.012024,True,"{'z_score': 0.1946, 'peer_mean': 17618.8353, 'hist_ratio': 1.0674, 'peer_z_score': -0.5868, 'historical_std': 818.2648, 'yoy_growth_pct': -26.26, 'historical_mean': 2363.9015}",2026-09-26 22:59:31.480948+05:30,False,,COMPLETED,,
202,1007,IsolationForest_WorldBank,v1.0.0,VE,"Venezuela, RB",,,NY.GDP.PCAP.CD,GDP per capita (current US$),2020,1506.0417,-0.101811,True,"{'z_score': -1.0484, 'peer_mean': 16362.3751, 'hist_ratio': 0.6371, 'peer_z_score': -0.6088, 'historical_std': 818.2648, 'yoy_growth_pct': -40.31, 'historical_mean': 2363.9015}",2026-09-26 22:59:31.480948+05:30,False,,COMPLETED,,
203,1006,IsolationForest_WorldBank,v1.0.0,VE,"Venezuela, RB",,,NY.GDP.PCAP.CD,GDP per capita (current US$),2021,2004.9357,-0.042761,True,"{'z_score': -0.4387, 'peer_mean': 18898.3228, 'hist_ratio': 0.8481, 'peer_z_score': -0.5844, 'historical_std': 818.2648, 'yoy_growth_pct': 33.13, 'historical_mean': 2363.9015}",2026-09-26 22:59:31.480948+05:30,False,,COMPLETED,,
204,5675,IsolationForest_WorldBank,v1.0.0,XC,Euro area,,,NY.GDP.PCAP.CD,GDP per capita (current US$),2025,50214.0783,-0.010559,True,"{'z_score': 1.5673, 'peer_mean': 18596.8906, 'hist_ratio': 1.1813, 'peer_z_score': 1.2794, 'historical_std': 4917.6197, 'yoy_growth_pct': 8.16, 'historical_mean': 42506.6265}",2026-09-26 22:59:31.480948+05:30,False,,COMPLETED,,
205,94,IsolationForest_WorldBank,v1.0.0,XJ,Latin America & Caribbean (excluding high income),,,NY.GDP.PCAP.CD,GDP per capita (current US$),2020,6651.1582,-0.034404,True,"{'z_score': -1.2841, 'peer_mean': 16362.3751, 'hist_ratio': 0.7816, 'peer_z_score': -0.398, 'historical_std': 1447.1697, 'yoy_growth_pct': -16.92, 'historical_mean': 8509.4485}",2026-09-26 22:59:31.480948+05:30,False,,COMPLETED,,
206,5933,IsolationForest_WorldBank,v1.0.0,XK,Kosovo,,,NY.GDP.PCAP.CD,GDP per capita (current US$),2025,7899.4184,-0.069192,True,"{'z_score': 1.5188, 'peer_mean': 18596.8906, 'hist_ratio': 1.4226, 'peer_z_score': -0.4329, 'historical_std': 1545.0664, 'yoy_growth_pct': 12.42, 'historical_mean': 5552.7146}",2026-09-26 22:59:31.480948+05:30,False,,COMPLETED,,
207,1138,IsolationForest_WorldBank,v1.0.0,XO,Low & middle income,,,SP.POP.TOTL,"Population, total",2018,6311329885.0000,-0.024911,True,"{'z_score': -1.1759, 'peer_mean': 310896968.8636, 'hist_ratio': 0.966, 'peer_z_score': 6.1711, 'historical_std': 189019823.5903, 'yoy_growth_pct': 0.0, 'historical_mean': 6533588897.8333}",2026-09-26 22:59:31.480948+05:30,False,,COMPLETED,,
208,6165,IsolationForest_WorldBank,v1.0.0,XO,Low & middle income,,,SP.POP.TOTL,"Population, total",2024,6722971301.0000,-0.006050,True,"{'z_score': 1.0019, 'peer_mean': 347846364.7791, 'hist_ratio': 1.029, 'peer_z_score': 6.037, 'historical_std': 189019823.5903, 'yoy_growth_pct': 0.0, 'historical_mean': 6533588897.8333}",2026-09-26 22:59:31.480948+05:30,False,,COMPLETED,,
209,6164,IsolationForest_WorldBank,v1.0.0,XO,Low & middle income,,,SP.POP.TOTL,"Population, total",2025,6791684991.0000,-0.035749,True,"{'z_score': 1.3654, 'peer_mean': 351395610.2008, 'hist_ratio': 1.0395, 'peer_z_score': 6.0444, 'historical_std': 189019823.5903, 'yoy_growth_pct': 1.02, 'historical_mean': 6533588897.8333}",2026-09-26 22:59:31.480948+05:30,False,,COMPLETED,,
210,1162,IsolationForest_WorldBank,v1.0.0,XP,Middle income,,,SP.POP.TOTL,"Population, total",2018,5677402468.0000,-0.022847,True,"{'z_score': -1.1969, 'peer_mean': 310896968.8636, 'hist_ratio': 0.9721, 'peer_z_score': 5.5192, 'historical_std': 135912075.6744, 'yoy_growth_pct': 0.0, 'historical_mean': 5840080003.8333}",2026-09-26 22:59:31.480948+05:30,False,,COMPLETED,,
211,6176,IsolationForest_WorldBank,v1.0.0,XP,Middle income,,,SP.POP.TOTL,"Population, total",2025,6024194822.0000,-0.020702,True,"{'z_score': 1.3547, 'peer_mean': 351395610.2008, 'hist_ratio': 1.0315, 'peer_z_score': 5.3241, 'historical_std': 135912075.6744, 'yoy_growth_pct': 0.81, 'historical_mean': 5840080003.8333}",2026-09-26 22:59:31.480948+05:30,False,,COMPLETED,,
212,122,IsolationForest_WorldBank,v1.0.0,XQ,"Middle East, North Africa, Afghanistan & Pakistan (excluding high income)",,,NY.GDP.PCAP.CD,GDP per capita (current US$),2020,2415.2625,-0.013951,True,"{'z_score': -1.7998, 'peer_mean': 16362.3751, 'hist_ratio': 0.8791, 'peer_z_score': -0.5715, 'historical_std': 184.602, 'yoy_growth_pct': -10.6, 'historical_mean': 2747.5107}",2026-09-26 22:59:31.480948+05:30,False,,COMPLETED,,
213,5723,IsolationForest_WorldBank,v1.0.0,XU,North America,,,NY.GDP.PCAP.CD,GDP per capita (current US$),2025,86308.0717,-0.044988,True,"{'z_score': 1.3981, 'peer_mean': 18596.8906, 'hist_ratio': 1.217, 'peer_z_score': 2.7399, 'historical_std': 11008.1614, 'yoy_growth_pct': 4.23, 'historical_mean': 70917.329}",2026-09-26 22:59:31.480948+05:30,False,,COMPLETED,,
214,5677,IsolationForest_WorldBank,v1.0.0,Z7,Europe & Central Asia,,,NY.GDP.PCAP.CD,GDP per capita (current US$),2025,34603.4809,-0.016844,True,"{'z_score': 1.562, 'peer_mean': 18596.8906, 'hist_ratio': 1.2314, 'peer_z_score': 0.6477, 'historical_std': 4163.2174, 'yoy_growth_pct': 9.4, 'historical_mean': 28100.5651}",2026-09-26 22:59:31.480948+05:30,False,,COMPLETED,,
215,881,IsolationForest_WorldBank,v1.0.0,ZA,South Africa,,,NY.GDP.PCAP.CD,GDP per capita (current US$),2020,5580.6038,-0.035384,True,"{'z_score': -1.7996, 'peer_mean': 16362.3751, 'hist_ratio': 0.8647, 'peer_z_score': -0.4418, 'historical_std': 485.1666, 'yoy_growth_pct': -14.59, 'historical_mean': 6453.6918}",2026-09-26 22:59:31.480948+05:30,False,,COMPLETED,,
216,2,IsolationForest_WorldBank,v1.0.0,ZH,Africa Eastern and Southern,,,NY.GDP.PCAP.CD,GDP per capita (current US$),2020,1351.5032,-0.017094,True,"{'z_score': -1.6323, 'peer_mean': 16362.3751, 'hist_ratio': 0.8696, 'peer_z_score': -0.6151, 'historical_std': 124.1202, 'yoy_growth_pct': -10.38, 'historical_mean': 1554.11}",2026-09-26 22:59:31.480948+05:30,False,,COMPLETED,,
217,7,IsolationForest_WorldBank,v1.0.0,ZI,Africa Western and Central,,,NY.GDP.PCAP.CD,GDP per capita (current US$),2019,2219.4126,-0.050999,True,"{'z_score': 1.1531, 'peer_mean': 17618.8353, 'hist_ratio': 1.1986, 'peer_z_score': -0.5986, 'historical_std': 318.8888, 'yoy_growth_pct': 28.8, 'historical_mean': 1851.6983}",2026-09-26 22:59:31.480948+05:30,False,,COMPLETED,,
218,90,IsolationForest_WorldBank,v1.0.0,ZJ,Latin America & Caribbean,,,NY.GDP.PCAP.CD,GDP per capita (current US$),2020,7169.3924,-0.027015,True,"{'z_score': -1.279, 'peer_mean': 16362.3751, 'hist_ratio': 0.7881, 'peer_z_score': -0.3767, 'historical_std': 1506.9195, 'yoy_growth_pct': -16.05, 'historical_mean': 9096.7308}",2026-09-26 22:59:31.480948+05:30,False,,COMPLETED,,
219,1024,IsolationForest_WorldBank,v1.0.0,ZM,Zambia,,,NY.GDP.PCAP.CD,GDP per capita (current US$),2020,951.6443,-0.045749,True,"{'z_score': -1.1512, 'peer_mean': 16362.3751, 'hist_ratio': 0.7928, 'peer_z_score': -0.6315, 'historical_std': 216.108, 'yoy_growth_pct': -24.41, 'historical_mean': 1200.4228}",2026-09-26 22:59:31.480948+05:30,False,,COMPLETED,,
220,118,IsolationForest_WorldBank,v1.0.0,ZQ,"Middle East, North Africa, Afghanistan & Pakistan",,,NY.GDP.PCAP.CD,GDP per capita (current US$),2020,4749.1434,-0.015566,True,"{'z_score': -1.5815, 'peer_mean': 16362.3751, 'hist_ratio': 0.8427, 'peer_z_score': -0.4759, 'historical_std': 560.69, 'yoy_growth_pct': -12.31, 'historical_mean': 5635.8904}",2026-09-26 22:59:31.480948+05:30,False,,COMPLETED,,
221,1102,IsolationForest_WorldBank,v1.0.0,ZT,IDA & IBRD total,,,SP.POP.TOTL,"Population, total",2018,6517257782.0000,-0.021309,True,"{'z_score': -1.1776, 'peer_mean': 310896968.8636, 'hist_ratio': 0.9673, 'peer_z_score': 6.3829, 'historical_std': 187328781.4294, 'yoy_growth_pct': 0.0, 'historical_mean': 6737846931.6667}",2026-09-26 22:59:31.480948+05:30,False,,COMPLETED,,
222,6147,IsolationForest_WorldBank,v1.0.0,ZT,IDA & IBRD total,,,SP.POP.TOTL,"Population, total",2024,6925362193.0000,-0.005662,True,"{'z_score': 1.001, 'peer_mean': 347846364.7791, 'hist_ratio': 1.0278, 'peer_z_score': 6.2286, 'historical_std': 187328781.4294, 'yoy_growth_pct': 0.0, 'historical_mean': 6737846931.6667}",2026-09-26 22:59:31.480948+05:30,False,,COMPLETED,,
223,6146,IsolationForest_WorldBank,v1.0.0,ZT,IDA & IBRD total,,,SP.POP.TOTL,"Population, total",2025,6993790788.0000,-0.035342,True,"{'z_score': 1.3663, 'peer_mean': 351395610.2008, 'hist_ratio': 1.038, 'peer_z_score': 6.2341, 'historical_std': 187328781.4294, 'yoy_growth_pct': 0.99, 'historical_mean': 6737846931.6667}",2026-09-26 22:59:31.480948+05:30,False,,COMPLETED,,
224,1027,IsolationForest_WorldBank,v1.0.0,ZW,Zimbabwe,,,NY.GDP.PCAP.CD,GDP per capita (current US$),2021,2613.6167,-0.044276,True,"{'z_score': 1.3963, 'peer_mean': 18898.3228, 'hist_ratio': 1.1452, 'peer_z_score': -0.5633, 'historical_std': 237.3747, 'yoy_growth_pct': 26.9, 'historical_mean': 2282.1677}",2026-09-26 22:59:31.480948+05:30,False,,COMPLETED,,
741,691,IsolationForest_WorldBank,v_test_suite,MD,Moldova,,,NY.GDP.PCAP.CD,GDP per capita (current US$),2018,4156.4498,-0.000293,True,"{'z_score': -0.831, 'peer_mean': 17653.2755, 'hist_ratio': 0.7247, 'peer_z_score': -0.5187, 'historical_std': 1900.1256, 'yoy_growth_pct': 0.0, 'historical_mean': 5735.4647}",2026-09-27 13:17:25.449549+05:30,False,,COMPLETED,,
900,927,IsolationForest_WorldBank,v_test_suite,TJ,Tajikistan,,,NY.GDP.PCAP.CD,GDP per capita (current US$),2020,834.3117,-0.005032,True,"{'z_score': -0.695, 'peer_mean': 16362.3751, 'hist_ratio': 0.7778, 'peer_z_score': -0.6363, 'historical_std': 342.8506, 'yoy_growth_pct': -4.21, 'historical_mean': 1072.6084}",2026-09-27 13:17:25.449549+05:30,False,,COMPLETED,,
544,3472,IsolationForest_WorldBank,v_test_suite,CF,Central African Republic,,,SH.H2O.BASW.ZS,People using at least basic drinking water services (% of population),2018,39.2275,-0.049257,True,"{'z_score': 1.4054, 'peer_mean': 88.5104, 'hist_ratio': 1.0469, 'peer_z_score': -3.3052, 'historical_std': 1.2514, 'yoy_growth_pct': 0.0, 'historical_mean': 37.4687}",2026-09-27 13:17:25.449549+05:30,False,,COMPLETED,,
545,3471,IsolationForest_WorldBank,v_test_suite,CF,Central African Republic,,,SH.H2O.BASW.ZS,People using at least basic drinking water services (% of population),2019,38.2123,-0.044654,True,"{'z_score': 0.5942, 'peer_mean': 88.8323, 'hist_ratio': 1.0198, 'peer_z_score': -3.4524, 'historical_std': 1.2514, 'yoy_growth_pct': -2.59, 'historical_mean': 37.4687}",2026-09-27 13:17:25.449549+05:30,False,,COMPLETED,,
546,3470,IsolationForest_WorldBank,v_test_suite,CF,Central African Republic,,,SH.H2O.BASW.ZS,People using at least basic drinking water services (% of population),2020,37.2024,-0.006463,True,"{'z_score': -0.2128, 'peer_mean': 89.1383, 'hist_ratio': 0.9929, 'peer_z_score': -3.6025, 'historical_std': 1.2514, 'yoy_growth_pct': -2.64, 'historical_mean': 37.4687}",2026-09-27 13:17:25.449549+05:30,False,,COMPLETED,,
547,3469,IsolationForest_WorldBank,v_test_suite,CF,Central African Republic,,,SH.H2O.BASW.ZS,People using at least basic drinking water services (% of population),2021,36.1974,-0.034000,True,"{'z_score': -1.0159, 'peer_mean': 89.4736, 'hist_ratio': 0.9661, 'peer_z_score': -3.7532, 'historical_std': 1.2514, 'yoy_growth_pct': -2.7, 'historical_mean': 37.4687}",2026-09-27 13:17:25.449549+05:30,False,,COMPLETED,,
548,2426,IsolationForest_WorldBank,v_test_suite,CF,Central African Republic,,,SP.DYN.LE00.IN,"Life expectancy at birth, total (years)",2018,52.2970,-0.048719,True,"{'z_score': 0.5564, 'peer_mean': 72.552, 'hist_ratio': 1.1253, 'peer_z_score': -2.6904, 'historical_std': 10.4639, 'yoy_growth_pct': 0.0, 'historical_mean': 46.4746}",2026-09-27 13:17:25.449549+05:30,False,,COMPLETED,,
549,2425,IsolationForest_WorldBank,v_test_suite,CF,Central African Republic,,,SP.DYN.LE00.IN,"Life expectancy at birth, total (years)",2019,31.5300,-0.232022,True,"{'z_score': -1.4282, 'peer_mean': 72.7336, 'hist_ratio': 0.6784, 'peer_z_score': -5.3313, 'historical_std': 10.4639, 'yoy_growth_pct': -39.71, 'historical_mean': 46.4746}",2026-09-27 13:17:25.449549+05:30,True,6,COMPLETED,"Central African Republic 2019: Life expectancy at birth, total (years) Contraction (Z=-1.60)",HISTORICAL_DEVIATION
549,2425,IsolationForest_WorldBank,v_test_suite,CF,Central African Republic,,,SP.DYN.LE00.IN,"Life expectancy at birth, total (years)",2019,31.5300,-0.232022,True,"{'z_score': -1.4282, 'peer_mean': 72.7336, 'hist_ratio': 0.6784, 'peer_z_score': -5.3313, 'historical_std': 10.4639, 'yoy_growth_pct': -39.71, 'historical_mean': 46.4746}",2026-09-27 13:17:25.449549+05:30,True,6,COMPLETED,"Central African Republic 2019: Life expectancy at birth, total (years) Contraction (Z=-1.60)",HISTORICAL_DEVIATION
549,2425,IsolationForest_WorldBank,v_test_suite,CF,Central African Republic,,,SP.DYN.LE00.IN,"Life expectancy at birth, total (years)",2019,31.5300,-0.232022,True,"{'z_score': -1.4282, 'peer_mean': 72.7336, 'hist_ratio': 0.6784, 'peer_z_score': -5.3313, 'historical_std': 10.4639, 'yoy_growth_pct': -39.71, 'historical_mean': 46.4746}",2026-09-27 13:17:25.449549+05:30,True,6,COMPLETED,"Central African Republic 2019: Life expectancy at birth, total (years) Contraction (Z=-1.60)",HISTORICAL_DEVIATION
549,2425,IsolationForest_WorldBank,v_test_suite,CF,Central African Republic,,,SP.DYN.LE00.IN,"Life expectancy at birth, total (years)",2019,31.5300,-0.232022,True,"{'z_score': -1.4282, 'peer_mean': 72.7336, 'hist_ratio': 0.6784, 'peer_z_score': -5.3313, 'historical_std': 10.4639, 'yoy_growth_pct': -39.71, 'historical_mean': 46.4746}",2026-09-27 13:17:25.449549+05:30,True,6,COMPLETED,"Central African Republic 2019: Life expectancy at birth, total (years) Contraction (Z=-1.60)",HISTORICAL_DEVIATION
549,2425,IsolationForest_WorldBank,v_test_suite,CF,Central African Republic,,,SP.DYN.LE00.IN,"Life expectancy at birth, total (years)",2019,31.5300,-0.232022,True,"{'z_score': -1.4282, 'peer_mean': 72.7336, 'hist_ratio': 0.6784, 'peer_z_score': -5.3313, 'historical_std': 10.4639, 'yoy_growth_pct': -39.71, 'historical_mean': 46.4746}",2026-09-27 13:17:25.449549+05:30,True,6,COMPLETED,"Central African Republic 2019: Life expectancy at birth, total (years) Contraction (Z=-1.60)",HISTORICAL_DEVIATION
549,2425,IsolationForest_WorldBank,v_test_suite,CF,Central African Republic,,,SP.DYN.LE00.IN,"Life expectancy at birth, total (years)",2019,31.5300,-0.232022,True,"{'z_score': -1.4282, 'peer_mean': 72.7336, 'hist_ratio': 0.6784, 'peer_z_score': -5.3313, 'historical_std': 10.4639, 'yoy_growth_pct': -39.71, 'historical_mean': 46.4746}",2026-09-27 13:17:25.449549+05:30,True,6,COMPLETED,"Central African Republic 2019: Life expectancy at birth, total (years) Contraction (Z=-1.60)",HISTORICAL_DEVIATION
549,2425,IsolationForest_WorldBank,v_test_suite,CF,Central African Republic,,,SP.DYN.LE00.IN,"Life expectancy at birth, total (years)",2019,31.5300,-0.232022,True,"{'z_score': -1.4282, 'peer_mean': 72.7336, 'hist_ratio': 0.6784, 'peer_z_score': -5.3313, 'historical_std': 10.4639, 'yoy_growth_pct': -39.71, 'historical_mean': 46.4746}",2026-09-27 13:17:25.449549+05:30,True,6,COMPLETED,"Central African Republic 2019: Life expectancy at birth, total (years) Contraction (Z=-1.60)",HISTORICAL_DEVIATION
549,2425,IsolationForest_WorldBank,v_test_suite,CF,Central African Republic,,,SP.DYN.LE00.IN,"Life expectancy at birth, total (years)",2019,31.5300,-0.232022,True,"{'z_score': -1.4282, 'peer_mean': 72.7336, 'hist_ratio': 0.6784, 'peer_z_score': -5.3313, 'historical_std': 10.4639, 'yoy_growth_pct': -39.71, 'historical_mean': 46.4746}",2026-09-27 13:17:25.449549+05:30,True,6,COMPLETED,"Central African Republic 2019: Life expectancy at birth, total (years) Contraction (Z=-1.60)",HISTORICAL_DEVIATION
549,2425,IsolationForest_WorldBank,v_test_suite,CF,Central African Republic,,,SP.DYN.LE00.IN,"Life expectancy at birth, total (years)",2019,31.5300,-0.232022,True,"{'z_score': -1.4282, 'peer_mean': 72.7336, 'hist_ratio': 0.6784, 'peer_z_score': -5.3313, 'historical_std': 10.4639, 'yoy_growth_pct': -39.71, 'historical_mean': 46.4746}",2026-09-27 13:17:25.449549+05:30,True,6,COMPLETED,"Central African Republic 2019: Life expectancy at birth, total (years) Contraction (Z=-1.60)",HISTORICAL_DEVIATION
549,2425,IsolationForest_WorldBank,v_test_suite,CF,Central African Republic,,,SP.DYN.LE00.IN,"Life expectancy at birth, total (years)",2019,31.5300,-0.232022,True,"{'z_score': -1.4282, 'peer_mean': 72.7336, 'hist_ratio': 0.6784, 'peer_z_score': -5.3313, 'historical_std': 10.4639, 'yoy_growth_pct': -39.71, 'historical_mean': 46.4746}",2026-09-27 13:17:25.449549+05:30,True,6,COMPLETED,"Central African Republic 2019: Life expectancy at birth, total (years) Contraction (Z=-1.60)",HISTORICAL_DEVIATION
549,2425,IsolationForest_WorldBank,v_test_suite,CF,Central African Republic,,,SP.DYN.LE00.IN,"Life expectancy at birth, total (years)",2019,31.5300,-0.232022,True,"{'z_score': -1.4282, 'peer_mean': 72.7336, 'hist_ratio': 0.6784, 'peer_z_score': -5.3313, 'historical_std': 10.4639, 'yoy_growth_pct': -39.71, 'historical_mean': 46.4746}",2026-09-27 13:17:25.449549+05:30,True,6,COMPLETED,"Central African Republic 2019: Life expectancy at birth, total (years) Contraction (Z=-1.60)",HISTORICAL_DEVIATION
549,2425,IsolationForest_WorldBank,v_test_suite,CF,Central African Republic,,,SP.DYN.LE00.IN,"Life expectancy at birth, total (years)",2019,31.5300,-0.232022,True,"{'z_score': -1.4282, 'peer_mean': 72.7336, 'hist_ratio': 0.6784, 'peer_z_score': -5.3313, 'historical_std': 10.4639, 'yoy_growth_pct': -39.71, 'historical_mean': 46.4746}",2026-09-27 13:17:25.449549+05:30,True,6,COMPLETED,"Central African Republic 2019: Life expectancy at birth, total (years) Contraction (Z=-1.60)",HISTORICAL_DEVIATION
549,2425,IsolationForest_WorldBank,v_test_suite,CF,Central African Republic,,,SP.DYN.LE00.IN,"Life expectancy at birth, total (years)",2019,31.5300,-0.232022,True,"{'z_score': -1.4282, 'peer_mean': 72.7336, 'hist_ratio': 0.6784, 'peer_z_score': -5.3313, 'historical_std': 10.4639, 'yoy_growth_pct': -39.71, 'historical_mean': 46.4746}",2026-09-27 13:17:25.449549+05:30,True,6,COMPLETED,"Central African Republic 2019: Life expectancy at birth, total (years) Contraction (Z=-1.60)",HISTORICAL_DEVIATION
549,2425,IsolationForest_WorldBank,v_test_suite,CF,Central African Republic,,,SP.DYN.LE00.IN,"Life expectancy at birth, total (years)",2019,31.5300,-0.232022,True,"{'z_score': -1.4282, 'peer_mean': 72.7336, 'hist_ratio': 0.6784, 'peer_z_score': -5.3313, 'historical_std': 10.4639, 'yoy_growth_pct': -39.71, 'historical_mean': 46.4746}",2026-09-27 13:17:25.449549+05:30,True,6,COMPLETED,"Central African Republic 2019: Life expectancy at birth, total (years) Contraction (Z=-1.60)",HISTORICAL_DEVIATION
549,2425,IsolationForest_WorldBank,v_test_suite,CF,Central African Republic,,,SP.DYN.LE00.IN,"Life expectancy at birth, total (years)",2019,31.5300,-0.232022,True,"{'z_score': -1.4282, 'peer_mean': 72.7336, 'hist_ratio': 0.6784, 'peer_z_score': -5.3313, 'historical_std': 10.4639, 'yoy_growth_pct': -39.71, 'historical_mean': 46.4746}",2026-09-27 13:17:25.449549+05:30,True,6,COMPLETED,"Central African Republic 2019: Life expectancy at birth, total (years) Contraction (Z=-1.60)",HISTORICAL_DEVIATION
549,2425,IsolationForest_WorldBank,v_test_suite,CF,Central African Republic,,,SP.DYN.LE00.IN,"Life expectancy at birth, total (years)",2019,31.5300,-0.232022,True,"{'z_score': -1.4282, 'peer_mean': 72.7336, 'hist_ratio': 0.6784, 'peer_z_score': -5.3313, 'historical_std': 10.4639, 'yoy_growth_pct': -39.71, 'historical_mean': 46.4746}",2026-09-27 13:17:25.449549+05:30,True,6,COMPLETED,"Central African Republic 2019: Life expectancy at birth, total (years) Contraction (Z=-1.60)",HISTORICAL_DEVIATION
549,2425,IsolationForest_WorldBank,v_test_suite,CF,Central African Republic,,,SP.DYN.LE00.IN,"Life expectancy at birth, total (years)",2019,31.5300,-0.232022,True,"{'z_score': -1.4282, 'peer_mean': 72.7336, 'hist_ratio': 0.6784, 'peer_z_score': -5.3313, 'historical_std': 10.4639, 'yoy_growth_pct': -39.71, 'historical_mean': 46.4746}",2026-09-27 13:17:25.449549+05:30,True,6,COMPLETED,"Central African Republic 2019: Life expectancy at birth, total (years) Contraction (Z=-1.60)",HISTORICAL_DEVIATION
549,2425,IsolationForest_WorldBank,v_test_suite,CF,Central African Republic,,,SP.DYN.LE00.IN,"Life expectancy at birth, total (years)",2019,31.5300,-0.232022,True,"{'z_score': -1.4282, 'peer_mean': 72.7336, 'hist_ratio': 0.6784, 'peer_z_score': -5.3313, 'historical_std': 10.4639, 'yoy_growth_pct': -39.71, 'historical_mean': 46.4746}",2026-09-27 13:17:25.449549+05:30,True,6,COMPLETED,"Central African Republic 2019: Life expectancy at birth, total (years) Contraction (Z=-1.60)",HISTORICAL_DEVIATION
549,2425,IsolationForest_WorldBank,v_test_suite,CF,Central African Republic,,,SP.DYN.LE00.IN,"Life expectancy at birth, total (years)",2019,31.5300,-0.232022,True,"{'z_score': -1.4282, 'peer_mean': 72.7336, 'hist_ratio': 0.6784, 'peer_z_score': -5.3313, 'historical_std': 10.4639, 'yoy_growth_pct': -39.71, 'historical_mean': 46.4746}",2026-09-27 13:17:25.449549+05:30,True,6,COMPLETED,"Central African Republic 2019: Life expectancy at birth, total (years) Contraction (Z=-1.60)",HISTORICAL_DEVIATION
549,2425,IsolationForest_WorldBank,v_test_suite,CF,Central African Republic,,,SP.DYN.LE00.IN,"Life expectancy at birth, total (years)",2019,31.5300,-0.232022,True,"{'z_score': -1.4282, 'peer_mean': 72.7336, 'hist_ratio': 0.6784, 'peer_z_score': -5.3313, 'historical_std': 10.4639, 'yoy_growth_pct': -39.71, 'historical_mean': 46.4746}",2026-09-27 13:17:25.449549+05:30,True,6,COMPLETED,"Central African Republic 2019: Life expectancy at birth, total (years) Contraction (Z=-1.60)",HISTORICAL_DEVIATION
549,2425,IsolationForest_WorldBank,v_test_suite,CF,Central African Republic,,,SP.DYN.LE00.IN,"Life expectancy at birth, total (years)",2019,31.5300,-0.232022,True,"{'z_score': -1.4282, 'peer_mean': 72.7336, 'hist_ratio': 0.6784, 'peer_z_score': -5.3313, 'historical_std': 10.4639, 'yoy_growth_pct': -39.71, 'historical_mean': 46.4746}",2026-09-27 13:17:25.449549+05:30,True,6,COMPLETED,"Central African Republic 2019: Life expectancy at birth, total (years) Contraction (Z=-1.60)",HISTORICAL_DEVIATION
549,2425,IsolationForest_WorldBank,v_test_suite,CF,Central African Republic,,,SP.DYN.LE00.IN,"Life expectancy at birth, total (years)",2019,31.5300,-0.232022,True,"{'z_score': -1.4282, 'peer_mean': 72.7336, 'hist_ratio': 0.6784, 'peer_z_score': -5.3313, 'historical_std': 10.4639, 'yoy_growth_pct': -39.71, 'historical_mean': 46.4746}",2026-09-27 13:17:25.449549+05:30,True,6,COMPLETED,"Central African Republic 2019: Life expectancy at birth, total (years) Contraction (Z=-1.60)",HISTORICAL_DEVIATION
549,2425,IsolationForest_WorldBank,v_test_suite,CF,Central African Republic,,,SP.DYN.LE00.IN,"Life expectancy at birth, total (years)",2019,31.5300,-0.232022,True,"{'z_score': -1.4282, 'peer_mean': 72.7336, 'hist_ratio': 0.6784, 'peer_z_score': -5.3313, 'historical_std': 10.4639, 'yoy_growth_pct': -39.71, 'historical_mean': 46.4746}",2026-09-27 13:17:25.449549+05:30,True,6,COMPLETED,"Central African Republic 2019: Life expectancy at birth, total (years) Contraction (Z=-1.60)",HISTORICAL_DEVIATION
549,2425,IsolationForest_WorldBank,v_test_suite,CF,Central African Republic,,,SP.DYN.LE00.IN,"Life expectancy at birth, total (years)",2019,31.5300,-0.232022,True,"{'z_score': -1.4282, 'peer_mean': 72.7336, 'hist_ratio': 0.6784, 'peer_z_score': -5.3313, 'historical_std': 10.4639, 'yoy_growth_pct': -39.71, 'historical_mean': 46.4746}",2026-09-27 13:17:25.449549+05:30,True,6,COMPLETED,"Central African Republic 2019: Life expectancy at birth, total (years) Contraction (Z=-1.60)",HISTORICAL_DEVIATION
549,2425,IsolationForest_WorldBank,v_test_suite,CF,Central African Republic,,,SP.DYN.LE00.IN,"Life expectancy at birth, total (years)",2019,31.5300,-0.232022,True,"{'z_score': -1.4282, 'peer_mean': 72.7336, 'hist_ratio': 0.6784, 'peer_z_score': -5.3313, 'historical_std': 10.4639, 'yoy_growth_pct': -39.71, 'historical_mean': 46.4746}",2026-09-27 13:17:25.449549+05:30,True,6,COMPLETED,"Central African Republic 2019: Life expectancy at birth, total (years) Contraction (Z=-1.60)",HISTORICAL_DEVIATION
549,2425,IsolationForest_WorldBank,v_test_suite,CF,Central African Republic,,,SP.DYN.LE00.IN,"Life expectancy at birth, total (years)",2019,31.5300,-0.232022,True,"{'z_score': -1.4282, 'peer_mean': 72.7336, 'hist_ratio': 0.6784, 'peer_z_score': -5.3313, 'historical_std': 10.4639, 'yoy_growth_pct': -39.71, 'historical_mean': 46.4746}",2026-09-27 13:17:25.449549+05:30,True,6,COMPLETED,"Central African Republic 2019: Life expectancy at birth, total (years) Contraction (Z=-1.60)",HISTORICAL_DEVIATION
549,2425,IsolationForest_WorldBank,v_test_suite,CF,Central African Republic,,,SP.DYN.LE00.IN,"Life expectancy at birth, total (years)",2019,31.5300,-0.232022,True,"{'z_score': -1.4282, 'peer_mean': 72.7336, 'hist_ratio': 0.6784, 'peer_z_score': -5.3313, 'historical_std': 10.4639, 'yoy_growth_pct': -39.71, 'historical_mean': 46.4746}",2026-09-27 13:17:25.449549+05:30,True,6,COMPLETED,"Central African Republic 2019: Life expectancy at birth, total (years) Contraction (Z=-1.60)",HISTORICAL_DEVIATION
549,2425,IsolationForest_WorldBank,v_test_suite,CF,Central African Republic,,,SP.DYN.LE00.IN,"Life expectancy at birth, total (years)",2019,31.5300,-0.232022,True,"{'z_score': -1.4282, 'peer_mean': 72.7336, 'hist_ratio': 0.6784, 'peer_z_score': -5.3313, 'historical_std': 10.4639, 'yoy_growth_pct': -39.71, 'historical_mean': 46.4746}",2026-09-27 13:17:25.449549+05:30,True,6,COMPLETED,"Central African Republic 2019: Life expectancy at birth, total (years) Contraction (Z=-1.60)",HISTORICAL_DEVIATION
550,2424,IsolationForest_WorldBank,v_test_suite,CF,Central African Republic,,,SP.DYN.LE00.IN,"Life expectancy at birth, total (years)",2020,50.5960,-0.185644,True,"{'z_score': 0.3939, 'peer_mean': 72.1816, 'hist_ratio': 1.0887, 'peer_z_score': -2.9952, 'historical_std': 10.4639, 'yoy_growth_pct': 60.47, 'historical_mean': 46.4746}",2026-09-27 13:17:25.449549+05:30,False,,COMPLETED,,
551,2423,IsolationForest_WorldBank,v_test_suite,CF,Central African Republic,,,SP.DYN.LE00.IN,"Life expectancy at birth, total (years)",2021,40.2790,-0.162141,True,"{'z_score': -0.5921, 'peer_mean': 71.4652, 'hist_ratio': 0.8667, 'peer_z_score': -4.178, 'historical_std': 10.4639, 'yoy_growth_pct': -20.39, 'historical_mean': 46.4746}",2026-09-27 13:17:25.449549+05:30,False,,COMPLETED,,
552,6694,IsolationForest_WorldBank,v_test_suite,CF,Central African Republic,,,SP.DYN.LE00.IN,"Life expectancy at birth, total (years)",2024,57.6710,-0.054034,True,"{'z_score': 1.07, 'peer_mean': 73.7098, 'hist_ratio': 1.2409, 'peer_z_score': -2.2953, 'historical_std': 10.4639, 'yoy_growth_pct': 0.0, 'historical_mean': 46.4746}",2026-09-27 13:17:25.449549+05:30,False,,COMPLETED,,
553,366,IsolationForest_WorldBank,v_test_suite,CG,"Congo, Rep.",,,NY.GDP.PCAP.CD,GDP per capita (current US$),2020,1993.5867,-0.146907,True,"{'z_score': -1.9244, 'peer_mean': 16362.3751, 'hist_ratio': 0.8143, 'peer_z_score': -0.5888, 'historical_std': 236.2742, 'yoy_growth_pct': -19.89, 'historical_mean': 2448.2652}",2026-09-27 13:17:25.449549+05:30,False,,COMPLETED,,
530,2375,IsolationForest_WorldBank,v_test_suite,BW,Botswana,,,SP.DYN.LE00.IN,"Life expectancy at birth, total (years)",2021,63.3030,-0.037334,True,"{'z_score': -1.5651, 'peer_mean': 71.4652, 'hist_ratio': 0.9483, 'peer_z_score': -1.0935, 'historical_std': 2.2059, 'yoy_growth_pct': -6.42, 'historical_mean': 66.7554}",2026-09-27 13:17:25.449549+05:30,False,,COMPLETED,,
531,5780,IsolationForest_WorldBank,v_test_suite,BY,Belarus,,,NY.GDP.PCAP.CD,GDP per capita (current US$),2025,10279.2547,-0.163645,True,"{'z_score': 1.718, 'peer_mean': 18596.8906, 'hist_ratio': 1.3374, 'peer_z_score': -0.3366, 'historical_std': 1509.5444, 'yoy_growth_pct': 19.45, 'historical_mean': 7685.875}",2026-09-27 13:17:25.449549+05:30,False,,COMPLETED,,
532,266,IsolationForest_WorldBank,v_test_suite,BZ,Belize,,,NY.GDP.PCAP.CD,GDP per capita (current US$),2020,5238.5408,-0.083092,True,"{'z_score': -1.2407, 'peer_mean': 16362.3751, 'hist_ratio': 0.8036, 'peer_z_score': -0.4558, 'historical_std': 1031.7473, 'yoy_growth_pct': -15.12, 'historical_mean': 6518.6431}",2026-09-27 13:17:25.449549+05:30,False,,COMPLETED,,
534,326,IsolationForest_WorldBank,v_test_suite,CA,Canada,,,NY.GDP.PCAP.CD,GDP per capita (current US$),2020,43537.8981,-0.036790,True,"{'z_score': -1.254, 'peer_mean': 16362.3751, 'hist_ratio': 0.8707, 'peer_z_score': 1.1136, 'historical_std': 5157.3218, 'yoy_growth_pct': -6.07, 'historical_mean': 50005.0162}",2026-09-27 13:17:25.449549+05:30,False,,COMPLETED,,
535,325,IsolationForest_WorldBank,v_test_suite,CA,Canada,,,NY.GDP.PCAP.CD,GDP per capita (current US$),2021,52886.6408,-0.081218,True,"{'z_score': 0.5587, 'peer_mean': 18898.3228, 'hist_ratio': 1.0576, 'peer_z_score': 1.1758, 'historical_std': 5157.3218, 'yoy_growth_pct': 21.47, 'historical_mean': 50005.0162}",2026-09-27 13:17:25.449549+05:30,False,,COMPLETED,,
537,5828,IsolationForest_WorldBank,v_test_suite,CD,"Congo, Dem. Rep.",,,NY.GDP.PCAP.CD,GDP per capita (current US$),2025,806.7760,-0.153076,True,"{'z_score': 1.6273, 'peer_mean': 18596.8906, 'hist_ratio': 1.3431, 'peer_z_score': -0.7199, 'historical_std': 126.6574, 'yoy_growth_pct': 16.44, 'historical_mean': 600.6677}",2026-09-27 13:17:25.449549+05:30,False,,COMPLETED,,
538,3496,IsolationForest_WorldBank,v_test_suite,CD,"Congo, Dem. Rep.",,,SH.H2O.BASW.ZS,People using at least basic drinking water services (% of population),2018,35.8565,-0.031442,True,"{'z_score': 1.2082, 'peer_mean': 88.5104, 'hist_ratio': 1.0069, 'peer_z_score': -3.5313, 'historical_std': 0.2024, 'yoy_growth_pct': 0.0, 'historical_mean': 35.612}",2026-09-27 13:17:25.449549+05:30,False,,COMPLETED,,
542,6701,IsolationForest_WorldBank,v_test_suite,CD,"Congo, Dem. Rep.",,,SP.DYN.LE00.IN,"Life expectancy at birth, total (years)",2024,62.0740,-0.008959,True,"{'z_score': 1.7457, 'peer_mean': 73.7098, 'hist_ratio': 1.0253, 'peer_z_score': -1.6652, 'historical_std': 0.8771, 'yoy_growth_pct': 0.0, 'historical_mean': 60.5428}",2026-09-27 13:17:25.449549+05:30,False,,COMPLETED,,
543,5816,IsolationForest_WorldBank,v_test_suite,CF,Central African Republic,,,NY.GDP.PCAP.CD,GDP per capita (current US$),2025,556.1314,-0.029553,True,"{'z_score': 1.6217, 'peer_mean': 18596.8906, 'hist_ratio': 1.1381, 'peer_z_score': -0.73, 'historical_std': 41.612, 'yoy_growth_pct': 7.74, 'historical_mean': 488.6512}",2026-09-27 13:17:25.449549+05:30,False,,COMPLETED,,
560,5834,IsolationForest_WorldBank,v_test_suite,CI,Cote d'Ivoire,,,NY.GDP.PCAP.CD,GDP per capita (current US$),2025,3050.1020,-0.077448,True,"{'z_score': 1.6017, 'peer_mean': 18596.8906, 'hist_ratio': 1.2461, 'peer_z_score': -0.6291, 'historical_std': 376.0987, 'yoy_growth_pct': 11.81, 'historical_mean': 2447.7234}",2026-09-27 13:17:25.449549+05:30,False,,COMPLETED,,
561,6704,IsolationForest_WorldBank,v_test_suite,CI,Cote d'Ivoire,,,SP.DYN.LE00.IN,"Life expectancy at birth, total (years)",2024,62.1100,-0.009651,True,"{'z_score': 1.7455, 'peer_mean': 73.7098, 'hist_ratio': 1.0262, 'peer_z_score': -1.6601, 'historical_std': 0.9099, 'yoy_growth_pct': 0.0, 'historical_mean': 60.5218}",2026-09-27 13:17:25.449549+05:30,False,,COMPLETED,,
562,346,IsolationForest_WorldBank,v_test_suite,CL,Chile,,,NY.GDP.PCAP.CD,GDP per capita (current US$),2020,13117.9930,-0.070702,True,"{'z_score': -1.5073, 'peer_mean': 16362.3751, 'hist_ratio': 0.836, 'peer_z_score': -0.133, 'historical_std': 1706.8367, 'yoy_growth_pct': -9.51, 'historical_mean': 15690.6915}",2026-09-27 13:17:25.449549+05:30,False,,COMPLETED,,
519,298,IsolationForest_WorldBank,v_test_suite,BN,Brunei Darussalam,,,NY.GDP.PCAP.CD,GDP per capita (current US$),2020,26834.3592,-0.108285,True,"{'z_score': -1.8158, 'peer_mean': 16362.3751, 'hist_ratio': 0.872, 'peer_z_score': 0.4291, 'historical_std': 2169.6529, 'yoy_growth_pct': -11.81, 'historical_mean': 30774.0219}",2026-09-27 13:17:25.449549+05:30,False,,COMPLETED,,
520,282,IsolationForest_WorldBank,v_test_suite,BO,Bolivia,,,NY.GDP.PCAP.CD,GDP per capita (current US$),2020,3580.9676,-0.082667,True,"{'z_score': -1.3134, 'peer_mean': 16362.3751, 'hist_ratio': 0.8403, 'peer_z_score': -0.5238, 'historical_std': 518.3482, 'yoy_growth_pct': -14.8, 'historical_mean': 4261.7859}",2026-09-27 13:17:25.449549+05:30,False,,COMPLETED,,
521,5791,IsolationForest_WorldBank,v_test_suite,BO,Bolivia,,,NY.GDP.PCAP.CD,GDP per capita (current US$),2025,5147.8108,-0.119802,True,"{'z_score': 1.7093, 'peer_mean': 18596.8906, 'hist_ratio': 1.2079, 'peer_z_score': -0.5442, 'historical_std': 518.3482, 'yoy_growth_pct': 16.44, 'historical_mean': 4261.7859}",2026-09-27 13:17:25.449549+05:30,False,,COMPLETED,,
522,294,IsolationForest_WorldBank,v_test_suite,BR,Brazil,,,NY.GDP.PCAP.CD,GDP per capita (current US$),2020,7074.1938,-0.122532,True,"{'z_score': -1.447, 'peer_mean': 16362.3751, 'hist_ratio': 0.7802, 'peer_z_score': -0.3806, 'historical_std': 1377.0821, 'yoy_growth_pct': -21.66, 'historical_mean': 9066.8433}",2026-09-27 13:17:25.449549+05:30,False,,COMPLETED,,
523,242,IsolationForest_WorldBank,v_test_suite,BS,"Bahamas, The",,,NY.GDP.PCAP.CD,GDP per capita (current US$),2020,26178.7538,-0.130053,True,"{'z_score': -1.2938, 'peer_mean': 16362.3751, 'hist_ratio': 0.8066, 'peer_z_score': 0.4023, 'historical_std': 4852.6738, 'yoy_growth_pct': -22.18, 'historical_mean': 32456.9467}",2026-09-27 13:17:25.449549+05:30,False,,COMPLETED,,
524,241,IsolationForest_WorldBank,v_test_suite,BS,"Bahamas, The",,,NY.GDP.PCAP.CD,GDP per capita (current US$),2021,30367.8606,-0.028403,True,"{'z_score': -0.4305, 'peer_mean': 18898.3228, 'hist_ratio': 0.9356, 'peer_z_score': 0.3968, 'historical_std': 4852.6738, 'yoy_growth_pct': 16.0, 'historical_mean': 32456.9467}",2026-09-27 13:17:25.449549+05:30,False,,COMPLETED,,
529,289,IsolationForest_WorldBank,v_test_suite,BW,Botswana,,,NY.GDP.PCAP.CD,GDP per capita (current US$),2021,7807.8879,-0.047922,True,"{'z_score': 0.805, 'peer_mean': 18898.3228, 'hist_ratio': 1.0614, 'peer_z_score': -0.3836, 'historical_std': 560.6617, 'yoy_growth_pct': 23.48, 'historical_mean': 7356.5277}",2026-09-27 13:17:25.449549+05:30,False,,COMPLETED,,
563,345,IsolationForest_WorldBank,v_test_suite,CL,Chile,,,NY.GDP.PCAP.CD,GDP per capita (current US$),2021,16216.1841,-0.049113,True,"{'z_score': 0.3079, 'peer_mean': 18898.3228, 'hist_ratio': 1.0335, 'peer_z_score': -0.0928, 'historical_std': 1706.8367, 'yoy_growth_pct': 23.62, 'historical_mean': 15690.6915}",2026-09-27 13:17:25.449549+05:30,False,,COMPLETED,,
564,5820,IsolationForest_WorldBank,v_test_suite,CL,Chile,,,NY.GDP.PCAP.CD,GDP per capita (current US$),2025,17994.5912,-0.007252,True,"{'z_score': 1.3498, 'peer_mean': 18596.8906, 'hist_ratio': 1.1468, 'peer_z_score': -0.0244, 'historical_std': 1706.8367, 'yoy_growth_pct': 8.02, 'historical_mean': 15690.6915}",2026-09-27 13:17:25.449549+05:30,False,,COMPLETED,,
565,5811,IsolationForest_WorldBank,v_test_suite,CM,Cameroon,,,NY.GDP.PCAP.CD,GDP per capita (current US$),2025,1972.3816,-0.035731,True,"{'z_score': 1.622, 'peer_mean': 18596.8906, 'hist_ratio': 1.1607, 'peer_z_score': -0.6727, 'historical_std': 168.3105, 'yoy_growth_pct': 7.78, 'historical_mean': 1699.3739}",2026-09-27 13:17:25.449549+05:30,False,,COMPLETED,,
566,349,IsolationForest_WorldBank,v_test_suite,CN,China,,,NY.GDP.PCAP.CD,GDP per capita (current US$),2021,12887.4357,-0.056020,True,"{'z_score': 0.6182, 'peer_mean': 18898.3228, 'hist_ratio': 1.0876, 'peer_z_score': -0.2079, 'historical_std': 1678.4341, 'yoy_growth_pct': 21.27, 'historical_mean': 11849.7584}",2026-09-27 13:17:25.449549+05:30,False,,COMPLETED,,
567,354,IsolationForest_WorldBank,v_test_suite,CO,Colombia,,,NY.GDP.PCAP.CD,GDP per capita (current US$),2020,5339.6871,-0.115634,True,"{'z_score': -1.3186, 'peer_mean': 16362.3751, 'hist_ratio': 0.7745, 'peer_z_score': -0.4517, 'historical_std': 1178.8627, 'yoy_growth_pct': -17.5, 'historical_mean': 6894.0882}",2026-09-27 13:17:25.449549+05:30,False,,COMPLETED,,
568,353,IsolationForest_WorldBank,v_test_suite,CO,Colombia,,,NY.GDP.PCAP.CD,GDP per capita (current US$),2021,6222.6216,-0.011497,True,"{'z_score': -0.5696, 'peer_mean': 18898.3228, 'hist_ratio': 0.9026, 'peer_z_score': -0.4385, 'historical_std': 1178.8627, 'yoy_growth_pct': 16.54, 'historical_mean': 6894.0882}",2026-09-27 13:17:25.449549+05:30,False,,COMPLETED,,
571,5832,IsolationForest_WorldBank,v_test_suite,CR,Costa Rica,,,NY.GDP.PCAP.CD,GDP per capita (current US$),2025,19970.0989,-0.068572,True,"{'z_score': 1.4436, 'peer_mean': 18596.8906, 'hist_ratio': 1.3338, 'peer_z_score': 0.0556, 'historical_std': 3462.0434, 'yoy_growth_pct': 5.92, 'historical_mean': 14972.203}",2026-09-27 13:17:25.449549+05:30,False,,COMPLETED,,
572,2471,IsolationForest_WorldBank,v_test_suite,CU,Cuba,,,SP.DYN.LE00.IN,"Life expectancy at birth, total (years)",2021,73.2010,-0.003994,True,"{'z_score': -1.7588, 'peer_mean': 71.4652, 'hist_ratio': 0.9539, 'peer_z_score': 0.2325, 'historical_std': 2.0134, 'yoy_growth_pct': -5.43, 'historical_mean': 76.7422}",2026-09-27 13:17:25.449549+05:30,False,,COMPLETED,,
509,301,IsolationForest_WorldBank,v_test_suite,BG,Bulgaria,,,NY.GDP.PCAP.CD,GDP per capita (current US$),2021,12966.8085,-0.022007,True,"{'z_score': -0.1557, 'peer_mean': 18898.3228, 'hist_ratio': 0.9505, 'peer_z_score': -0.2052, 'historical_std': 4342.6495, 'yoy_growth_pct': 20.5, 'historical_mean': 13642.7985}",2026-09-27 13:17:25.449549+05:30,False,,COMPLETED,,
510,5802,IsolationForest_WorldBank,v_test_suite,BG,Bulgaria,,,NY.GDP.PCAP.CD,GDP per capita (current US$),2024,17596.9168,-0.022700,True,"{'z_score': 0.9105, 'peer_mean': 20818.9195, 'hist_ratio': 1.2898, 'peer_z_score': -0.0971, 'historical_std': 4342.6495, 'yoy_growth_pct': 0.0, 'historical_mean': 13642.7985}",2026-09-27 13:17:25.449549+05:30,False,,COMPLETED,,
511,5801,IsolationForest_WorldBank,v_test_suite,BG,Bulgaria,,,NY.GDP.PCAP.CD,GDP per capita (current US$),2025,20328.1667,-0.151098,True,"{'z_score': 1.5395, 'peer_mean': 18596.8906, 'hist_ratio': 1.49, 'peer_z_score': 0.0701, 'historical_std': 4342.6495, 'yoy_growth_pct': 15.52, 'historical_mean': 13642.7985}",2026-09-27 13:17:25.449549+05:30,False,,COMPLETED,,
517,273,IsolationForest_WorldBank,v_test_suite,BM,Bermuda,,,NY.GDP.PCAP.CD,GDP per capita (current US$),2021,112765.0817,-0.043882,True,"{'z_score': -0.393, 'peer_mean': 18898.3228, 'hist_ratio': 0.954, 'peer_z_score': 3.2471, 'historical_std': 13826.1419, 'yoy_growth_pct': 5.41, 'historical_mean': 118198.9848}",2026-09-27 13:17:25.449549+05:30,False,,COMPLETED,,
518,5788,IsolationForest_WorldBank,v_test_suite,BM,Bermuda,,,NY.GDP.PCAP.CD,GDP per capita (current US$),2024,142250.4332,-0.140343,True,"{'z_score': 1.7396, 'peer_mean': 20818.9195, 'hist_ratio': 1.2035, 'peer_z_score': 3.6588, 'historical_std': 13826.1419, 'yoy_growth_pct': 0.0, 'historical_mean': 118198.9848}",2026-09-27 13:17:25.449549+05:30,False,,COMPLETED,,
573,314,IsolationForest_WorldBank,v_test_suite,CV,Cabo Verde,,,NY.GDP.PCAP.CD,GDP per capita (current US$),2020,3539.2266,-0.104108,True,"{'z_score': -1.1987, 'peer_mean': 16362.3751, 'hist_ratio': 0.7821, 'peer_z_score': -0.5255, 'historical_std': 822.778, 'yoy_growth_pct': -19.21, 'historical_mean': 4525.5157}",2026-09-27 13:17:25.449549+05:30,False,,COMPLETED,,
574,5807,IsolationForest_WorldBank,v_test_suite,CV,Cabo Verde,,,NY.GDP.PCAP.CD,GDP per capita (current US$),2025,5796.4721,-0.094068,True,"{'z_score': 1.5447, 'peer_mean': 18596.8906, 'hist_ratio': 1.2808, 'peer_z_score': -0.518, 'historical_std': 822.778, 'yoy_growth_pct': 12.11, 'historical_mean': 4525.5157}",2026-09-27 13:17:25.449549+05:30,False,,COMPLETED,,
575,385,IsolationForest_WorldBank,v_test_suite,CW,Curacao,,,NY.GDP.PCAP.CD,GDP per capita (current US$),2020,16299.8135,-0.062491,True,"{'z_score': -1.1366, 'peer_mean': 16362.3751, 'hist_ratio': 0.8555, 'peer_z_score': -0.0026, 'historical_std': 2422.8719, 'yoy_growth_pct': -15.2, 'historical_mean': 19053.6205}",2026-09-27 13:17:25.449549+05:30,False,,COMPLETED,,
576,388,IsolationForest_WorldBank,v_test_suite,CY,Cyprus,,,NY.GDP.PCAP.CD,GDP per capita (current US$),2021,32937.8359,-0.011730,True,"{'z_score': -0.0658, 'peer_mean': 18898.3228, 'hist_ratio': 0.9888, 'peer_z_score': 0.4857, 'historical_std': 5687.8631, 'yoy_growth_pct': 17.09, 'historical_mean': 33312.1872}",2026-09-27 13:17:25.449549+05:30,False,,COMPLETED,,
577,5839,IsolationForest_WorldBank,v_test_suite,CY,Cyprus,,,NY.GDP.PCAP.CD,GDP per capita (current US$),2025,41783.0898,-0.092089,True,"{'z_score': 1.4893, 'peer_mean': 18596.8906, 'hist_ratio': 1.2543, 'peer_z_score': 0.9382, 'historical_std': 5687.8631, 'yoy_growth_pct': 8.04, 'historical_mean': 33312.1872}",2026-09-27 13:17:25.449549+05:30,False,,COMPLETED,,
578,392,IsolationForest_WorldBank,v_test_suite,CZ,Czechia,,,NY.GDP.PCAP.CD,GDP per capita (current US$),2021,27696.4620,-0.016607,True,"{'z_score': -0.0164, 'peer_mean': 18898.3228, 'hist_ratio': 0.997, 'peer_z_score': 0.3044, 'historical_std': 5129.7931, 'yoy_growth_pct': 17.99, 'historical_mean': 27780.5055}",2026-09-27 13:17:25.449549+05:30,False,,COMPLETED,,
579,5841,IsolationForest_WorldBank,v_test_suite,CZ,Czechia,,,NY.GDP.PCAP.CD,GDP per capita (current US$),2025,35917.2724,-0.135264,True,"{'z_score': 1.5862, 'peer_mean': 18596.8906, 'hist_ratio': 1.2929, 'peer_z_score': 0.7009, 'historical_std': 5129.7931, 'yoy_growth_pct': 12.85, 'historical_mean': 27780.5055}",2026-09-27 13:17:25.449549+05:30,False,,COMPLETED,,
580,5879,IsolationForest_WorldBank,v_test_suite,DE,Germany,,,NY.GDP.PCAP.CD,GDP per capita (current US$),2025,60496.4351,-0.085059,True,"{'z_score': 1.5848, 'peer_mean': 18596.8906, 'hist_ratio': 1.16, 'peer_z_score': 1.6955, 'historical_std': 5264.9362, 'yoy_growth_pct': 7.83, 'historical_mean': 52152.7759}",2026-09-27 13:17:25.449549+05:30,False,,COMPLETED,,
581,5845,IsolationForest_WorldBank,v_test_suite,DJ,Djibouti,,,NY.GDP.PCAP.CD,GDP per capita (current US$),2025,3905.6050,-0.066411,True,"{'z_score': 1.5977, 'peer_mean': 18596.8906, 'hist_ratio': 1.2409, 'peer_z_score': -0.5945, 'historical_std': 474.5505, 'yoy_growth_pct': 9.93, 'historical_mean': 3147.3967}",2026-09-27 13:17:25.449549+05:30,False,,COMPLETED,,
582,396,IsolationForest_WorldBank,v_test_suite,DK,Denmark,,,NY.GDP.PCAP.CD,GDP per capita (current US$),2021,69340.7335,-0.045342,True,"{'z_score': 0.404, 'peer_mean': 18898.3228, 'hist_ratio': 1.0426, 'peer_z_score': 1.7449, 'historical_std': 7010.3466, 'yoy_growth_pct': 13.7, 'historical_mean': 66508.6486}",2026-09-27 13:17:25.449549+05:30,False,,COMPLETED,,
583,5843,IsolationForest_WorldBank,v_test_suite,DK,Denmark,,,NY.GDP.PCAP.CD,GDP per capita (current US$),2025,76970.1535,-0.096816,True,"{'z_score': 1.4923, 'peer_mean': 18596.8906, 'hist_ratio': 1.1573, 'peer_z_score': 2.3621, 'historical_std': 7010.3466, 'yoy_growth_pct': 8.37, 'historical_mean': 66508.6486}",2026-09-27 13:17:25.449549+05:30,False,,COMPLETED,,
584,405,IsolationForest_WorldBank,v_test_suite,DM,Dominica,,,NY.GDP.PCAP.CD,GDP per capita (current US$),2020,7827.7484,-0.097009,True,"{'z_score': -1.3065, 'peer_mean': 16362.3751, 'hist_ratio': 0.8341, 'peer_z_score': -0.3497, 'historical_std': 1191.3253, 'yoy_growth_pct': -17.53, 'historical_mean': 9384.1555}",2026-09-27 13:17:25.449549+05:30,False,,COMPLETED,,
506,5803,IsolationForest_WorldBank,v_test_suite,BF,Burkina Faso,,,NY.GDP.PCAP.CD,GDP per capita (current US$),2025,1147.5713,-0.141525,True,"{'z_score': 1.7003, 'peer_mean': 18596.8906, 'hist_ratio': 1.2767, 'peer_z_score': -0.7061, 'historical_std': 146.2721, 'yoy_growth_pct': 16.8, 'historical_mean': 898.8592}",2026-09-27 13:17:25.449549+05:30,False,,COMPLETED,,
507,304,IsolationForest_WorldBank,v_test_suite,BG,Bulgaria,,,NY.GDP.PCAP.CD,GDP per capita (current US$),2018,9849.8877,-0.003421,True,"{'z_score': -0.8734, 'peer_mean': 17653.2755, 'hist_ratio': 0.722, 'peer_z_score': -0.2999, 'historical_std': 4342.6495, 'yoy_growth_pct': 0.0, 'historical_mean': 13642.7985}",2026-09-27 13:17:25.449549+05:30,False,,COMPLETED,,
508,303,IsolationForest_WorldBank,v_test_suite,BG,Bulgaria,,,NY.GDP.PCAP.CD,GDP per capita (current US$),2019,10354.2500,-0.017647,True,"{'z_score': -0.7573, 'peer_mean': 17618.8353, 'hist_ratio': 0.759, 'peer_z_score': -0.2824, 'historical_std': 4342.6495, 'yoy_growth_pct': 5.12, 'historical_mean': 13642.7985}",2026-09-27 13:17:25.449549+05:30,False,,COMPLETED,,
592,5859,IsolationForest_WorldBank,v_test_suite,EE,Estonia,,,NY.GDP.PCAP.CD,GDP per capita (current US$),2025,34417.6321,-0.080290,True,"{'z_score': 1.5079, 'peer_mean': 18596.8906, 'hist_ratio': 1.2487, 'peer_z_score': 0.6402, 'historical_std': 4546.4985, 'yoy_growth_pct': 9.51, 'historical_mean': 27561.7555}",2026-09-27 13:17:25.449549+05:30,False,,COMPLETED,,
593,419,IsolationForest_WorldBank,v_test_suite,EG,"Egypt, Arab Rep.",,,NY.GDP.PCAP.CD,GDP per capita (current US$),2018,2484.7032,-0.044655,True,"{'z_score': -1.5355, 'peer_mean': 17653.2755, 'hist_ratio': 0.776, 'peer_z_score': -0.583, 'historical_std': 466.9873, 'yoy_growth_pct': 0.0, 'historical_mean': 3201.7402}",2026-09-27 13:17:25.449549+05:30,False,,COMPLETED,,
594,418,IsolationForest_WorldBank,v_test_suite,EG,"Egypt, Arab Rep.",,,NY.GDP.PCAP.CD,GDP per capita (current US$),2019,2962.9889,-0.025299,True,"{'z_score': -0.5113, 'peer_mean': 17618.8353, 'hist_ratio': 0.9254, 'peer_z_score': -0.5697, 'historical_std': 466.9873, 'yoy_growth_pct': 19.25, 'historical_mean': 3201.7402}",2026-09-27 13:17:25.449549+05:30,False,,COMPLETED,,
595,417,IsolationForest_WorldBank,v_test_suite,EG,"Egypt, Arab Rep.",,,NY.GDP.PCAP.CD,GDP per capita (current US$),2020,3511.1138,-0.041150,True,"{'z_score': 0.6625, 'peer_mean': 16362.3751, 'hist_ratio': 1.0966, 'peer_z_score': -0.5266, 'historical_std': 466.9873, 'yoy_growth_pct': 18.5, 'historical_mean': 3201.7402}",2026-09-27 13:17:25.449549+05:30,False,,COMPLETED,,
596,416,IsolationForest_WorldBank,v_test_suite,EG,"Egypt, Arab Rep.",,,NY.GDP.PCAP.CD,GDP per capita (current US$),2021,3827.3542,-0.032512,True,"{'z_score': 1.3397, 'peer_mean': 18898.3228, 'hist_ratio': 1.1954, 'peer_z_score': -0.5213, 'historical_std': 466.9873, 'yoy_growth_pct': 9.01, 'historical_mean': 3201.7402}",2026-09-27 13:17:25.449549+05:30,False,,COMPLETED,,
597,885,IsolationForest_WorldBank,v_test_suite,ES,Spain,,,NY.GDP.PCAP.CD,GDP per capita (current US$),2020,27233.9426,-0.027702,True,"{'z_score': -1.1645, 'peer_mean': 16362.3751, 'hist_ratio': 0.8494, 'peer_z_score': 0.4455, 'historical_std': 4146.6478, 'yoy_growth_pct': -8.57, 'historical_mean': 32062.7303}",2026-09-27 13:17:25.449549+05:30,False,,COMPLETED,,
598,884,IsolationForest_WorldBank,v_test_suite,ES,Spain,,,NY.GDP.PCAP.CD,GDP per capita (current US$),2021,30799.4776,-0.010602,True,"{'z_score': -0.3046, 'peer_mean': 18898.3228, 'hist_ratio': 0.9606, 'peer_z_score': 0.4117, 'historical_std': 4146.6478, 'yoy_growth_pct': 13.09, 'historical_mean': 32062.7303}",2026-09-27 13:17:25.449549+05:30,False,,COMPLETED,,
599,6071,IsolationForest_WorldBank,v_test_suite,ES,Spain,,,NY.GDP.PCAP.CD,GDP per capita (current US$),2025,38627.2472,-0.088166,True,"{'z_score': 1.5831, 'peer_mean': 18596.8906, 'hist_ratio': 1.2047, 'peer_z_score': 0.8105, 'historical_std': 4146.6478, 'yoy_growth_pct': 9.34, 'historical_mean': 32062.7303}",2026-09-27 13:17:25.449549+05:30,False,,COMPLETED,,
600,5864,IsolationForest_WorldBank,v_test_suite,ET,Ethiopia,,,NY.GDP.PCAP.CD,GDP per capita (current US$),2024,1133.8828,-0.072539,True,"{'z_score': 1.7737, 'peer_mean': 20818.9195, 'hist_ratio': 1.2782, 'peer_z_score': -0.5931, 'historical_std': 139.1368, 'yoy_growth_pct': 0.0, 'historical_mean': 887.098}",2026-09-27 13:17:25.449549+05:30,False,,COMPLETED,,
602,3565,IsolationForest_WorldBank,v_test_suite,ET,Ethiopia,,,SH.H2O.BASW.ZS,People using at least basic drinking water services (% of population),2021,51.1548,-0.000852,True,"{'z_score': 0.2671, 'peer_mean': 89.4736, 'hist_ratio': 1.0183, 'peer_z_score': -2.6995, 'historical_std': 3.4383, 'yoy_growth_pct': 3.02, 'historical_mean': 50.2363}",2026-09-27 13:17:25.449549+05:30,False,,COMPLETED,,
603,6963,IsolationForest_WorldBank,v_test_suite,ET,Ethiopia,,,SH.H2O.BASW.ZS,People using at least basic drinking water services (% of population),2024,55.5961,-0.044001,True,"{'z_score': 1.5588, 'peer_mean': 90.4725, 'hist_ratio': 1.1067, 'peer_z_score': -2.5837, 'historical_std': 3.4383, 'yoy_growth_pct': 0.0, 'historical_mean': 50.2363}",2026-09-27 13:17:25.449549+05:30,False,,COMPLETED,,
604,5683,IsolationForest_WorldBank,v_test_suite,EU,European Union,,,NY.GDP.PCAP.CD,GDP per capita (current US$),2025,47089.1638,-0.094295,True,"{'z_score': 1.5669, 'peer_mean': 18596.8906, 'hist_ratio': 1.1984, 'peer_z_score': 1.1529, 'historical_std': 4975.9236, 'yoy_growth_pct': 8.72, 'historical_mean': 39292.6098}",2026-09-27 13:17:25.449549+05:30,False,,COMPLETED,,
605,5868,IsolationForest_WorldBank,v_test_suite,FI,Finland,,,NY.GDP.PCAP.CD,GDP per capita (current US$),2025,56148.5809,-0.034084,True,"{'z_score': 1.498, 'peer_mean': 18596.8906, 'hist_ratio': 1.0894, 'peer_z_score': 1.5195, 'historical_std': 3076.0742, 'yoy_growth_pct': 5.63, 'historical_mean': 51540.7294}",2026-09-27 13:17:25.449549+05:30,False,,COMPLETED,,
606,445,IsolationForest_WorldBank,v_test_suite,FJ,Fiji,,,NY.GDP.PCAP.CD,GDP per capita (current US$),2020,4620.6457,-0.097235,True,"{'z_score': -1.1831, 'peer_mean': 16362.3751, 'hist_ratio': 0.8118, 'peer_z_score': -0.4812, 'historical_std': 905.6078, 'yoy_growth_pct': -20.91, 'historical_mean': 5692.103}",2026-09-27 13:17:25.449549+05:30,False,,COMPLETED,,
607,444,IsolationForest_WorldBank,v_test_suite,FJ,Fiji,,,NY.GDP.PCAP.CD,GDP per capita (current US$),2021,4536.7331,-0.004674,True,"{'z_score': -1.2758, 'peer_mean': 18898.3228, 'hist_ratio': 0.797, 'peer_z_score': -0.4968, 'historical_std': 905.6078, 'yoy_growth_pct': -1.82, 'historical_mean': 5692.103}",2026-09-27 13:17:25.449549+05:30,False,,COMPLETED,,
608,440,IsolationForest_WorldBank,v_test_suite,FO,Faroe Islands,,,NY.GDP.PCAP.CD,GDP per capita (current US$),2021,69421.6982,-0.039288,True,"{'z_score': 0.5899, 'peer_mean': 18898.3228, 'hist_ratio': 1.0473, 'peer_z_score': 1.7477, 'historical_std': 5311.7899, 'yoy_growth_pct': 11.52, 'historical_mean': 66288.1782}",2026-09-27 13:17:25.449549+05:30,False,,COMPLETED,,
502,5793,IsolationForest_WorldBank,v_test_suite,BA,Bosnia and Herzegovina,,,NY.GDP.PCAP.CD,GDP per capita (current US$),2025,10381.8461,-0.099758,True,"{'z_score': 1.4939, 'peer_mean': 18596.8906, 'hist_ratio': 1.3728, 'peer_z_score': -0.3324, 'historical_std': 1887.2259, 'yoy_growth_pct': 10.47, 'historical_mean': 7562.6056}",2026-09-27 13:17:25.449549+05:30,False,,COMPLETED,,
503,254,IsolationForest_WorldBank,v_test_suite,BB,Barbados,,,NY.GDP.PCAP.CD,GDP per capita (current US$),2020,19180.9915,-0.053247,True,"{'z_score': -1.0904, 'peer_mean': 16362.3751, 'hist_ratio': 0.8289, 'peer_z_score': 0.1155, 'historical_std': 3629.9819, 'yoy_growth_pct': -12.53, 'historical_mean': 23139.1778}",2026-09-27 13:17:25.449549+05:30,False,,COMPLETED,,
504,5778,IsolationForest_WorldBank,v_test_suite,BB,Barbados,,,NY.GDP.PCAP.CD,GDP per capita (current US$),2025,28364.8181,-0.045425,True,"{'z_score': 1.4396, 'peer_mean': 18596.8906, 'hist_ratio': 1.2258, 'peer_z_score': 0.3953, 'historical_std': 3629.9819, 'yoy_growth_pct': 5.46, 'historical_mean': 23139.1778}",2026-09-27 13:17:25.449549+05:30,False,,COMPLETED,,
505,5782,IsolationForest_WorldBank,v_test_suite,BE,Belgium,,,NY.GDP.PCAP.CD,GDP per capita (current US$),2025,60750.2736,-0.080093,True,"{'z_score': 1.5317, 'peer_mean': 18596.8906, 'hist_ratio': 1.1792, 'peer_z_score': 1.7057, 'historical_std': 6028.0976, 'yoy_growth_pct': 7.37, 'historical_mean': 51516.7616}",2026-09-27 13:17:25.449549+05:30,False,,COMPLETED,,
609,5870,IsolationForest_WorldBank,v_test_suite,FR,France,,,NY.GDP.PCAP.CD,GDP per capita (current US$),2025,48985.7308,-0.037186,True,"{'z_score': 1.5265, 'peer_mean': 18596.8906, 'hist_ratio': 1.1313, 'peer_z_score': 1.2297, 'historical_std': 3723.6228, 'yoy_growth_pct': 6.25, 'historical_mean': 43301.7062}",2026-09-27 13:17:25.449549+05:30,False,,COMPLETED,,
610,461,IsolationForest_WorldBank,v_test_suite,GA,Gabon,,,NY.GDP.PCAP.CD,GDP per capita (current US$),2020,6605.8035,-0.080188,True,"{'z_score': -1.7274, 'peer_mean': 16362.3751, 'hist_ratio': 0.8552, 'peer_z_score': -0.3998, 'historical_std': 647.4805, 'yoy_growth_pct': -11.23, 'historical_mean': 7724.2908}",2026-09-27 13:17:25.449549+05:30,False,,COMPLETED,,
611,460,IsolationForest_WorldBank,v_test_suite,GA,Gabon,,,NY.GDP.PCAP.CD,GDP per capita (current US$),2021,8181.4091,-0.053643,True,"{'z_score': 0.706, 'peer_mean': 18898.3228, 'hist_ratio': 1.0592, 'peer_z_score': -0.3707, 'historical_std': 647.4805, 'yoy_growth_pct': 23.85, 'historical_mean': 7724.2908}",2026-09-27 13:17:25.449549+05:30,False,,COMPLETED,,
612,986,IsolationForest_WorldBank,v_test_suite,GB,United Kingdom,,,NY.GDP.PCAP.CD,GDP per capita (current US$),2021,47695.6492,-0.091668,True,"{'z_score': 1.3479, 'peer_mean': 18898.3228, 'hist_ratio': 1.0879, 'peer_z_score': 0.9962, 'historical_std': 2857.4881, 'yoy_growth_pct': 16.86, 'historical_mean': 43843.9438}",2026-09-27 13:17:25.449549+05:30,False,,COMPLETED,,
613,489,IsolationForest_WorldBank,v_test_suite,GD,Grenada,,,NY.GDP.PCAP.CD,GDP per capita (current US$),2020,8968.5589,-0.050213,True,"{'z_score': -1.2678, 'peer_mean': 16362.3751, 'hist_ratio': 0.8573, 'peer_z_score': -0.303, 'historical_std': 1177.4103, 'yoy_growth_pct': -14.28, 'historical_mean': 10461.2439}",2026-09-27 13:17:25.449549+05:30,False,,COMPLETED,,
614,469,IsolationForest_WorldBank,v_test_suite,GE,Georgia,,,NY.GDP.PCAP.CD,GDP per capita (current US$),2020,4300.8570,-0.070634,True,"{'z_score': -0.819, 'peer_mean': 16362.3751, 'hist_ratio': 0.6865, 'peer_z_score': -0.4943, 'historical_std': 2398.1332, 'yoy_growth_pct': -9.29, 'historical_mean': 6264.8353}",2026-09-27 13:17:25.449549+05:30,False,,COMPLETED,,
617,5877,IsolationForest_WorldBank,v_test_suite,GE,Georgia,,,NY.GDP.PCAP.CD,GDP per capita (current US$),2025,9691.5347,-0.109741,True,"{'z_score': 1.4289, 'peer_mean': 18596.8906, 'hist_ratio': 1.547, 'peer_z_score': -0.3604, 'historical_std': 2398.1332, 'yoy_growth_pct': 8.07, 'historical_mean': 6264.8353}",2026-09-27 13:17:25.449549+05:30,False,,COMPLETED,,
618,5881,IsolationForest_WorldBank,v_test_suite,GH,Ghana,,,NY.GDP.PCAP.CD,GDP per capita (current US$),2025,3257.1589,-0.195766,True,"{'z_score': 1.9563, 'peer_mean': 18596.8906, 'hist_ratio': 1.3295, 'peer_z_score': -0.6207, 'historical_std': 412.6687, 'yoy_growth_pct': 34.63, 'historical_mean': 2449.8387}",2026-09-27 13:17:25.449549+05:30,False,,COMPLETED,,
619,2575,IsolationForest_WorldBank,v_test_suite,GI,Gibraltar,,,SP.DYN.LE00.IN,"Life expectancy at birth, total (years)",2021,80.2740,-0.013862,True,"{'z_score': -1.7603, 'peer_mean': 71.4652, 'hist_ratio': 0.9714, 'peer_z_score': 1.1801, 'historical_std': 1.3424, 'yoy_growth_pct': -3.37, 'historical_mean': 82.637}",2026-09-27 13:17:25.449549+05:30,False,,COMPLETED,,
620,484,IsolationForest_WorldBank,v_test_suite,GL,Greenland,,,NY.GDP.PCAP.CD,GDP per capita (current US$),2021,58135.9940,-0.017916,True,"{'z_score': 1.4225, 'peer_mean': 18898.3228, 'hist_ratio': 1.0532, 'peer_z_score': 1.3573, 'historical_std': 2063.4957, 'yoy_growth_pct': 6.06, 'historical_mean': 55200.7499}",2026-09-27 13:17:25.449549+05:30,False,,COMPLETED,,
621,5875,IsolationForest_WorldBank,v_test_suite,GM,"Gambia, The",,,NY.GDP.PCAP.CD,GDP per capita (current US$),2025,919.0604,-0.003739,True,"{'z_score': 1.4737, 'peer_mean': 18596.8906, 'hist_ratio': 1.1666, 'peer_z_score': -0.7153, 'historical_std': 89.0428, 'yoy_growth_pct': 5.48, 'historical_mean': 787.8389}",2026-09-27 13:17:25.449549+05:30,False,,COMPLETED,,
622,503,IsolationForest_WorldBank,v_test_suite,GN,Guinea,,,NY.GDP.PCAP.CD,GDP per capita (current US$),2018,933.2736,-0.024216,True,"{'z_score': -0.9562, 'peer_mean': 17653.2755, 'hist_ratio': 0.7147, 'peer_z_score': -0.6426, 'historical_std': 389.7124, 'yoy_growth_pct': 0.0, 'historical_mean': 1305.9083}",2026-09-27 13:17:25.449549+05:30,False,,COMPLETED,,
623,502,IsolationForest_WorldBank,v_test_suite,GN,Guinea,,,NY.GDP.PCAP.CD,GDP per capita (current US$),2019,1031.3415,-0.026132,True,"{'z_score': -0.7045, 'peer_mean': 17618.8353, 'hist_ratio': 0.7898, 'peer_z_score': -0.6448, 'historical_std': 389.7124, 'yoy_growth_pct': 10.51, 'historical_mean': 1305.9083}",2026-09-27 13:17:25.449549+05:30,False,,COMPLETED,,
624,500,IsolationForest_WorldBank,v_test_suite,GN,Guinea,,,NY.GDP.PCAP.CD,GDP per capita (current US$),2021,1244.9655,-0.007066,True,"{'z_score': -0.1564, 'peer_mean': 18898.3228, 'hist_ratio': 0.9533, 'peer_z_score': -0.6107, 'historical_std': 389.7124, 'yoy_growth_pct': 18.16, 'historical_mean': 1305.9083}",2026-09-27 13:17:25.449549+05:30,False,,COMPLETED,,
488,217,IsolationForest_WorldBank,v_test_suite,AR,Argentina,,,NY.GDP.PCAP.CD,GDP per capita (current US$),2021,10738.0179,-0.062009,True,"{'z_score': -0.373, 'peer_mean': 18898.3228, 'hist_ratio': 0.9224, 'peer_z_score': -0.2823, 'historical_std': 2422.501, 'yoy_growth_pct': 25.8, 'historical_mean': 11641.7107}",2026-09-27 13:17:25.449549+05:30,False,,COMPLETED,,
489,5762,IsolationForest_WorldBank,v_test_suite,AR,Argentina,,,NY.GDP.PCAP.CD,GDP per capita (current US$),2025,14898.0886,-0.053286,True,"{'z_score': 1.3442, 'peer_mean': 18596.8906, 'hist_ratio': 1.2797, 'peer_z_score': -0.1497, 'historical_std': 2422.501, 'yoy_growth_pct': 6.65, 'historical_mean': 11641.7107}",2026-09-27 13:17:25.449549+05:30,False,,COMPLETED,,
490,5769,IsolationForest_WorldBank,v_test_suite,AT,Austria,,,NY.GDP.PCAP.CD,GDP per capita (current US$),2025,62930.0351,-0.091201,True,"{'z_score': 1.6068, 'peer_mean': 18596.8906, 'hist_ratio': 1.1631, 'peer_z_score': 1.7939, 'historical_std': 5490.6785, 'yoy_growth_pct': 8.0, 'historical_mean': 54107.3395}",2026-09-27 13:17:25.449549+05:30,False,,COMPLETED,,
491,230,IsolationForest_WorldBank,v_test_suite,AU,Australia,,,NY.GDP.PCAP.CD,GDP per capita (current US$),2020,51983.4524,-0.051927,True,"{'z_score': -1.3692, 'peer_mean': 16362.3751, 'hist_ratio': 0.8784, 'peer_z_score': 1.4597, 'historical_std': 5257.0261, 'yoy_growth_pct': -5.82, 'historical_mean': 59181.1664}",2026-09-27 13:17:25.449549+05:30,False,,COMPLETED,,
492,229,IsolationForest_WorldBank,v_test_suite,AU,Australia,,,NY.GDP.PCAP.CD,GDP per capita (current US$),2021,60758.9044,-0.046922,True,"{'z_score': 0.3001, 'peer_mean': 18898.3228, 'hist_ratio': 1.0267, 'peer_z_score': 1.4481, 'historical_std': 5257.0261, 'yoy_growth_pct': 16.88, 'historical_mean': 59181.1664}",2026-09-27 13:17:25.449549+05:30,False,,COMPLETED,,
497,237,IsolationForest_WorldBank,v_test_suite,AZ,Azerbaijan,,,NY.GDP.PCAP.CD,GDP per capita (current US$),2021,5408.0454,-0.058765,True,"{'z_score': -0.1749, 'peer_mean': 18898.3228, 'hist_ratio': 0.9575, 'peer_z_score': -0.4667, 'historical_std': 1372.6905, 'yoy_growth_pct': 27.85, 'historical_mean': 5648.1449}",2026-09-27 13:17:25.449549+05:30,False,,COMPLETED,,
498,5772,IsolationForest_WorldBank,v_test_suite,AZ,Azerbaijan,,,NY.GDP.PCAP.CD,GDP per capita (current US$),2024,7294.6428,-0.016309,True,"{'z_score': 1.1995, 'peer_mean': 20818.9195, 'hist_ratio': 1.2915, 'peer_z_score': -0.4075, 'historical_std': 1372.6905, 'yoy_growth_pct': 0.0, 'historical_mean': 5648.1449}",2026-09-27 13:17:25.449549+05:30,False,,COMPLETED,,
499,5771,IsolationForest_WorldBank,v_test_suite,AZ,Azerbaijan,,,NY.GDP.PCAP.CD,GDP per capita (current US$),2025,7410.7228,-0.045177,True,"{'z_score': 1.284, 'peer_mean': 18596.8906, 'hist_ratio': 1.3121, 'peer_z_score': -0.4526, 'historical_std': 1372.6905, 'yoy_growth_pct': 1.59, 'historical_mean': 5648.1449}",2026-09-27 13:17:25.449549+05:30,False,,COMPLETED,,
500,5665,IsolationForest_WorldBank,v_test_suite,B8,Central Europe and the Baltics,,,NY.GDP.PCAP.CD,GDP per capita (current US$),2025,27676.9390,-0.136475,True,"{'z_score': 1.5465, 'peer_mean': 18596.8906, 'hist_ratio': 1.374, 'peer_z_score': 0.3674, 'historical_std': 4871.3166, 'yoy_growth_pct': 12.43, 'historical_mean': 20143.4996}",2026-09-27 13:17:25.449549+05:30,False,,COMPLETED,,
501,285,IsolationForest_WorldBank,v_test_suite,BA,Bosnia and Herzegovina,,,NY.GDP.PCAP.CD,GDP per capita (current US$),2021,7295.3438,-0.004704,True,"{'z_score': -0.1416, 'peer_mean': 18898.3228, 'hist_ratio': 0.9647, 'peer_z_score': -0.4014, 'historical_std': 1887.2259, 'yoy_growth_pct': 19.0, 'historical_mean': 7562.6056}",2026-09-27 13:17:25.449549+05:30,False,,COMPLETED,,
640,5893,IsolationForest_WorldBank,v_test_suite,GY,Guyana,,,NY.GDP.PCAP.CD,GDP per capita (current US$),2025,32413.7931,-0.133026,True,"{'z_score': 1.3906, 'peer_mean': 18596.8906, 'hist_ratio': 2.133, 'peer_z_score': 0.5591, 'historical_std': 12380.7269, 'yoy_growth_pct': 9.23, 'historical_mean': 15196.639}",2026-09-27 13:17:25.449549+05:30,False,,COMPLETED,,
647,377,IsolationForest_WorldBank,v_test_suite,HR,Croatia,,,NY.GDP.PCAP.CD,GDP per capita (current US$),2021,17788.7601,-0.032188,True,"{'z_score': -0.2585, 'peer_mean': 18898.3228, 'hist_ratio': 0.9299, 'peer_z_score': -0.0384, 'historical_std': 5185.6601, 'yoy_growth_pct': 20.13, 'historical_mean': 19129.0606}",2026-09-27 13:17:25.449549+05:30,False,,COMPLETED,,
478,223,IsolationForest_WorldBank,v_test_suite,AM,Armenia,,,NY.GDP.PCAP.CD,GDP per capita (current US$),2019,4597.2289,-0.021696,True,"{'z_score': -0.5716, 'peer_mean': 17618.8353, 'hist_ratio': 0.771, 'peer_z_score': -0.5062, 'historical_std': 2389.274, 'yoy_growth_pct': 9.56, 'historical_mean': 5962.888}",2026-09-27 13:17:25.449549+05:30,False,,COMPLETED,,
479,222,IsolationForest_WorldBank,v_test_suite,AM,Armenia,,,NY.GDP.PCAP.CD,GDP per capita (current US$),2020,4268.6809,-0.047858,True,"{'z_score': -0.7091, 'peer_mean': 16362.3751, 'hist_ratio': 0.7159, 'peer_z_score': -0.4956, 'historical_std': 2389.274, 'yoy_growth_pct': -7.15, 'historical_mean': 5962.888}",2026-09-27 13:17:25.449549+05:30,False,,COMPLETED,,
480,221,IsolationForest_WorldBank,v_test_suite,AM,Armenia,,,NY.GDP.PCAP.CD,GDP per capita (current US$),2021,4685.1800,-0.021441,True,"{'z_score': -0.5348, 'peer_mean': 18898.3228, 'hist_ratio': 0.7857, 'peer_z_score': -0.4917, 'historical_std': 2389.274, 'yoy_growth_pct': 9.76, 'historical_mean': 5962.888}",2026-09-27 13:17:25.449549+05:30,False,,COMPLETED,,
481,5765,IsolationForest_WorldBank,v_test_suite,AM,Armenia,,,NY.GDP.PCAP.CD,GDP per capita (current US$),2024,8556.2141,-0.059309,True,"{'z_score': 1.0854, 'peer_mean': 20818.9195, 'hist_ratio': 1.4349, 'peer_z_score': -0.3695, 'historical_std': 2389.274, 'yoy_growth_pct': 0.0, 'historical_mean': 5962.888}",2026-09-27 13:17:25.449549+05:30,False,,COMPLETED,,
482,5764,IsolationForest_WorldBank,v_test_suite,AM,Armenia,,,NY.GDP.PCAP.CD,GDP per capita (current US$),2025,9474.0185,-0.130027,True,"{'z_score': 1.4695, 'peer_mean': 18596.8906, 'hist_ratio': 1.5888, 'peer_z_score': -0.3692, 'historical_std': 2389.274, 'yoy_growth_pct': 10.73, 'historical_mean': 5962.888}",2026-09-27 13:17:25.449549+05:30,False,,COMPLETED,,
486,219,IsolationForest_WorldBank,v_test_suite,AR,Argentina,,,NY.GDP.PCAP.CD,GDP per capita (current US$),2019,9955.9748,-0.044363,True,"{'z_score': -0.6959, 'peer_mean': 17618.8353, 'hist_ratio': 0.8552, 'peer_z_score': -0.2979, 'historical_std': 2422.501, 'yoy_growth_pct': -15.29, 'historical_mean': 11641.7107}",2026-09-27 13:17:25.449549+05:30,False,,COMPLETED,,
487,218,IsolationForest_WorldBank,v_test_suite,AR,Argentina,,,NY.GDP.PCAP.CD,GDP per capita (current US$),2020,8535.5994,-0.086578,True,"{'z_score': -1.2822, 'peer_mean': 16362.3751, 'hist_ratio': 0.7332, 'peer_z_score': -0.3207, 'historical_std': 2422.501, 'yoy_growth_pct': -14.27, 'historical_mean': 11641.7107}",2026-09-27 13:17:25.449549+05:30,False,,COMPLETED,,
493,226,IsolationForest_WorldBank,v_test_suite,AW,Aruba,,,NY.GDP.PCAP.CD,GDP per capita (current US$),2020,22664.3710,-0.128791,True,"{'z_score': -1.2094, 'peer_mean': 16362.3751, 'hist_ratio': 0.7615, 'peer_z_score': 0.2583, 'historical_std': 5870.0748, 'yoy_growth_pct': -26.07, 'historical_mean': 29763.7849}",2026-09-27 13:17:25.449549+05:30,False,,COMPLETED,,
496,238,IsolationForest_WorldBank,v_test_suite,AZ,Azerbaijan,,,NY.GDP.PCAP.CD,GDP per capita (current US$),2020,4229.9106,-0.068039,True,"{'z_score': -1.0332, 'peer_mean': 16362.3751, 'hist_ratio': 0.7489, 'peer_z_score': -0.4972, 'historical_std': 1372.6905, 'yoy_growth_pct': -11.98, 'historical_mean': 5648.1449}",2026-09-27 13:17:25.449549+05:30,False,,COMPLETED,,
554,365,IsolationForest_WorldBank,v_test_suite,CG,"Congo, Rep.",,,NY.GDP.PCAP.CD,GDP per capita (current US$),2021,2516.1626,-0.056302,True,"{'z_score': 0.2874, 'peer_mean': 18898.3228, 'hist_ratio': 1.0277, 'peer_z_score': -0.5667, 'historical_std': 236.2742, 'yoy_growth_pct': 26.21, 'historical_mean': 2448.2652}",2026-09-27 13:17:25.449549+05:30,False,,COMPLETED,,
601,5863,IsolationForest_WorldBank,v_test_suite,ET,Ethiopia,,,NY.GDP.PCAP.CD,GDP per capita (current US$),2025,932.7294,-0.050986,True,"{'z_score': 0.328, 'peer_mean': 18596.8906, 'hist_ratio': 1.0514, 'peer_z_score': -0.7148, 'historical_std': 139.1368, 'yoy_growth_pct': -17.74, 'historical_mean': 887.098}",2026-09-27 13:17:25.449549+05:30,False,,COMPLETED,,
467,982,IsolationForest_WorldBank,v_test_suite,AE,United Arab Emirates,,,NY.GDP.PCAP.CD,GDP per capita (current US$),2021,44118.4936,-0.015848,True,"{'z_score': 0.0794, 'peer_mean': 18898.3228, 'hist_ratio': 1.0074, 'peer_z_score': 0.8724, 'historical_std': 4063.4743, 'yoy_growth_pct': 16.13, 'historical_mean': 43796.0471}",2026-09-27 13:17:25.449549+05:30,False,,COMPLETED,,
468,189,IsolationForest_WorldBank,v_test_suite,AF,Afghanistan,,,NY.GDP.PCAP.CD,GDP per capita (current US$),2021,356.4962,-0.156335,True,"{'z_score': -1.4882, 'peer_mean': 18898.3228, 'hist_ratio': 0.7845, 'peer_z_score': -0.6414, 'historical_std': 65.7999, 'yoy_growth_pct': -30.21, 'historical_mean': 454.4188}",2026-09-27 13:17:25.449549+05:30,False,,COMPLETED,,
469,214,IsolationForest_WorldBank,v_test_suite,AG,Antigua and Barbuda,,,NY.GDP.PCAP.CD,GDP per capita (current US$),2020,15369.6082,-0.108495,True,"{'z_score': -1.1863, 'peer_mean': 16362.3751, 'hist_ratio': 0.7831, 'peer_z_score': -0.0407, 'historical_std': 3589.6021, 'yoy_growth_pct': -18.66, 'historical_mean': 19627.8478}",2026-09-27 13:17:25.449549+05:30,False,,COMPLETED,,
470,5760,IsolationForest_WorldBank,v_test_suite,AG,Antigua and Barbuda,,,NY.GDP.PCAP.CD,GDP per capita (current US$),2025,24819.2455,-0.067199,True,"{'z_score': 1.4462, 'peer_mean': 18596.8906, 'hist_ratio': 1.2645, 'peer_z_score': 0.2518, 'historical_std': 3589.6021, 'yoy_growth_pct': 7.63, 'historical_mean': 19627.8478}",2026-09-27 13:17:25.449549+05:30,False,,COMPLETED,,
471,196,IsolationForest_WorldBank,v_test_suite,AL,Albania,,,NY.GDP.PCAP.CD,GDP per capita (current US$),2018,5897.6545,-0.002436,True,"{'z_score': -0.7608, 'peer_mean': 17653.2755, 'hist_ratio': 0.7133, 'peer_z_score': -0.4518, 'historical_std': 3115.8795, 'yoy_growth_pct': 0.0, 'historical_mean': 8268.2698}",2026-09-27 13:17:25.449549+05:30,False,,COMPLETED,,
472,195,IsolationForest_WorldBank,v_test_suite,AL,Albania,,,NY.GDP.PCAP.CD,GDP per capita (current US$),2019,6069.4390,-0.018570,True,"{'z_score': -0.7057, 'peer_mean': 17618.8353, 'hist_ratio': 0.7341, 'peer_z_score': -0.4489, 'historical_std': 3115.8795, 'yoy_growth_pct': 2.91, 'historical_mean': 8268.2698}",2026-09-27 13:17:25.449549+05:30,False,,COMPLETED,,
473,194,IsolationForest_WorldBank,v_test_suite,AL,Albania,,,NY.GDP.PCAP.CD,GDP per capita (current US$),2020,6027.9135,-0.007949,True,"{'z_score': -0.719, 'peer_mean': 16362.3751, 'hist_ratio': 0.729, 'peer_z_score': -0.4235, 'historical_std': 3115.8795, 'yoy_growth_pct': -0.68, 'historical_mean': 8268.2698}",2026-09-27 13:17:25.449549+05:30,False,,COMPLETED,,
474,193,IsolationForest_WorldBank,v_test_suite,AL,Albania,,,NY.GDP.PCAP.CD,GDP per capita (current US$),2021,7242.4551,-0.044665,True,"{'z_score': -0.3292, 'peer_mean': 18898.3228, 'hist_ratio': 0.8759, 'peer_z_score': -0.4032, 'historical_std': 3115.8795, 'yoy_growth_pct': 20.15, 'historical_mean': 8268.2698}",2026-09-27 13:17:25.449549+05:30,False,,COMPLETED,,
475,5753,IsolationForest_WorldBank,v_test_suite,AL,Albania,,,NY.GDP.PCAP.CD,GDP per capita (current US$),2024,11374.0086,-0.025680,True,"{'z_score': 0.9967, 'peer_mean': 20818.9195, 'hist_ratio': 1.3756, 'peer_z_score': -0.2846, 'historical_std': 3115.8795, 'yoy_growth_pct': 0.0, 'historical_mean': 8268.2698}",2026-09-27 13:17:25.449549+05:30,False,,COMPLETED,,
476,5752,IsolationForest_WorldBank,v_test_suite,AL,Albania,,,NY.GDP.PCAP.CD,GDP per capita (current US$),2025,12998.1479,-0.155021,True,"{'z_score': 1.518, 'peer_mean': 18596.8906, 'hist_ratio': 1.5721, 'peer_z_score': -0.2266, 'historical_std': 3115.8795, 'yoy_growth_pct': 14.28, 'historical_mean': 8268.2698}",2026-09-27 13:17:25.449549+05:30,False,,COMPLETED,,
477,224,IsolationForest_WorldBank,v_test_suite,AM,Armenia,,,NY.GDP.PCAP.CD,GDP per capita (current US$),2018,4196.0056,-0.011425,True,"{'z_score': -0.7395, 'peer_mean': 17653.2755, 'hist_ratio': 0.7037, 'peer_z_score': -0.5172, 'historical_std': 2389.274, 'yoy_growth_pct': 0.0, 'historical_mean': 5962.888}",2026-09-27 13:17:25.449549+05:30,False,,COMPLETED,,
449,10,IsolationForest_WorldBank,v_test_suite,1A,Arab World,,,NY.GDP.PCAP.CD,GDP per capita (current US$),2020,5749.7516,-0.085427,True,"{'z_score': -1.5883, 'peer_mean': 16362.3751, 'hist_ratio': 0.8415, 'peer_z_score': -0.4349, 'historical_std': 681.8938, 'yoy_growth_pct': -13.97, 'historical_mean': 6832.831}",2026-09-27 13:17:25.449549+05:30,False,,COMPLETED,,
457,46,IsolationForest_WorldBank,v_test_suite,7E,Europe & Central Asia (excluding high income),,,NY.GDP.PCAP.CD,GDP per capita (current US$),2020,5734.4619,-0.012266,True,"{'z_score': -0.7821, 'peer_mean': 16362.3751, 'hist_ratio': 0.76, 'peer_z_score': -0.4355, 'historical_std': 2315.0194, 'yoy_growth_pct': -5.0, 'historical_mean': 7544.9423}",2026-09-27 13:17:25.449549+05:30,False,,COMPLETED,,
458,45,IsolationForest_WorldBank,v_test_suite,7E,Europe & Central Asia (excluding high income),,,NY.GDP.PCAP.CD,GDP per capita (current US$),2021,6632.5722,-0.017539,True,"{'z_score': -0.3941, 'peer_mean': 18898.3228, 'hist_ratio': 0.8791, 'peer_z_score': -0.4243, 'historical_std': 2315.0194, 'yoy_growth_pct': 15.66, 'historical_mean': 7544.9423}",2026-09-27 13:17:25.449549+05:30,False,,COMPLETED,,
459,5680,IsolationForest_WorldBank,v_test_suite,7E,Europe & Central Asia (excluding high income),,,NY.GDP.PCAP.CD,GDP per capita (current US$),2024,9801.7005,-0.001595,True,"{'z_score': 0.9748, 'peer_mean': 20818.9195, 'hist_ratio': 1.2991, 'peer_z_score': -0.332, 'historical_std': 2315.0194, 'yoy_growth_pct': 0.0, 'historical_mean': 7544.9423}",2026-09-27 13:17:25.449549+05:30,False,,COMPLETED,,
460,5679,IsolationForest_WorldBank,v_test_suite,7E,Europe & Central Asia (excluding high income),,,NY.GDP.PCAP.CD,GDP per capita (current US$),2025,11117.6138,-0.138519,True,"{'z_score': 1.5433, 'peer_mean': 18596.8906, 'hist_ratio': 1.4735, 'peer_z_score': -0.3026, 'historical_std': 2315.0194, 'yoy_growth_pct': 13.43, 'historical_mean': 7544.9423}",2026-09-27 13:17:25.449549+05:30,False,,COMPLETED,,
461,5737,IsolationForest_WorldBank,v_test_suite,8S,South Asia,,,NY.GDP.PCAP.CD,GDP per capita (current US$),2025,2705.2823,-0.001882,True,"{'z_score': 1.3663, 'peer_mean': 18596.8906, 'hist_ratio': 1.1941, 'peer_z_score': -0.6431, 'historical_std': 321.8127, 'yoy_growth_pct': 3.98, 'historical_mean': 2265.5757}",2026-09-27 13:17:25.449549+05:30,False,,COMPLETED,,
462,206,IsolationForest_WorldBank,v_test_suite,AD,Andorra,,,NY.GDP.PCAP.CD,GDP per capita (current US$),2020,37361.0901,-0.059020,True,"{'z_score': -1.1781, 'peer_mean': 16362.3751, 'hist_ratio': 0.838, 'peer_z_score': 0.8605, 'historical_std': 6132.3087, 'yoy_growth_pct': -9.44, 'historical_mean': 44585.5514}",2026-09-27 13:17:25.449549+05:30,False,,COMPLETED,,
463,205,IsolationForest_WorldBank,v_test_suite,AD,Andorra,,,NY.GDP.PCAP.CD,GDP per capita (current US$),2021,42425.6997,-0.023284,True,"{'z_score': -0.3522, 'peer_mean': 18898.3228, 'hist_ratio': 0.9516, 'peer_z_score': 0.8139, 'historical_std': 6132.3087, 'yoy_growth_pct': 13.56, 'historical_mean': 44585.5514}",2026-09-27 13:17:25.449549+05:30,False,,COMPLETED,,
648,5836,IsolationForest_WorldBank,v_test_suite,HR,Croatia,,,NY.GDP.PCAP.CD,GDP per capita (current US$),2025,27103.9116,-0.143396,True,"{'z_score': 1.5379, 'peer_mean': 18596.8906, 'hist_ratio': 1.4169, 'peer_z_score': 0.3442, 'historical_std': 5185.6601, 'yoy_growth_pct': 12.7, 'historical_mean': 19129.0606}",2026-09-27 13:17:25.449549+05:30,False,,COMPLETED,,
649,514,IsolationForest_WorldBank,v_test_suite,HT,Haiti,,,NY.GDP.PCAP.CD,GDP per capita (current US$),2019,1352.1720,-0.058554,True,"{'z_score': -0.8149, 'peer_mean': 17618.8353, 'hist_ratio': 0.7569, 'peer_z_score': -0.6323, 'historical_std': 532.7954, 'yoy_growth_pct': -9.64, 'historical_mean': 1786.3506}",2026-09-27 13:17:25.449549+05:30,False,,COMPLETED,,
650,513,IsolationForest_WorldBank,v_test_suite,HT,Haiti,,,NY.GDP.PCAP.CD,GDP per capita (current US$),2020,1290.3254,-0.045152,True,"{'z_score': -0.931, 'peer_mean': 16362.3751, 'hist_ratio': 0.7223, 'peer_z_score': -0.6176, 'historical_std': 532.7954, 'yoy_growth_pct': -4.57, 'historical_mean': 1786.3506}",2026-09-27 13:17:25.449549+05:30,False,,COMPLETED,,
651,512,IsolationForest_WorldBank,v_test_suite,HT,Haiti,,,NY.GDP.PCAP.CD,GDP per capita (current US$),2021,1824.6799,-0.084235,True,"{'z_score': 0.0719, 'peer_mean': 18898.3228, 'hist_ratio': 1.0215, 'peer_z_score': -0.5906, 'historical_std': 532.7954, 'yoy_growth_pct': 41.41, 'historical_mean': 1786.3506}",2026-09-27 13:17:25.449549+05:30,False,,COMPLETED,,
652,5895,IsolationForest_WorldBank,v_test_suite,HT,Haiti,,,NY.GDP.PCAP.CD,GDP per capita (current US$),2025,2694.1897,-0.202677,True,"{'z_score': 1.7039, 'peer_mean': 18596.8906, 'hist_ratio': 1.5082, 'peer_z_score': -0.6435, 'historical_std': 532.7954, 'yoy_growth_pct': 30.76, 'historical_mean': 1786.3506}",2026-09-27 13:17:25.449549+05:30,False,,COMPLETED,,
653,5901,IsolationForest_WorldBank,v_test_suite,HU,Hungary,,,NY.GDP.PCAP.CD,GDP per capita (current US$),2025,25907.4743,-0.108991,True,"{'z_score': 1.5522, 'peer_mean': 18596.8906, 'hist_ratio': 1.3146, 'peer_z_score': 0.2958, 'historical_std': 3993.8824, 'yoy_growth_pct': 11.16, 'historical_mean': 19708.0664}",2026-09-27 13:17:25.449549+05:30,False,,COMPLETED,,
536,361,IsolationForest_WorldBank,v_test_suite,CD,"Congo, Dem. Rep.",,,NY.GDP.PCAP.CD,GDP per capita (current US$),2021,595.7431,-0.026196,True,"{'z_score': -0.0389, 'peer_mean': 18898.3228, 'hist_ratio': 0.9918, 'peer_z_score': -0.6331, 'historical_std': 126.6574, 'yoy_growth_pct': 22.47, 'historical_mean': 600.6677}",2026-09-27 13:17:25.449549+05:30,False,,COMPLETED,,
556,919,IsolationForest_WorldBank,v_test_suite,CH,Switzerland,,,NY.GDP.PCAP.CD,GDP per capita (current US$),2020,87529.7016,-0.016797,True,"{'z_score': -0.7422, 'peer_mean': 16362.3751, 'hist_ratio': 0.9063, 'peer_z_score': 2.9164, 'historical_std': 12188.6869, 'yoy_growth_pct': 1.93, 'historical_mean': 96576.4928}",2026-09-27 13:17:25.449549+05:30,False,,COMPLETED,,
569,5824,IsolationForest_WorldBank,v_test_suite,CO,Colombia,,,NY.GDP.PCAP.CD,GDP per capita (current US$),2025,8561.6209,-0.029426,True,"{'z_score': 1.4145, 'peer_mean': 18596.8906, 'hist_ratio': 1.2419, 'peer_z_score': -0.4061, 'historical_std': 1178.8627, 'yoy_growth_pct': 7.68, 'historical_mean': 6894.0882}",2026-09-27 13:17:25.449549+05:30,False,,COMPLETED,,
570,5833,IsolationForest_WorldBank,v_test_suite,CR,Costa Rica,,,NY.GDP.PCAP.CD,GDP per capita (current US$),2024,18853.2829,-0.006170,True,"{'z_score': 1.121, 'peer_mean': 20818.9195, 'hist_ratio': 1.2592, 'peer_z_score': -0.0592, 'historical_std': 3462.0434, 'yoy_growth_pct': 0.0, 'historical_mean': 14972.203}",2026-09-27 13:17:25.449549+05:30,False,,COMPLETED,,
654,551,IsolationForest_WorldBank,v_test_suite,IE,Ireland,,,NY.GDP.PCAP.CD,GDP per capita (current US$),2018,80804.1123,-0.049055,True,"{'z_score': -0.9249, 'peer_mean': 17653.2755, 'hist_ratio': 0.8115, 'peer_z_score': 2.427, 'historical_std': 20288.6754, 'yoy_growth_pct': 0.0, 'historical_mean': 99569.4523}",2026-09-27 13:17:25.449549+05:30,False,,COMPLETED,,
655,550,IsolationForest_WorldBank,v_test_suite,IE,Ireland,,,NY.GDP.PCAP.CD,GDP per capita (current US$),2019,81827.6689,-0.040088,True,"{'z_score': -0.8745, 'peer_mean': 17618.8353, 'hist_ratio': 0.8218, 'peer_z_score': 2.4959, 'historical_std': 20288.6754, 'yoy_growth_pct': 1.27, 'historical_mean': 99569.4523}",2026-09-27 13:17:25.449549+05:30,False,,COMPLETED,,
656,549,IsolationForest_WorldBank,v_test_suite,IE,Ireland,,,NY.GDP.PCAP.CD,GDP per capita (current US$),2020,86514.0706,-0.063188,True,"{'z_score': -0.6435, 'peer_mean': 16362.3751, 'hist_ratio': 0.8689, 'peer_z_score': 2.8748, 'historical_std': 20288.6754, 'yoy_growth_pct': 5.73, 'historical_mean': 99569.4523}",2026-09-27 13:17:25.449549+05:30,False,,COMPLETED,,
657,548,IsolationForest_WorldBank,v_test_suite,IE,Ireland,,,NY.GDP.PCAP.CD,GDP per capita (current US$),2021,103783.4463,-0.120485,True,"{'z_score': 0.2077, 'peer_mean': 18898.3228, 'hist_ratio': 1.0423, 'peer_z_score': 2.9364, 'historical_std': 20288.6754, 'yoy_growth_pct': 19.96, 'historical_mean': 99569.4523}",2026-09-27 13:17:25.449549+05:30,False,,COMPLETED,,
658,5914,IsolationForest_WorldBank,v_test_suite,IE,Ireland,,,NY.GDP.PCAP.CD,GDP per capita (current US$),2024,112894.9532,-0.019009,True,"{'z_score': 0.6568, 'peer_mean': 20818.9195, 'hist_ratio': 1.1338, 'peer_z_score': 2.7743, 'historical_std': 20288.6754, 'yoy_growth_pct': 0.0, 'historical_mean': 99569.4523}",2026-09-27 13:17:25.449549+05:30,False,,COMPLETED,,
659,5913,IsolationForest_WorldBank,v_test_suite,IE,Ireland,,,NY.GDP.PCAP.CD,GDP per capita (current US$),2025,131592.4625,-0.207491,True,"{'z_score': 1.5784, 'peer_mean': 18596.8906, 'hist_ratio': 1.3216, 'peer_z_score': 4.5724, 'historical_std': 20288.6754, 'yoy_growth_pct': 16.56, 'historical_mean': 99569.4523}",2026-09-27 13:17:25.449549+05:30,False,,COMPLETED,,
660,556,IsolationForest_WorldBank,v_test_suite,IL,Israel,,,NY.GDP.PCAP.CD,GDP per capita (current US$),2021,52258.4693,-0.050714,True,"{'z_score': 0.37, 'peer_mean': 18898.3228, 'hist_ratio': 1.053, 'peer_z_score': 1.154, 'historical_std': 7110.9009, 'yoy_growth_pct': 17.2, 'historical_mean': 49627.3179}",2026-09-27 13:17:25.449549+05:30,False,,COMPLETED,,
661,5915,IsolationForest_WorldBank,v_test_suite,IL,Israel,,,NY.GDP.PCAP.CD,GDP per capita (current US$),2025,60336.8478,-0.121935,True,"{'z_score': 1.5061, 'peer_mean': 18596.8906, 'hist_ratio': 1.2158, 'peer_z_score': 1.689, 'historical_std': 7110.9009, 'yoy_growth_pct': 11.29, 'historical_mean': 49627.3179}",2026-09-27 13:17:25.449549+05:30,False,,COMPLETED,,
662,553,IsolationForest_WorldBank,v_test_suite,IM,Isle of Man,,,NY.GDP.PCAP.CD,GDP per capita (current US$),2020,79513.5330,-0.088307,True,"{'z_score': -1.3108, 'peer_mean': 16362.3751, 'hist_ratio': 0.9079, 'peer_z_score': 2.5879, 'historical_std': 6156.8523, 'yoy_growth_pct': -8.74, 'historical_mean': 87583.7196}",2026-09-27 13:17:25.449549+05:30,False,,COMPLETED,,
663,552,IsolationForest_WorldBank,v_test_suite,IM,Isle of Man,,,NY.GDP.PCAP.CD,GDP per capita (current US$),2021,94299.9693,-0.109543,True,"{'z_score': 1.0909, 'peer_mean': 18898.3228, 'hist_ratio': 1.0767, 'peer_z_score': 2.6084, 'historical_std': 6156.8523, 'yoy_growth_pct': 18.6, 'historical_mean': 87583.7196}",2026-09-27 13:17:25.449549+05:30,False,,COMPLETED,,
664,5905,IsolationForest_WorldBank,v_test_suite,IN,India,,,NY.GDP.PCAP.CD,GDP per capita (current US$),2025,2702.4799,-0.005310,True,"{'z_score': 1.3818, 'peer_mean': 18596.8906, 'hist_ratio': 1.2033, 'peer_z_score': -0.6432, 'historical_std': 330.496, 'yoy_growth_pct': 4.26, 'historical_mean': 2245.8108}",2026-09-27 13:17:25.449549+05:30,False,,COMPLETED,,
665,545,IsolationForest_WorldBank,v_test_suite,IQ,Iraq,,,NY.GDP.PCAP.CD,GDP per capita (current US$),2020,4295.1895,-0.138448,True,"{'z_score': -1.6083, 'peer_mean': 16362.3751, 'hist_ratio': 0.8062, 'peer_z_score': -0.4945, 'historical_std': 641.911, 'yoy_growth_pct': -24.27, 'historical_mean': 5327.5865}",2026-09-27 13:17:25.449549+05:30,False,,COMPLETED,,
667,541,IsolationForest_WorldBank,v_test_suite,IR,"Iran, Islamic Rep.",,,NY.GDP.PCAP.CD,GDP per capita (current US$),2020,3202.5000,-0.138934,True,"{'z_score': -1.5128, 'peer_mean': 16362.3751, 'hist_ratio': 0.7476, 'peer_z_score': -0.5393, 'historical_std': 714.7511, 'yoy_growth_pct': -19.89, 'historical_mean': 4283.7838}",2026-09-27 13:17:25.449549+05:30,False,,COMPLETED,,
636,510,IsolationForest_WorldBank,v_test_suite,GY,Guyana,,,NY.GDP.PCAP.CD,GDP per capita (current US$),2019,6405.8244,-0.063658,True,"{'z_score': -0.71, 'peer_mean': 17618.8353, 'hist_ratio': 0.4215, 'peer_z_score': -0.4359, 'historical_std': 12380.7269, 'yoy_growth_pct': 5.91, 'historical_mean': 15196.639}",2026-09-27 13:17:25.449549+05:30,False,,COMPLETED,,
668,540,IsolationForest_WorldBank,v_test_suite,IR,"Iran, Islamic Rep.",,,NY.GDP.PCAP.CD,GDP per capita (current US$),2021,4605.1488,-0.095224,True,"{'z_score': 0.4496, 'peer_mean': 18898.3228, 'hist_ratio': 1.075, 'peer_z_score': -0.4944, 'historical_std': 714.7511, 'yoy_growth_pct': 43.8, 'historical_mean': 4283.7838}",2026-09-27 13:17:25.449549+05:30,False,,COMPLETED,,
669,5909,IsolationForest_WorldBank,v_test_suite,IR,"Iran, Islamic Rep.",,,NY.GDP.PCAP.CD,GDP per capita (current US$),2025,3924.3802,-0.048755,True,"{'z_score': -0.5028, 'peer_mean': 18596.8906, 'hist_ratio': 0.9161, 'peer_z_score': -0.5937, 'historical_std': 714.7511, 'yoy_growth_pct': -24.39, 'historical_mean': 4283.7838}",2026-09-27 13:17:25.449549+05:30,False,,COMPLETED,,
670,530,IsolationForest_WorldBank,v_test_suite,IS,Iceland,,,NY.GDP.PCAP.CD,GDP per capita (current US$),2019,69296.3144,-0.039859,True,"{'z_score': -0.5389, 'peer_mean': 17618.8353, 'hist_ratio': 0.9045, 'peer_z_score': 2.0088, 'historical_std': 13575.3196, 'yoy_growth_pct': -8.38, 'historical_mean': 76611.693}",2026-09-27 13:17:25.449549+05:30,False,,COMPLETED,,
671,529,IsolationForest_WorldBank,v_test_suite,IS,Iceland,,,NY.GDP.PCAP.CD,GDP per capita (current US$),2020,60127.9394,-0.127673,True,"{'z_score': -1.2142, 'peer_mean': 16362.3751, 'hist_ratio': 0.7848, 'peer_z_score': 1.7935, 'historical_std': 13575.3196, 'yoy_growth_pct': -13.23, 'historical_mean': 76611.693}",2026-09-27 13:17:25.449549+05:30,False,,COMPLETED,,
672,528,IsolationForest_WorldBank,v_test_suite,IS,Iceland,,,NY.GDP.PCAP.CD,GDP per capita (current US$),2021,70425.4064,-0.067808,True,"{'z_score': -0.4557, 'peer_mean': 18898.3228, 'hist_ratio': 0.9193, 'peer_z_score': 1.7825, 'historical_std': 13575.3196, 'yoy_growth_pct': 17.13, 'historical_mean': 76611.693}",2026-09-27 13:17:25.449549+05:30,False,,COMPLETED,,
674,560,IsolationForest_WorldBank,v_test_suite,IT,Italy,,,NY.GDP.PCAP.CD,GDP per capita (current US$),2021,36852.5425,-0.004437,True,"{'z_score': -0.0174, 'peer_mean': 18898.3228, 'hist_ratio': 0.998, 'peer_z_score': 0.6211, 'historical_std': 4232.1793, 'yoy_growth_pct': 14.84, 'historical_mean': 36926.2362}",2026-09-27 13:17:25.449549+05:30,False,,COMPLETED,,
675,5917,IsolationForest_WorldBank,v_test_suite,IT,Italy,,,NY.GDP.PCAP.CD,GDP per capita (current US$),2025,43308.6403,-0.062854,True,"{'z_score': 1.5081, 'peer_mean': 18596.8906, 'hist_ratio': 1.1728, 'peer_z_score': 1.0, 'historical_std': 4232.1793, 'yoy_growth_pct': 7.12, 'historical_mean': 36926.2362}",2026-09-27 13:17:25.449549+05:30,False,,COMPLETED,,
676,342,IsolationForest_WorldBank,v_test_suite,JG,Channel Islands,,,NY.GDP.PCAP.CD,GDP per capita (current US$),2020,56785.9402,-0.007971,True,"{'z_score': -1.068, 'peer_mean': 16362.3751, 'hist_ratio': 0.9269, 'peer_z_score': 1.6565, 'historical_std': 4191.6597, 'yoy_growth_pct': -6.24, 'historical_mean': 61262.6946}",2026-09-27 13:17:25.449549+05:30,False,,COMPLETED,,
677,341,IsolationForest_WorldBank,v_test_suite,JG,Channel Islands,,,NY.GDP.PCAP.CD,GDP per capita (current US$),2021,66915.3964,-0.101613,True,"{'z_score': 1.3486, 'peer_mean': 18898.3228, 'hist_ratio': 1.0923, 'peer_z_score': 1.661, 'historical_std': 4191.6597, 'yoy_growth_pct': 17.84, 'historical_mean': 61262.6946}",2026-09-27 13:17:25.449549+05:30,False,,COMPLETED,,
678,565,IsolationForest_WorldBank,v_test_suite,JM,Jamaica,,,NY.GDP.PCAP.CD,GDP per capita (current US$),2020,5299.0453,-0.039301,True,"{'z_score': -1.0067, 'peer_mean': 16362.3751, 'hist_ratio': 0.8218, 'peer_z_score': -0.4534, 'historical_std': 1141.5178, 'yoy_growth_pct': -12.13, 'historical_mean': 6448.1748}",2026-09-27 13:17:25.449549+05:30,False,,COMPLETED,,
679,5919,IsolationForest_WorldBank,v_test_suite,JM,Jamaica,,,NY.GDP.PCAP.CD,GDP per capita (current US$),2025,8002.9210,-0.000370,True,"{'z_score': 1.362, 'peer_mean': 18596.8906, 'hist_ratio': 1.2411, 'peer_z_score': -0.4287, 'historical_std': 1141.5178, 'yoy_growth_pct': 3.21, 'historical_mean': 6448.1748}",2026-09-27 13:17:25.449549+05:30,False,,COMPLETED,,
680,5923,IsolationForest_WorldBank,v_test_suite,JO,Jordan,,,NY.GDP.PCAP.CD,GDP per capita (current US$),2025,5347.7773,-0.002166,True,"{'z_score': 1.6076, 'peer_mean': 18596.8906, 'hist_ratio': 1.1256, 'peer_z_score': -0.5361, 'historical_std': 371.154, 'yoy_growth_pct': 5.4, 'historical_mean': 4751.1119}",2026-09-27 13:17:25.449549+05:30,False,,COMPLETED,,
681,5927,IsolationForest_WorldBank,v_test_suite,KE,Kenya,,,NY.GDP.PCAP.CD,GDP per capita (current US$),2025,2362.8609,-0.071433,True,"{'z_score': 1.6954, 'peer_mean': 18596.8906, 'hist_ratio': 1.1543, 'peer_z_score': -0.6569, 'historical_std': 186.2896, 'yoy_growth_pct': 10.75, 'historical_mean': 2047.0341}",2026-09-27 13:17:25.449549+05:30,False,,COMPLETED,,
683,602,IsolationForest_WorldBank,v_test_suite,KG,Kyrgyz Republic,,,NY.GDP.PCAP.CD,GDP per capita (current US$),2019,1421.9993,-0.035888,True,"{'z_score': -0.4981, 'peer_mean': 17618.8353, 'hist_ratio': 0.7841, 'peer_z_score': -0.6296, 'historical_std': 785.918, 'yoy_growth_pct': 10.79, 'historical_mean': 1813.469}",2026-09-27 13:17:25.449549+05:30,False,,COMPLETED,,
684,601,IsolationForest_WorldBank,v_test_suite,KG,Kyrgyz Republic,,,NY.GDP.PCAP.CD,GDP per capita (current US$),2020,1229.5177,-0.092260,True,"{'z_score': -0.743, 'peer_mean': 16362.3751, 'hist_ratio': 0.678, 'peer_z_score': -0.6201, 'historical_std': 785.918, 'yoy_growth_pct': -13.54, 'historical_mean': 1813.469}",2026-09-27 13:17:25.449549+05:30,False,,COMPLETED,,
685,600,IsolationForest_WorldBank,v_test_suite,KG,Kyrgyz Republic,,,NY.GDP.PCAP.CD,GDP per capita (current US$),2021,1349.9973,-0.039660,True,"{'z_score': -0.5897, 'peer_mean': 18898.3228, 'hist_ratio': 0.7444, 'peer_z_score': -0.607, 'historical_std': 785.918, 'yoy_growth_pct': 9.8, 'historical_mean': 1813.469}",2026-09-27 13:17:25.449549+05:30,False,,COMPLETED,,
686,5938,IsolationForest_WorldBank,v_test_suite,KG,Kyrgyz Republic,,,NY.GDP.PCAP.CD,GDP per capita (current US$),2024,2514.8107,-0.042498,True,"{'z_score': 0.8924, 'peer_mean': 20818.9195, 'hist_ratio': 1.3867, 'peer_z_score': -0.5515, 'historical_std': 785.918, 'yoy_growth_pct': 0.0, 'historical_mean': 1813.469}",2026-09-27 13:17:25.449549+05:30,False,,COMPLETED,,
863,4006,IsolationForest_WorldBank,v_test_suite,SS,South Sudan,,,SH.H2O.BASW.ZS,People using at least basic drinking water services (% of population),2019,39.9136,-0.013832,True,"{'z_score': 0.6072, 'peer_mean': 88.8323, 'hist_ratio': 1.0022, 'peer_z_score': -3.3364, 'historical_std': 0.1436, 'yoy_growth_pct': -0.27, 'historical_mean': 39.8264}",2026-09-27 13:17:25.449549+05:30,False,,COMPLETED,,
682,603,IsolationForest_WorldBank,v_test_suite,KG,Kyrgyz Republic,,,NY.GDP.PCAP.CD,GDP per capita (current US$),2018,1283.5203,-0.018110,True,"{'z_score': -0.6743, 'peer_mean': 17653.2755, 'hist_ratio': 0.7078, 'peer_z_score': -0.6291, 'historical_std': 785.918, 'yoy_growth_pct': 0.0, 'historical_mean': 1813.469}",2026-09-27 13:17:25.449549+05:30,False,,COMPLETED,,
687,5937,IsolationForest_WorldBank,v_test_suite,KG,Kyrgyz Republic,,,NY.GDP.PCAP.CD,GDP per capita (current US$),2025,3080.9689,-0.187974,True,"{'z_score': 1.6128, 'peer_mean': 18596.8906, 'hist_ratio': 1.6989, 'peer_z_score': -0.6279, 'historical_std': 785.918, 'yoy_growth_pct': 22.51, 'historical_mean': 1813.469}",2026-09-27 13:17:25.449549+05:30,False,,COMPLETED,,
688,5809,IsolationForest_WorldBank,v_test_suite,KH,Cambodia,,,NY.GDP.PCAP.CD,GDP per capita (current US$),2025,2872.4293,-0.062194,True,"{'z_score': 1.5939, 'peer_mean': 18596.8906, 'hist_ratio': 1.23, 'peer_z_score': -0.6363, 'historical_std': 336.9701, 'yoy_growth_pct': 9.31, 'historical_mean': 2335.3337}",2026-09-27 13:17:25.449549+05:30,False,,COMPLETED,,
689,586,IsolationForest_WorldBank,v_test_suite,KI,Kiribati,,,NY.GDP.PCAP.CD,GDP per capita (current US$),2019,1750.2404,-0.023461,True,"{'z_score': -1.0, 'peer_mean': 17618.8353, 'hist_ratio': 0.8236, 'peer_z_score': -0.6168, 'historical_std': 374.9062, 'yoy_growth_pct': -8.63, 'historical_mean': 2125.144}",2026-09-27 13:17:25.449549+05:30,False,,COMPLETED,,
690,584,IsolationForest_WorldBank,v_test_suite,KI,Kiribati,,,NY.GDP.PCAP.CD,GDP per capita (current US$),2021,2223.5415,-0.067170,True,"{'z_score': 0.2625, 'peer_mean': 18898.3228, 'hist_ratio': 1.0463, 'peer_z_score': -0.5768, 'historical_std': 374.9062, 'yoy_growth_pct': 26.92, 'historical_mean': 2125.144}",2026-09-27 13:17:25.449549+05:30,False,,COMPLETED,,
691,5826,IsolationForest_WorldBank,v_test_suite,KM,Comoros,,,NY.GDP.PCAP.CD,GDP per capita (current US$),2025,2055.7592,-0.082090,True,"{'z_score': 1.6743, 'peer_mean': 18596.8906, 'hist_ratio': 1.2226, 'peer_z_score': -0.6693, 'historical_std': 223.5751, 'yoy_growth_pct': 10.65, 'historical_mean': 1681.4175}",2026-09-27 13:17:25.449549+05:30,False,,COMPLETED,,
692,893,IsolationForest_WorldBank,v_test_suite,KN,St. Kitts and Nevis,,,NY.GDP.PCAP.CD,GDP per capita (current US$),2020,18859.0190,-0.080860,True,"{'z_score': -1.1555, 'peer_mean': 16362.3751, 'hist_ratio': 0.8514, 'peer_z_score': 0.1023, 'historical_std': 2848.2259, 'yoy_growth_pct': -20.07, 'historical_mean': 22150.1195}",2026-09-27 13:17:25.449549+05:30,False,,COMPLETED,,
693,892,IsolationForest_WorldBank,v_test_suite,KN,St. Kitts and Nevis,,,NY.GDP.PCAP.CD,GDP per capita (current US$),2021,18361.1450,-0.010459,True,"{'z_score': -1.3303, 'peer_mean': 18898.3228, 'hist_ratio': 0.8289, 'peer_z_score': -0.0186, 'historical_std': 2848.2259, 'yoy_growth_pct': -2.64, 'historical_mean': 22150.1195}",2026-09-27 13:17:25.449549+05:30,False,,COMPLETED,,
694,588,IsolationForest_WorldBank,v_test_suite,KR,"Korea, Rep.",,,NY.GDP.PCAP.CD,GDP per capita (current US$),2021,37518.4635,-0.037834,True,"{'z_score': 1.3566, 'peer_mean': 18898.3228, 'hist_ratio': 1.0577, 'peer_z_score': 0.6441, 'historical_std': 1509.8804, 'yoy_growth_pct': 11.51, 'historical_mean': 35470.1228}",2026-09-27 13:17:25.449549+05:30,False,,COMPLETED,,
695,597,IsolationForest_WorldBank,v_test_suite,KW,Kuwait,,,NY.GDP.PCAP.CD,GDP per capita (current US$),2020,25236.0756,-0.161173,True,"{'z_score': -1.9717, 'peer_mean': 16362.3751, 'hist_ratio': 0.8046, 'peer_z_score': 0.3636, 'historical_std': 3109.2393, 'yoy_growth_pct': -20.41, 'historical_mean': 31366.4298}",2026-09-27 13:17:25.449549+05:30,False,,COMPLETED,,
696,596,IsolationForest_WorldBank,v_test_suite,KW,Kuwait,,,NY.GDP.PCAP.CD,GDP per capita (current US$),2021,34018.6343,-0.110765,True,"{'z_score': 0.853, 'peer_mean': 18898.3228, 'hist_ratio': 1.0846, 'peer_z_score': 0.5231, 'historical_std': 3109.2393, 'yoy_growth_pct': 34.8, 'historical_mean': 31366.4298}",2026-09-27 13:17:25.449549+05:30,False,,COMPLETED,,
697,331,IsolationForest_WorldBank,v_test_suite,KY,Cayman Islands,,,NY.GDP.PCAP.CD,GDP per capita (current US$),2019,88254.2904,-0.005521,True,"{'z_score': -0.089, 'peer_mean': 17618.8353, 'hist_ratio': 0.9912, 'peer_z_score': 2.7457, 'historical_std': 8826.9348, 'yoy_growth_pct': 5.23, 'historical_mean': 89040.2434}",2026-09-27 13:17:25.449549+05:30,False,,COMPLETED,,
698,330,IsolationForest_WorldBank,v_test_suite,KY,Cayman Islands,,,NY.GDP.PCAP.CD,GDP per capita (current US$),2020,82338.7977,-0.040468,True,"{'z_score': -0.7592, 'peer_mean': 16362.3751, 'hist_ratio': 0.9247, 'peer_z_score': 2.7037, 'historical_std': 8826.9348, 'yoy_growth_pct': -6.7, 'historical_mean': 89040.2434}",2026-09-27 13:17:25.449549+05:30,False,,COMPLETED,,
704,615,IsolationForest_WorldBank,v_test_suite,LB,Lebanon,,,NY.GDP.PCAP.CD,GDP per capita (current US$),2018,9174.5367,-0.055208,True,"{'z_score': 1.1212, 'peer_mean': 17653.2755, 'hist_ratio': 1.4264, 'peer_z_score': -0.3259, 'historical_std': 2446.0427, 'yoy_growth_pct': 0.0, 'historical_mean': 6432.0507}",2026-09-27 13:17:25.449549+05:30,False,,COMPLETED,,
731,626,IsolationForest_WorldBank,v_test_suite,LY,Libya,,,NY.GDP.PCAP.CD,GDP per capita (current US$),2019,9963.1949,-0.080203,True,"{'z_score': 0.9715, 'peer_mean': 17618.8353, 'hist_ratio': 1.3063, 'peer_z_score': -0.2976, 'historical_std': 2404.2936, 'yoy_growth_pct': -11.02, 'historical_mean': 7627.3224}",2026-09-27 13:17:25.449549+05:30,False,,COMPLETED,,
751,5957,IsolationForest_WorldBank,v_test_suite,MG,Madagascar,,,NY.GDP.PCAP.CD,GDP per capita (current US$),2025,599.2653,-0.049037,True,"{'z_score': 1.6162, 'peer_mean': 18596.8906, 'hist_ratio': 1.1658, 'peer_z_score': -0.7283, 'historical_std': 52.741, 'yoy_growth_pct': 8.88, 'historical_mean': 514.0269}",2026-09-27 13:17:25.449549+05:30,False,,COMPLETED,,
791,6801,IsolationForest_WorldBank,v_test_suite,NG,Nigeria,,,SP.DYN.LE00.IN,"Life expectancy at birth, total (years)",2024,54.6350,-0.028209,True,"{'z_score': 1.6644, 'peer_mean': 73.7098, 'hist_ratio': 1.0237, 'peer_z_score': -2.7298, 'historical_std': 0.7612, 'yoy_growth_pct': 0.0, 'historical_mean': 53.368}",2026-09-27 13:17:25.449549+05:30,False,,COMPLETED,,
792,6003,IsolationForest_WorldBank,v_test_suite,NI,Nicaragua,,,NY.GDP.PCAP.CD,GDP per capita (current US$),2025,3173.3372,-0.108693,True,"{'z_score': 1.5629, 'peer_mean': 18596.8906, 'hist_ratio': 1.3511, 'peer_z_score': -0.6241, 'historical_std': 527.6759, 'yoy_growth_pct': 11.43, 'historical_mean': 2348.6387}",2026-09-27 13:17:25.449549+05:30,False,,COMPLETED,,
846,849,IsolationForest_WorldBank,v_test_suite,SC,Seychelles,,,NY.GDP.PCAP.CD,GDP per capita (current US$),2020,14041.4754,-0.138993,True,"{'z_score': -1.464, 'peer_mean': 16362.3751, 'hist_ratio': 0.8068, 'peer_z_score': -0.0951, 'historical_std': 2296.396, 'yoy_growth_pct': -26.64, 'historical_mean': 17403.3403}",2026-09-27 13:17:25.449549+05:30,False,,COMPLETED,,
847,907,IsolationForest_WorldBank,v_test_suite,SD,Sudan,,,NY.GDP.PCAP.CD,GDP per capita (current US$),2020,577.7952,-0.128227,True,"{'z_score': -1.0845, 'peer_mean': 16362.3751, 'hist_ratio': 0.7104, 'peer_z_score': -0.6468, 'historical_std': 217.1912, 'yoy_growth_pct': -18.62, 'historical_mean': 813.3446}",2026-09-27 13:17:25.449549+05:30,False,,COMPLETED,,
848,906,IsolationForest_WorldBank,v_test_suite,SD,Sudan,,,NY.GDP.PCAP.CD,GDP per capita (current US$),2021,712.1220,-0.062764,True,"{'z_score': -0.4661, 'peer_mean': 18898.3228, 'hist_ratio': 0.8755, 'peer_z_score': -0.6291, 'historical_std': 217.1912, 'yoy_growth_pct': 23.25, 'historical_mean': 813.3446}",2026-09-27 13:17:25.449549+05:30,False,,COMPLETED,,
849,6081,IsolationForest_WorldBank,v_test_suite,SD,Sudan,,,NY.GDP.PCAP.CD,GDP per capita (current US$),2025,1164.5399,-0.163254,True,"{'z_score': 1.617, 'peer_mean': 18596.8906, 'hist_ratio': 1.4318, 'peer_z_score': -0.7054, 'historical_std': 217.1912, 'yoy_growth_pct': 18.27, 'historical_mean': 813.3446}",2026-09-27 13:17:25.449549+05:30,False,,COMPLETED,,
881,97,IsolationForest_WorldBank,v_test_suite,T2,Latin America & the Caribbean (IDA & IBRD countries),,,NY.GDP.PCAP.CD,GDP per capita (current US$),2021,8076.8763,-0.007575,True,"{'z_score': -0.5461, 'peer_mean': 18898.3228, 'hist_ratio': 0.9094, 'peer_z_score': -0.3743, 'historical_std': 1473.6232, 'yoy_growth_pct': 15.96, 'historical_mean': 8881.6579}",2026-09-27 13:17:25.449549+05:30,False,,COMPLETED,,
936,1006,IsolationForest_WorldBank,v_test_suite,VE,"Venezuela, RB",,,NY.GDP.PCAP.CD,GDP per capita (current US$),2021,2004.9357,-0.107738,True,"{'z_score': -0.4387, 'peer_mean': 18898.3228, 'hist_ratio': 0.8481, 'peer_z_score': -0.5844, 'historical_std': 818.2648, 'yoy_growth_pct': 33.13, 'historical_mean': 2363.9015}",2026-09-27 13:17:25.449549+05:30,False,,COMPLETED,,
995,5701,IsolationForest_WorldBank,v_test_suite,ZJ,Latin America & Caribbean,,,NY.GDP.PCAP.CD,GDP per capita (current US$),2025,11095.2177,-0.008290,True,"{'z_score': 1.3262, 'peer_mean': 18596.8906, 'hist_ratio': 1.2197, 'peer_z_score': -0.3036, 'historical_std': 1506.9195, 'yoy_growth_pct': 3.64, 'historical_mean': 9096.7308}",2026-09-27 13:17:25.449549+05:30,False,,COMPLETED,,
996,1025,IsolationForest_WorldBank,v_test_suite,ZM,Zambia,,,NY.GDP.PCAP.CD,GDP per capita (current US$),2019,1258.9862,-0.024445,True,"{'z_score': 0.271, 'peer_mean': 17618.8353, 'hist_ratio': 1.0488, 'peer_z_score': -0.6359, 'historical_std': 216.108, 'yoy_growth_pct': -14.0, 'historical_mean': 1200.4228}",2026-09-27 13:17:25.449549+05:30,False,,COMPLETED,,
997,1024,IsolationForest_WorldBank,v_test_suite,ZM,Zambia,,,NY.GDP.PCAP.CD,GDP per capita (current US$),2020,951.6443,-0.110726,True,"{'z_score': -1.1512, 'peer_mean': 16362.3751, 'hist_ratio': 0.7928, 'peer_z_score': -0.6315, 'historical_std': 216.108, 'yoy_growth_pct': -24.41, 'historical_mean': 1200.4228}",2026-09-27 13:17:25.449549+05:30,False,,COMPLETED,,
998,1023,IsolationForest_WorldBank,v_test_suite,ZM,Zambia,,,NY.GDP.PCAP.CD,GDP per capita (current US$),2021,1127.1608,-0.022147,True,"{'z_score': -0.339, 'peer_mean': 18898.3228, 'hist_ratio': 0.939, 'peer_z_score': -0.6148, 'historical_std': 216.108, 'yoy_growth_pct': 18.44, 'historical_mean': 1200.4228}",2026-09-27 13:17:25.449549+05:30,False,,COMPLETED,,
999,118,IsolationForest_WorldBank,v_test_suite,ZQ,"Middle East, North Africa, Afghanistan & Pakistan",,,NY.GDP.PCAP.CD,GDP per capita (current US$),2020,4749.1434,-0.080544,True,"{'z_score': -1.5815, 'peer_mean': 16362.3751, 'hist_ratio': 0.8427, 'peer_z_score': -0.4759, 'historical_std': 560.69, 'yoy_growth_pct': -12.31, 'historical_mean': 5635.8904}",2026-09-27 13:17:25.449549+05:30,False,,COMPLETED,,
1000,117,IsolationForest_WorldBank,v_test_suite,ZQ,"Middle East, North Africa, Afghanistan & Pakistan",,,NY.GDP.PCAP.CD,GDP per capita (current US$),2021,5622.1913,-0.004245,True,"{'z_score': -0.0244, 'peer_mean': 18898.3228, 'hist_ratio': 0.9976, 'peer_z_score': -0.4593, 'historical_std': 560.69, 'yoy_growth_pct': 18.38, 'historical_mean': 5635.8904}",2026-09-27 13:17:25.449549+05:30,False,,COMPLETED,,
1001,1102,IsolationForest_WorldBank,v_test_suite,ZT,IDA & IBRD total,,,SP.POP.TOTL,"Population, total",2018,6517257782.0000,-0.086286,True,"{'z_score': -1.1776, 'peer_mean': 310896968.8636, 'hist_ratio': 0.9673, 'peer_z_score': 6.3829, 'historical_std': 187328781.4294, 'yoy_growth_pct': 0.0, 'historical_mean': 6737846931.6667}",2026-09-27 13:17:25.449549+05:30,False,,COMPLETED,,
705,614,IsolationForest_WorldBank,v_test_suite,LB,Lebanon,,,NY.GDP.PCAP.CD,GDP per capita (current US$),2019,8905.8801,-0.033468,True,"{'z_score': 1.0114, 'peer_mean': 17618.8353, 'hist_ratio': 1.3846, 'peer_z_score': -0.3387, 'historical_std': 2446.0427, 'yoy_growth_pct': -2.93, 'historical_mean': 6432.0507}",2026-09-27 13:17:25.449549+05:30,False,,COMPLETED,,
707,612,IsolationForest_WorldBank,v_test_suite,LB,Lebanon,,,NY.GDP.PCAP.CD,GDP per capita (current US$),2021,4045.3739,-0.155562,True,"{'z_score': -0.9757, 'peer_mean': 18898.3228, 'hist_ratio': 0.6289, 'peer_z_score': -0.5138, 'historical_std': 2446.0427, 'yoy_growth_pct': -27.26, 'historical_mean': 6432.0507}",2026-09-27 13:17:25.449549+05:30,False,,COMPLETED,,
708,5943,IsolationForest_WorldBank,v_test_suite,LB,Lebanon,,,NY.GDP.PCAP.CD,GDP per capita (current US$),2024,4473.2713,-0.009143,True,"{'z_score': -0.8008, 'peer_mean': 20818.9195, 'hist_ratio': 0.6955, 'peer_z_score': -0.4925, 'historical_std': 2446.0427, 'yoy_growth_pct': 0.0, 'historical_mean': 6432.0507}",2026-09-27 13:17:25.449549+05:30,False,,COMPLETED,,
709,897,IsolationForest_WorldBank,v_test_suite,LC,St. Lucia,,,NY.GDP.PCAP.CD,GDP per capita (current US$),2020,8537.1150,-0.145854,True,"{'z_score': -1.4341, 'peer_mean': 16362.3751, 'hist_ratio': 0.7148, 'peer_z_score': -0.3207, 'historical_std': 2375.7466, 'yoy_growth_pct': -27.43, 'historical_mean': 11944.1347}",2026-09-27 13:17:25.449549+05:30,False,,COMPLETED,,
710,896,IsolationForest_WorldBank,v_test_suite,LC,St. Lucia,,,NY.GDP.PCAP.CD,GDP per capita (current US$),2021,10481.1234,-0.047928,True,"{'z_score': -0.6158, 'peer_mean': 18898.3228, 'hist_ratio': 0.8775, 'peer_z_score': -0.2912, 'historical_std': 2375.7466, 'yoy_growth_pct': 22.77, 'historical_mean': 11944.1347}",2026-09-27 13:17:25.449549+05:30,False,,COMPLETED,,
711,6077,IsolationForest_WorldBank,v_test_suite,LC,St. Lucia,,,NY.GDP.PCAP.CD,GDP per capita (current US$),2025,14745.8184,-0.008060,True,"{'z_score': 1.1793, 'peer_mean': 18596.8906, 'hist_ratio': 1.2346, 'peer_z_score': -0.1558, 'historical_std': 2375.7466, 'yoy_growth_pct': 1.74, 'historical_mean': 11944.1347}",2026-09-27 13:17:25.449549+05:30,False,,COMPLETED,,
712,631,IsolationForest_WorldBank,v_test_suite,LI,Liechtenstein,,,NY.GDP.PCAP.CD,GDP per capita (current US$),2018,174988.7751,-0.078822,True,"{'z_score': -0.4423, 'peer_mean': 17653.2755, 'hist_ratio': 0.9421, 'peer_z_score': 6.0466, 'historical_std': 24300.0423, 'yoy_growth_pct': 0.0, 'historical_mean': 185735.9528}",2026-09-27 13:17:25.449549+05:30,False,,COMPLETED,,
713,630,IsolationForest_WorldBank,v_test_suite,LI,Liechtenstein,,,NY.GDP.PCAP.CD,GDP per capita (current US$),2019,166907.8393,-0.098929,True,"{'z_score': -0.7748, 'peer_mean': 17618.8353, 'hist_ratio': 0.8986, 'peer_z_score': 5.8031, 'historical_std': 24300.0423, 'yoy_growth_pct': -4.62, 'historical_mean': 185735.9528}",2026-09-27 13:17:25.449549+05:30,False,,COMPLETED,,
714,629,IsolationForest_WorldBank,v_test_suite,LI,Liechtenstein,,,NY.GDP.PCAP.CD,GDP per capita (current US$),2020,164671.0936,-0.089060,True,"{'z_score': -0.8669, 'peer_mean': 16362.3751, 'hist_ratio': 0.8866, 'peer_z_score': 6.0776, 'historical_std': 24300.0423, 'yoy_growth_pct': -1.34, 'historical_mean': 185735.9528}",2026-09-27 13:17:25.449549+05:30,False,,COMPLETED,,
715,628,IsolationForest_WorldBank,v_test_suite,LI,Liechtenstein,,,NY.GDP.PCAP.CD,GDP per capita (current US$),2021,201944.8303,-0.199130,True,"{'z_score': 0.667, 'peer_mean': 18898.3228, 'hist_ratio': 1.0873, 'peer_z_score': 6.3321, 'historical_std': 24300.0423, 'yoy_growth_pct': 22.64, 'historical_mean': 185735.9528}",2026-09-27 13:17:25.449549+05:30,False,,COMPLETED,,
716,5950,IsolationForest_WorldBank,v_test_suite,LI,Liechtenstein,,,NY.GDP.PCAP.CD,GDP per capita (current US$),2024,220167.2255,-0.141917,True,"{'z_score': 1.4169, 'peer_mean': 20818.9195, 'hist_ratio': 1.1854, 'peer_z_score': 6.0064, 'historical_std': 24300.0423, 'yoy_growth_pct': 0.0, 'historical_mean': 185735.9528}",2026-09-27 13:17:25.449549+05:30,False,,COMPLETED,,
717,6073,IsolationForest_WorldBank,v_test_suite,LK,Sri Lanka,,,NY.GDP.PCAP.CD,GDP per capita (current US$),2025,5002.0790,-0.057441,True,"{'z_score': 1.6417, 'peer_mean': 18596.8906, 'hist_ratio': 1.1618, 'peer_z_score': -0.5501, 'historical_std': 424.3614, 'yoy_growth_pct': 10.05, 'historical_mean': 4305.4186}",2026-09-27 13:17:25.449549+05:30,False,,COMPLETED,,
718,5946,IsolationForest_WorldBank,v_test_suite,LR,Liberia,,,NY.GDP.PCAP.CD,GDP per capita (current US$),2025,915.3290,-0.054090,True,"{'z_score': 1.511, 'peer_mean': 18596.8906, 'hist_ratio': 1.2476, 'peer_z_score': -0.7155, 'historical_std': 120.2351, 'yoy_growth_pct': 7.5, 'historical_mean': 733.658}",2026-09-27 13:17:25.449549+05:30,False,,COMPLETED,,
719,6769,IsolationForest_WorldBank,v_test_suite,LR,Liberia,,,SP.DYN.LE00.IN,"Life expectancy at birth, total (years)",2024,62.3240,-0.007978,True,"{'z_score': 1.7545, 'peer_mean': 73.7098, 'hist_ratio': 1.0151, 'peer_z_score': -1.6294, 'historical_std': 0.528, 'yoy_growth_pct': 0.0, 'historical_mean': 61.3976}",2026-09-27 13:17:25.449549+05:30,False,,COMPLETED,,
720,617,IsolationForest_WorldBank,v_test_suite,LS,Lesotho,,,NY.GDP.PCAP.CD,GDP per capita (current US$),2020,918.5826,-0.106959,True,"{'z_score': -1.671, 'peer_mean': 16362.3751, 'hist_ratio': 0.868, 'peer_z_score': -0.6329, 'historical_std': 83.6195, 'yoy_growth_pct': -15.11, 'historical_mean': 1058.3145}",2026-09-27 13:17:25.449549+05:30,False,,COMPLETED,,
721,6768,IsolationForest_WorldBank,v_test_suite,LS,Lesotho,,,SP.DYN.LE00.IN,"Life expectancy at birth, total (years)",2024,57.7980,-0.037014,True,"{'z_score': 1.7086, 'peer_mean': 73.7098, 'hist_ratio': 1.0432, 'peer_z_score': -2.2772, 'historical_std': 1.4003, 'yoy_growth_pct': 0.0, 'historical_mean': 55.4054}",2026-09-27 13:17:25.449549+05:30,False,,COMPLETED,,
722,5951,IsolationForest_WorldBank,v_test_suite,LT,Lithuania,,,NY.GDP.PCAP.CD,GDP per capita (current US$),2025,32958.6706,-0.118889,True,"{'z_score': 1.5057, 'peer_mean': 18596.8906, 'hist_ratio': 1.357, 'peer_z_score': 0.5811, 'historical_std': 5758.4904, 'yoy_growth_pct': 11.33, 'historical_mean': 24288.3314}",2026-09-27 13:17:25.449549+05:30,False,,COMPLETED,,
723,639,IsolationForest_WorldBank,v_test_suite,LU,Luxembourg,,,NY.GDP.PCAP.CD,GDP per capita (current US$),2018,116926.7596,-0.010201,True,"{'z_score': -0.7669, 'peer_mean': 17653.2755, 'hist_ratio': 0.9153, 'peer_z_score': 3.8152, 'historical_std': 14109.3938, 'yoy_growth_pct': 0.0, 'historical_mean': 127747.1855}",2026-09-27 13:17:25.449549+05:30,False,,COMPLETED,,
724,638,IsolationForest_WorldBank,v_test_suite,LU,Luxembourg,,,NY.GDP.PCAP.CD,GDP per capita (current US$),2019,112696.6491,-0.072509,True,"{'z_score': -1.0667, 'peer_mean': 17618.8353, 'hist_ratio': 0.8822, 'peer_z_score': 3.6958, 'historical_std': 14109.3938, 'yoy_growth_pct': -3.62, 'historical_mean': 127747.1855}",2026-09-27 13:17:25.449549+05:30,False,,COMPLETED,,
725,637,IsolationForest_WorldBank,v_test_suite,LU,Luxembourg,,,NY.GDP.PCAP.CD,GDP per capita (current US$),2020,116860.0282,-0.056139,True,"{'z_score': -0.7716, 'peer_mean': 16362.3751, 'hist_ratio': 0.9148, 'peer_z_score': 4.1183, 'historical_std': 14109.3938, 'yoy_growth_pct': 3.69, 'historical_mean': 127747.1855}",2026-09-27 13:17:25.449549+05:30,False,,COMPLETED,,
726,636,IsolationForest_WorldBank,v_test_suite,LU,Luxembourg,,,NY.GDP.PCAP.CD,GDP per capita (current US$),2021,134965.8154,-0.116745,True,"{'z_score': 0.5116, 'peer_mean': 18898.3228, 'hist_ratio': 1.0565, 'peer_z_score': 4.0151, 'historical_std': 14109.3938, 'yoy_growth_pct': 15.49, 'historical_mean': 127747.1855}",2026-09-27 13:17:25.449549+05:30,False,,COMPLETED,,
727,5954,IsolationForest_WorldBank,v_test_suite,LU,Luxembourg,,,NY.GDP.PCAP.CD,GDP per capita (current US$),2024,137781.6817,-0.037034,True,"{'z_score': 0.7112, 'peer_mean': 20818.9195, 'hist_ratio': 1.0785, 'peer_z_score': 3.5241, 'historical_std': 14109.3938, 'yoy_growth_pct': 0.0, 'historical_mean': 127747.1855}",2026-09-27 13:17:25.449549+05:30,False,,COMPLETED,,
625,5890,IsolationForest_WorldBank,v_test_suite,GN,Guinea,,,NY.GDP.PCAP.CD,GDP per capita (current US$),2024,1694.9538,-0.010827,True,"{'z_score': 0.9983, 'peer_mean': 20818.9195, 'hist_ratio': 1.2979, 'peer_z_score': -0.5762, 'historical_std': 389.7124, 'yoy_growth_pct': 0.0, 'historical_mean': 1305.9083}",2026-09-27 13:17:25.449549+05:30,False,,COMPLETED,,
626,5889,IsolationForest_WorldBank,v_test_suite,GN,Guinea,,,NY.GDP.PCAP.CD,GDP per capita (current US$),2025,1877.2541,-0.116688,True,"{'z_score': 1.4661, 'peer_mean': 18596.8906, 'hist_ratio': 1.4375, 'peer_z_score': -0.6766, 'historical_std': 389.7124, 'yoy_growth_pct': 10.76, 'historical_mean': 1305.9083}",2026-09-27 13:17:25.449549+05:30,False,,COMPLETED,,
627,6738,IsolationForest_WorldBank,v_test_suite,GN,Guinea,,,SP.DYN.LE00.IN,"Life expectancy at birth, total (years)",2024,60.9040,-0.011879,True,"{'z_score': 1.7559, 'peer_mean': 73.7098, 'hist_ratio': 1.0217, 'peer_z_score': -1.8327, 'historical_std': 0.7371, 'yoy_growth_pct': 0.0, 'historical_mean': 59.6098}",2026-09-27 13:17:25.449549+05:30,False,,COMPLETED,,
628,426,IsolationForest_WorldBank,v_test_suite,GQ,Equatorial Guinea,,,NY.GDP.PCAP.CD,GDP per capita (current US$),2019,6804.1492,-0.007154,True,"{'z_score': -0.0908, 'peer_mean': 17618.8353, 'hist_ratio': 0.9901, 'peer_z_score': -0.4204, 'historical_std': 752.975, 'yoy_growth_pct': -16.02, 'historical_mean': 6872.5231}",2026-09-27 13:17:25.449549+05:30,False,,COMPLETED,,
629,425,IsolationForest_WorldBank,v_test_suite,GQ,Equatorial Guinea,,,NY.GDP.PCAP.CD,GDP per capita (current US$),2020,5764.0550,-0.095211,True,"{'z_score': -1.4721, 'peer_mean': 16362.3751, 'hist_ratio': 0.8387, 'peer_z_score': -0.4343, 'historical_std': 752.975, 'yoy_growth_pct': -15.29, 'historical_mean': 6872.5231}",2026-09-27 13:17:25.449549+05:30,False,,COMPLETED,,
631,481,IsolationForest_WorldBank,v_test_suite,GR,Greece,,,NY.GDP.PCAP.CD,GDP per capita (current US$),2020,17886.7332,-0.011919,True,"{'z_score': -1.0538, 'peer_mean': 16362.3751, 'hist_ratio': 0.8299, 'peer_z_score': 0.0625, 'historical_std': 3479.6843, 'yoy_growth_pct': -7.49, 'historical_mean': 21553.7578}",2026-09-27 13:17:25.449549+05:30,False,,COMPLETED,,
632,5883,IsolationForest_WorldBank,v_test_suite,GR,Greece,,,NY.GDP.PCAP.CD,GDP per capita (current US$),2025,26948.0070,-0.077038,True,"{'z_score': 1.5502, 'peer_mean': 18596.8906, 'hist_ratio': 1.2503, 'peer_z_score': 0.3379, 'historical_std': 3479.6843, 'yoy_growth_pct': 9.43, 'historical_mean': 21553.7578}",2026-09-27 13:17:25.449549+05:30,False,,COMPLETED,,
728,5953,IsolationForest_WorldBank,v_test_suite,LU,Luxembourg,,,NY.GDP.PCAP.CD,GDP per capita (current US$),2025,147252.1791,-0.151111,True,"{'z_score': 1.3824, 'peer_mean': 18596.8906, 'hist_ratio': 1.1527, 'peer_z_score': 5.206, 'historical_std': 14109.3938, 'yoy_growth_pct': 6.87, 'historical_mean': 127747.1855}",2026-09-27 13:17:25.449549+05:30,False,,COMPLETED,,
641,2607,IsolationForest_WorldBank,v_test_suite,GY,Guyana,,,SP.DYN.LE00.IN,"Life expectancy at birth, total (years)",2021,64.3230,-0.016137,True,"{'z_score': -1.639, 'peer_mean': 71.4652, 'hist_ratio': 0.9451, 'peer_z_score': -0.9569, 'historical_std': 2.2787, 'yoy_growth_pct': -5.06, 'historical_mean': 68.0578}",2026-09-27 13:17:25.449549+05:30,False,,COMPLETED,,
642,5899,IsolationForest_WorldBank,v_test_suite,HK,"Hong Kong SAR, China",,,NY.GDP.PCAP.CD,GDP per capita (current US$),2025,56983.0663,-0.027576,True,"{'z_score': 1.5365, 'peer_mean': 18596.8906, 'hist_ratio': 1.1245, 'peer_z_score': 1.5533, 'historical_std': 4107.2284, 'yoy_growth_pct': 4.99, 'historical_mean': 50672.3639}",2026-09-27 13:17:25.449549+05:30,False,,COMPLETED,,
643,517,IsolationForest_WorldBank,v_test_suite,HN,Honduras,,,NY.GDP.PCAP.CD,GDP per capita (current US$),2020,2307.6149,-0.015202,True,"{'z_score': -0.9816, 'peer_mean': 16362.3751, 'hist_ratio': 0.8133, 'peer_z_score': -0.576, 'historical_std': 539.6147, 'yoy_growth_pct': -7.78, 'historical_mean': 2837.3178}",2026-09-27 13:17:25.449549+05:30,False,,COMPLETED,,
644,516,IsolationForest_WorldBank,v_test_suite,HN,Honduras,,,NY.GDP.PCAP.CD,GDP per capita (current US$),2021,2735.1475,-0.007381,True,"{'z_score': -0.1893, 'peer_mean': 18898.3228, 'hist_ratio': 0.964, 'peer_z_score': -0.5591, 'historical_std': 539.6147, 'yoy_growth_pct': 18.53, 'historical_mean': 2837.3178}",2026-09-27 13:17:25.449549+05:30,False,,COMPLETED,,
645,5897,IsolationForest_WorldBank,v_test_suite,HN,Honduras,,,NY.GDP.PCAP.CD,GDP per capita (current US$),2025,3598.2145,-0.041003,True,"{'z_score': 1.4101, 'peer_mean': 18596.8906, 'hist_ratio': 1.2682, 'peer_z_score': -0.6069, 'historical_std': 539.6147, 'yoy_growth_pct': 5.34, 'historical_mean': 2837.3178}",2026-09-27 13:17:25.449549+05:30,False,,COMPLETED,,
646,378,IsolationForest_WorldBank,v_test_suite,HR,Croatia,,,NY.GDP.PCAP.CD,GDP per capita (current US$),2020,14807.5559,-0.017677,True,"{'z_score': -0.8334, 'peer_mean': 16362.3751, 'hist_ratio': 0.7741, 'peer_z_score': -0.0637, 'historical_std': 5185.6601, 'yoy_growth_pct': -4.86, 'historical_mean': 19129.0606}",2026-09-27 13:17:25.449549+05:30,False,,COMPLETED,,
729,5941,IsolationForest_WorldBank,v_test_suite,LV,Latvia,,,NY.GDP.PCAP.CD,GDP per capita (current US$),2025,26311.9731,-0.111985,True,"{'z_score': 1.5567, 'peer_mean': 18596.8906, 'hist_ratio': 1.2912, 'peer_z_score': 0.3122, 'historical_std': 3812.213, 'yoy_growth_pct': 11.59, 'historical_mean': 20377.3678}",2026-09-27 13:17:25.449549+05:30,False,,COMPLETED,,
730,627,IsolationForest_WorldBank,v_test_suite,LY,Libya,,,NY.GDP.PCAP.CD,GDP per capita (current US$),2018,11196.5855,-0.076993,True,"{'z_score': 1.4845, 'peer_mean': 17653.2755, 'hist_ratio': 1.468, 'peer_z_score': -0.2481, 'historical_std': 2404.2936, 'yoy_growth_pct': 0.0, 'historical_mean': 7627.3224}",2026-09-27 13:17:25.449549+05:30,False,,COMPLETED,,
732,625,IsolationForest_WorldBank,v_test_suite,LY,Libya,,,NY.GDP.PCAP.CD,GDP per capita (current US$),2020,6650.3381,-0.083258,True,"{'z_score': -0.4063, 'peer_mean': 16362.3751, 'hist_ratio': 0.8719, 'peer_z_score': -0.398, 'historical_std': 2404.2936, 'yoy_growth_pct': -33.25, 'historical_mean': 7627.3224}",2026-09-27 13:17:25.449549+05:30,False,,COMPLETED,,
733,624,IsolationForest_WorldBank,v_test_suite,LY,Libya,,,NY.GDP.PCAP.CD,GDP per capita (current US$),2021,4935.8279,-0.136812,True,"{'z_score': -1.1195, 'peer_mean': 18898.3228, 'hist_ratio': 0.6471, 'peer_z_score': -0.483, 'historical_std': 2404.2936, 'yoy_growth_pct': -25.78, 'historical_mean': 7627.3224}",2026-09-27 13:17:25.449549+05:30,False,,COMPLETED,,
734,5986,IsolationForest_WorldBank,v_test_suite,MA,Morocco,,,NY.GDP.PCAP.CD,GDP per capita (current US$),2025,4672.4683,-0.100725,True,"{'z_score': 1.6553, 'peer_mean': 18596.8906, 'hist_ratio': 1.2248, 'peer_z_score': -0.5635, 'historical_std': 518.0724, 'yoy_growth_pct': 12.5, 'historical_mean': 3814.9041}",2026-09-27 13:17:25.449549+05:30,False,,COMPLETED,,
735,695,IsolationForest_WorldBank,v_test_suite,MC,Monaco,,,NY.GDP.PCAP.CD,GDP per capita (current US$),2018,188298.3897,-0.088737,True,"{'z_score': -0.5774, 'peer_mean': 17653.2755, 'hist_ratio': 0.8793, 'peer_z_score': 6.5581, 'historical_std': 44778.3445, 'yoy_growth_pct': 0.0, 'historical_mean': 214152.3656}",2026-09-27 13:17:25.449549+05:30,False,,COMPLETED,,
736,694,IsolationForest_WorldBank,v_test_suite,MC,Monaco,,,NY.GDP.PCAP.CD,GDP per capita (current US$),2019,193746.7299,-0.101650,True,"{'z_score': -0.4557, 'peer_mean': 17618.8353, 'hist_ratio': 0.9047, 'peer_z_score': 6.8463, 'historical_std': 44778.3445, 'yoy_growth_pct': 2.89, 'historical_mean': 214152.3656}",2026-09-27 13:17:25.449549+05:30,False,,COMPLETED,,
737,693,IsolationForest_WorldBank,v_test_suite,MC,Monaco,,,NY.GDP.PCAP.CD,GDP per capita (current US$),2020,176891.8063,-0.157782,True,"{'z_score': -0.8321, 'peer_mean': 16362.3751, 'hist_ratio': 0.826, 'peer_z_score': 6.5784, 'historical_std': 44778.3445, 'yoy_growth_pct': -8.7, 'historical_mean': 214152.3656}",2026-09-27 13:17:25.449549+05:30,False,,COMPLETED,,
738,692,IsolationForest_WorldBank,v_test_suite,MC,Monaco,,,NY.GDP.PCAP.CD,GDP per capita (current US$),2021,223823.3272,-0.203357,True,"{'z_score': 0.216, 'peer_mean': 18898.3228, 'hist_ratio': 1.0452, 'peer_z_score': 7.0889, 'historical_std': 44778.3445, 'yoy_growth_pct': 26.53, 'historical_mean': 214152.3656}",2026-09-27 13:17:25.449549+05:30,False,,COMPLETED,,
739,5981,IsolationForest_WorldBank,v_test_suite,MC,Monaco,,,NY.GDP.PCAP.CD,GDP per capita (current US$),2024,288001.5749,-0.188149,True,"{'z_score': 1.6492, 'peer_mean': 20818.9195, 'hist_ratio': 1.3448, 'peer_z_score': 8.0503, 'historical_std': 44778.3445, 'yoy_growth_pct': 0.0, 'historical_mean': 214152.3656}",2026-09-27 13:17:25.449549+05:30,False,,COMPLETED,,
740,2795,IsolationForest_WorldBank,v_test_suite,MC,Monaco,,,SP.DYN.LE00.IN,"Life expectancy at birth, total (years)",2021,85.1130,-0.006008,True,"{'z_score': -1.6889, 'peer_mean': 71.4652, 'hist_ratio': 0.9898, 'peer_z_score': 1.8284, 'historical_std': 0.5174, 'yoy_growth_pct': -1.13, 'historical_mean': 85.9868}",2026-09-27 13:17:25.449549+05:30,False,,COMPLETED,,
742,690,IsolationForest_WorldBank,v_test_suite,MD,Moldova,,,NY.GDP.PCAP.CD,GDP per capita (current US$),2019,4405.3342,-0.002424,True,"{'z_score': -0.7, 'peer_mean': 17618.8353, 'hist_ratio': 0.7681, 'peer_z_score': -0.5136, 'historical_std': 1900.1256, 'yoy_growth_pct': 5.99, 'historical_mean': 5735.4647}",2026-09-27 13:17:25.449549+05:30,False,,COMPLETED,,
744,5980,IsolationForest_WorldBank,v_test_suite,MD,Moldova,,,NY.GDP.PCAP.CD,GDP per capita (current US$),2024,7578.9022,-0.005559,True,"{'z_score': 0.9702, 'peer_mean': 20818.9195, 'hist_ratio': 1.3214, 'peer_z_score': -0.3989, 'historical_std': 1900.1256, 'yoy_growth_pct': 0.0, 'historical_mean': 5735.4647}",2026-09-27 13:17:25.449549+05:30,False,,COMPLETED,,
745,5979,IsolationForest_WorldBank,v_test_suite,MD,Moldova,,,NY.GDP.PCAP.CD,GDP per capita (current US$),2025,8621.7172,-0.143875,True,"{'z_score': 1.519, 'peer_mean': 18596.8906, 'hist_ratio': 1.5032, 'peer_z_score': -0.4036, 'historical_std': 1900.1256, 'yoy_growth_pct': 13.76, 'historical_mean': 5735.4647}",2026-09-27 13:17:25.449549+05:30,False,,COMPLETED,,
746,701,IsolationForest_WorldBank,v_test_suite,ME,Montenegro,,,NY.GDP.PCAP.CD,GDP per capita (current US$),2020,7555.4870,-0.074892,True,"{'z_score': -0.9721, 'peer_mean': 16362.3751, 'hist_ratio': 0.7267, 'peer_z_score': -0.3609, 'historical_std': 2922.9567, 'yoy_growth_pct': -13.64, 'historical_mean': 10396.8705}",2026-09-27 13:17:25.449549+05:30,False,,COMPLETED,,
747,700,IsolationForest_WorldBank,v_test_suite,ME,Montenegro,,,NY.GDP.PCAP.CD,GDP per capita (current US$),2021,9315.8644,-0.052388,True,"{'z_score': -0.3698, 'peer_mean': 18898.3228, 'hist_ratio': 0.896, 'peer_z_score': -0.3315, 'historical_std': 2922.9567, 'yoy_growth_pct': 23.3, 'historical_mean': 10396.8705}",2026-09-27 13:17:25.449549+05:30,False,,COMPLETED,,
748,5984,IsolationForest_WorldBank,v_test_suite,ME,Montenegro,,,NY.GDP.PCAP.CD,GDP per capita (current US$),2025,14816.8380,-0.121941,True,"{'z_score': 1.5122, 'peer_mean': 18596.8906, 'hist_ratio': 1.4251, 'peer_z_score': -0.153, 'historical_std': 2922.9567, 'yoy_growth_pct': 11.66, 'historical_mean': 10396.8705}",2026-09-27 13:17:25.449549+05:30,False,,COMPLETED,,
749,6572,IsolationForest_WorldBank,v_test_suite,MF,St. Martin (French part),,,SP.POP.TOTL,"Population, total",2025,24941.0000,-0.006670,True,"{'z_score': -1.2689, 'peer_mean': 351395610.2008, 'hist_ratio': 0.8173, 'peer_z_score': -0.3298, 'historical_std': 4393.7077, 'yoy_growth_pct': -4.55, 'historical_mean': 30516.0}",2026-09-27 13:17:25.449549+05:30,False,,COMPLETED,,
750,645,IsolationForest_WorldBank,v_test_suite,MG,Madagascar,,,NY.GDP.PCAP.CD,GDP per capita (current US$),2020,450.7716,-0.028885,True,"{'z_score': -1.1994, 'peer_mean': 16362.3751, 'hist_ratio': 0.8769, 'peer_z_score': -0.652, 'historical_std': 52.741, 'yoy_growth_pct': -9.81, 'historical_mean': 514.0269}",2026-09-27 13:17:25.449549+05:30,False,,COMPLETED,,
752,7014,IsolationForest_WorldBank,v_test_suite,MG,Madagascar,,,SH.H2O.BASW.ZS,People using at least basic drinking water services (% of population),2024,55.3390,-0.031970,True,"{'z_score': 1.5669, 'peer_mean': 90.4725, 'hist_ratio': 1.0538, 'peer_z_score': -2.6028, 'historical_std': 1.8017, 'yoy_growth_pct': 0.0, 'historical_mean': 52.516}",2026-09-27 13:17:25.449549+05:30,False,,COMPLETED,,
753,5969,IsolationForest_WorldBank,v_test_suite,MH,Marshall Islands,,,NY.GDP.PCAP.CD,GDP per capita (current US$),2025,8489.0579,-0.105853,True,"{'z_score': 1.5051, 'peer_mean': 18596.8906, 'hist_ratio': 1.3331, 'peer_z_score': -0.409, 'historical_std': 1409.3192, 'yoy_growth_pct': 11.84, 'historical_mean': 6367.8471}",2026-09-27 13:17:25.449549+05:30,False,,COMPLETED,,
754,6009,IsolationForest_WorldBank,v_test_suite,MK,North Macedonia,,,NY.GDP.PCAP.CD,GDP per capita (current US$),2025,10489.9255,-0.118890,True,"{'z_score': 1.5926, 'peer_mean': 18596.8906, 'hist_ratio': 1.3252, 'peer_z_score': -0.328, 'historical_std': 1616.2761, 'yoy_growth_pct': 12.89, 'historical_mean': 7915.8382}",2026-09-27 13:17:25.449549+05:30,False,,COMPLETED,,
755,5965,IsolationForest_WorldBank,v_test_suite,ML,Mali,,,NY.GDP.PCAP.CD,GDP per capita (current US$),2025,1193.2760,-0.062605,True,"{'z_score': 1.7106, 'peer_mean': 18596.8906, 'hist_ratio': 1.1482, 'peer_z_score': -0.7042, 'historical_std': 90.0535, 'yoy_growth_pct': 9.15, 'historical_mean': 1039.2289}",2026-09-27 13:17:25.449549+05:30,False,,COMPLETED,,
756,6779,IsolationForest_WorldBank,v_test_suite,ML,Mali,,,SP.DYN.LE00.IN,"Life expectancy at birth, total (years)",2024,60.6750,-0.018861,True,"{'z_score': 1.7512, 'peer_mean': 73.7098, 'hist_ratio': 1.0224, 'peer_z_score': -1.8654, 'historical_std': 0.7579, 'yoy_growth_pct': 0.0, 'historical_mean': 59.3478}",2026-09-27 13:17:25.449549+05:30,False,,COMPLETED,,
757,712,IsolationForest_WorldBank,v_test_suite,MM,Myanmar,,,NY.GDP.PCAP.CD,GDP per capita (current US$),2021,1242.7213,-0.080945,True,"{'z_score': -1.3873, 'peer_mean': 18898.3228, 'hist_ratio': 0.8978, 'peer_z_score': -0.6108, 'historical_std': 101.966, 'yoy_growth_pct': -16.61, 'historical_mean': 1384.1777}",2026-09-27 13:17:25.449549+05:30,False,,COMPLETED,,
758,697,IsolationForest_WorldBank,v_test_suite,MN,Mongolia,,,NY.GDP.PCAP.CD,GDP per capita (current US$),2020,4001.2519,-0.028380,True,"{'z_score': -0.8107, 'peer_mean': 16362.3751, 'hist_ratio': 0.7786, 'peer_z_score': -0.5065, 'historical_std': 1403.2743, 'yoy_growth_pct': -7.97, 'historical_mean': 5138.819}",2026-09-27 13:17:25.449549+05:30,False,,COMPLETED,,
590,413,IsolationForest_WorldBank,v_test_suite,EC,Ecuador,,,NY.GDP.PCAP.CD,GDP per capita (current US$),2020,5463.6452,-0.064455,True,"{'z_score': -1.4796, 'peer_mean': 16362.3751, 'hist_ratio': 0.863, 'peer_z_score': -0.4466, 'historical_std': 586.1823, 'yoy_growth_pct': -11.95, 'historical_mean': 6330.9585}",2026-09-27 13:17:25.449549+05:30,False,,COMPLETED,,
591,428,IsolationForest_WorldBank,v_test_suite,EE,Estonia,,,NY.GDP.PCAP.CD,GDP per capita (current US$),2021,27951.1659,-0.007861,True,"{'z_score': 0.0857, 'peer_mean': 18898.3228, 'hist_ratio': 1.0141, 'peer_z_score': 0.3132, 'historical_std': 4546.4985, 'yoy_growth_pct': 16.78, 'historical_mean': 27561.7555}",2026-09-27 13:17:25.449549+05:30,False,,COMPLETED,,
673,5903,IsolationForest_WorldBank,v_test_suite,IS,Iceland,,,NY.GDP.PCAP.CD,GDP per capita (current US$),2025,98323.4850,-0.181474,True,"{'z_score': 1.5994, 'peer_mean': 18596.8906, 'hist_ratio': 1.2834, 'peer_z_score': 3.2261, 'historical_std': 13575.3196, 'yoy_growth_pct': 14.51, 'historical_mean': 76611.693}",2026-09-27 13:17:25.449549+05:30,False,,COMPLETED,,
585,409,IsolationForest_WorldBank,v_test_suite,DO,Dominican Republic,,,NY.GDP.PCAP.CD,GDP per capita (current US$),2020,7135.2227,-0.054132,True,"{'z_score': -1.1066, 'peer_mean': 16362.3751, 'hist_ratio': 0.7978, 'peer_z_score': -0.3781, 'historical_std': 1634.3671, 'yoy_growth_pct': -12.8, 'historical_mean': 8943.8611}",2026-09-27 13:17:25.449549+05:30,False,,COMPLETED,,
586,408,IsolationForest_WorldBank,v_test_suite,DO,Dominican Republic,,,NY.GDP.PCAP.CD,GDP per capita (current US$),2021,8527.0755,-0.014964,True,"{'z_score': -0.255, 'peer_mean': 18898.3228, 'hist_ratio': 0.9534, 'peer_z_score': -0.3588, 'historical_std': 1634.3671, 'yoy_growth_pct': 19.51, 'historical_mean': 8943.8611}",2026-09-27 13:17:25.449549+05:30,False,,COMPLETED,,
587,5849,IsolationForest_WorldBank,v_test_suite,DO,Dominican Republic,,,NY.GDP.PCAP.CD,GDP per capita (current US$),2025,11059.2082,-0.003759,True,"{'z_score': 1.2943, 'peer_mean': 18596.8906, 'hist_ratio': 1.2365, 'peer_z_score': -0.305, 'historical_std': 1634.3671, 'yoy_growth_pct': 1.69, 'historical_mean': 8943.8611}",2026-09-27 13:17:25.449549+05:30,False,,COMPLETED,,
588,198,IsolationForest_WorldBank,v_test_suite,DZ,Algeria,,,NY.GDP.PCAP.CD,GDP per capita (current US$),2020,3743.5420,-0.086306,True,"{'z_score': -1.1501, 'peer_mean': 16362.3751, 'hist_ratio': 0.7812, 'peer_z_score': -0.5171, 'historical_std': 911.8542, 'yoy_growth_pct': -16.22, 'historical_mean': 4792.2932}",2026-09-27 13:17:25.449549+05:30,False,,COMPLETED,,
759,5983,IsolationForest_WorldBank,v_test_suite,MN,Mongolia,,,NY.GDP.PCAP.CD,GDP per capita (current US$),2024,6750.6301,-0.022292,True,"{'z_score': 1.1486, 'peer_mean': 20818.9195, 'hist_ratio': 1.3137, 'peer_z_score': -0.4239, 'historical_std': 1403.2743, 'yoy_growth_pct': 0.0, 'historical_mean': 5138.819}",2026-09-27 13:17:25.449549+05:30,False,,COMPLETED,,
760,5982,IsolationForest_WorldBank,v_test_suite,MN,Mongolia,,,NY.GDP.PCAP.CD,GDP per capita (current US$),2025,7108.2274,-0.074275,True,"{'z_score': 1.4034, 'peer_mean': 18596.8906, 'hist_ratio': 1.3832, 'peer_z_score': -0.4649, 'historical_std': 1403.2743, 'yoy_growth_pct': 5.3, 'historical_mean': 5138.819}",2026-09-27 13:17:25.449549+05:30,False,,COMPLETED,,
761,643,IsolationForest_WorldBank,v_test_suite,MO,"Macao SAR, China",,,NY.GDP.PCAP.CD,GDP per capita (current US$),2018,83588.2875,-0.100825,True,"{'z_score': 0.8889, 'peer_mean': 17653.2755, 'hist_ratio': 1.2692, 'peer_z_score': 2.534, 'historical_std': 19945.9091, 'yoy_growth_pct': 0.0, 'historical_mean': 65857.6726}",2026-09-27 13:17:25.449549+05:30,False,,COMPLETED,,
762,642,IsolationForest_WorldBank,v_test_suite,MO,"Macao SAR, China",,,NY.GDP.PCAP.CD,GDP per capita (current US$),2019,81882.6965,-0.083728,True,"{'z_score': 0.8034, 'peer_mean': 17618.8353, 'hist_ratio': 1.2433, 'peer_z_score': 2.498, 'historical_std': 19945.9091, 'yoy_growth_pct': -2.04, 'historical_mean': 65857.6726}",2026-09-27 13:17:25.449549+05:30,False,,COMPLETED,,
763,641,IsolationForest_WorldBank,v_test_suite,MO,"Macao SAR, China",,,NY.GDP.PCAP.CD,GDP per capita (current US$),2020,36883.6653,-0.194595,True,"{'z_score': -1.4526, 'peer_mean': 16362.3751, 'hist_ratio': 0.5601, 'peer_z_score': 0.8409, 'historical_std': 19945.9091, 'yoy_growth_pct': -54.96, 'historical_mean': 65857.6726}",2026-09-27 13:17:25.449549+05:30,False,,COMPLETED,,
589,5754,IsolationForest_WorldBank,v_test_suite,DZ,Algeria,,,NY.GDP.PCAP.CD,GDP per capita (current US$),2025,6051.0032,-0.030272,True,"{'z_score': 1.3804, 'peer_mean': 18596.8906, 'hist_ratio': 1.2627, 'peer_z_score': -0.5077, 'historical_std': 911.8542, 'yoy_growth_pct': 5.18, 'historical_mean': 4792.2932}",2026-09-27 13:17:25.449549+05:30,False,,COMPLETED,,
764,640,IsolationForest_WorldBank,v_test_suite,MO,"Macao SAR, China",,,NY.GDP.PCAP.CD,GDP per capita (current US$),2021,44884.8962,-0.167105,True,"{'z_score': -1.0515, 'peer_mean': 18898.3228, 'hist_ratio': 0.6815, 'peer_z_score': 0.8989, 'historical_std': 19945.9091, 'yoy_growth_pct': 21.69, 'historical_mean': 65857.6726}",2026-09-27 13:17:25.449549+05:30,False,,COMPLETED,,
765,5955,IsolationForest_WorldBank,v_test_suite,MO,"Macao SAR, China",,,NY.GDP.PCAP.CD,GDP per capita (current US$),2025,75901.7461,-0.069121,True,"{'z_score': 0.5036, 'peer_mean': 18596.8906, 'hist_ratio': 1.1525, 'peer_z_score': 2.3188, 'historical_std': 19945.9091, 'yoy_growth_pct': 5.41, 'historical_mean': 65857.6726}",2026-09-27 13:17:25.449549+05:30,False,,COMPLETED,,
766,757,IsolationForest_WorldBank,v_test_suite,MP,Northern Mariana Islands,,,NY.GDP.PCAP.CD,GDP per capita (current US$),2020,18220.8382,-0.095779,True,"{'z_score': -0.9957, 'peer_mean': 16362.3751, 'hist_ratio': 0.8218, 'peer_z_score': 0.0762, 'historical_std': 3966.8552, 'yoy_growth_pct': -25.62, 'historical_mean': 22170.5919}",2026-09-27 13:17:25.449549+05:30,False,,COMPLETED,,
767,664,IsolationForest_WorldBank,v_test_suite,MT,Malta,,,NY.GDP.PCAP.CD,GDP per capita (current US$),2021,38078.0064,-0.033671,True,"{'z_score': 0.0207, 'peer_mean': 18898.3228, 'hist_ratio': 1.0037, 'peer_z_score': 0.6635, 'historical_std': 6708.2547, 'yoy_growth_pct': 19.65, 'historical_mean': 37939.3587}",2026-09-27 13:17:25.449549+05:30,False,,COMPLETED,,
768,5967,IsolationForest_WorldBank,v_test_suite,MT,Malta,,,NY.GDP.PCAP.CD,GDP per capita (current US$),2025,47906.9000,-0.109889,True,"{'z_score': 1.4859, 'peer_mean': 18596.8906, 'hist_ratio': 1.2627, 'peer_z_score': 1.186, 'historical_std': 6708.2547, 'yoy_growth_pct': 8.82, 'historical_mean': 37939.3587}",2026-09-27 13:17:25.449549+05:30,False,,COMPLETED,,
769,677,IsolationForest_WorldBank,v_test_suite,MU,Mauritius,,,NY.GDP.PCAP.CD,GDP per capita (current US$),2020,9135.8477,-0.092680,True,"{'z_score': -1.2431, 'peer_mean': 16362.3751, 'hist_ratio': 0.822, 'peer_z_score': -0.2961, 'historical_std': 1591.1355, 'yoy_growth_pct': -21.03, 'historical_mean': 11113.7984}",2026-09-27 13:17:25.449549+05:30,False,,COMPLETED,,
770,5973,IsolationForest_WorldBank,v_test_suite,MU,Mauritius,,,NY.GDP.PCAP.CD,GDP per capita (current US$),2025,12991.2936,-0.014321,True,"{'z_score': 1.18, 'peer_mean': 18596.8906, 'hist_ratio': 1.1689, 'peer_z_score': -0.2268, 'historical_std': 1591.1355, 'yoy_growth_pct': 8.34, 'historical_mean': 11113.7984}",2026-09-27 13:17:25.449549+05:30,False,,COMPLETED,,
771,657,IsolationForest_WorldBank,v_test_suite,MV,Maldives,,,NY.GDP.PCAP.CD,GDP per capita (current US$),2020,7393.8887,-0.180166,True,"{'z_score': -1.6077, 'peer_mean': 16362.3751, 'hist_ratio': 0.6455, 'peer_z_score': -0.3675, 'historical_std': 2525.7651, 'yoy_growth_pct': -37.02, 'historical_mean': 11454.6102}",2026-09-27 13:17:25.449549+05:30,False,,COMPLETED,,
772,656,IsolationForest_WorldBank,v_test_suite,MV,Maldives,,,NY.GDP.PCAP.CD,GDP per capita (current US$),2021,10176.1439,-0.094569,True,"{'z_score': -0.5062, 'peer_mean': 18898.3228, 'hist_ratio': 0.8884, 'peer_z_score': -0.3017, 'historical_std': 2525.7651, 'yoy_growth_pct': 37.63, 'historical_mean': 11454.6102}",2026-09-27 13:17:25.449549+05:30,False,,COMPLETED,,
773,5963,IsolationForest_WorldBank,v_test_suite,MV,Maldives,,,NY.GDP.PCAP.CD,GDP per capita (current US$),2025,14614.7208,-0.067897,True,"{'z_score': 1.2511, 'peer_mean': 18596.8906, 'hist_ratio': 1.2759, 'peer_z_score': -0.1611, 'historical_std': 2525.7651, 'yoy_growth_pct': 9.23, 'historical_mean': 11454.6102}",2026-09-27 13:17:25.449549+05:30,False,,COMPLETED,,
774,5959,IsolationForest_WorldBank,v_test_suite,MW,Malawi,,,NY.GDP.PCAP.CD,GDP per capita (current US$),2025,671.5068,-0.125020,True,"{'z_score': 1.5043, 'peer_mean': 18596.8906, 'hist_ratio': 1.142, 'peer_z_score': -0.7253, 'historical_std': 55.5197, 'yoy_growth_pct': 28.55, 'historical_mean': 587.9864}",2026-09-27 13:17:25.449549+05:30,False,,COMPLETED,,
775,681,IsolationForest_WorldBank,v_test_suite,MX,Mexico,,,NY.GDP.PCAP.CD,GDP per capita (current US$),2020,8841.2707,-0.076848,True,"{'z_score': -1.1155, 'peer_mean': 16362.3751, 'hist_ratio': 0.786, 'peer_z_score': -0.3082, 'historical_std': 2157.4647, 'yoy_growth_pct': -14.74, 'historical_mean': 11247.8245}",2026-09-27 13:17:25.449549+05:30,False,,COMPLETED,,
776,680,IsolationForest_WorldBank,v_test_suite,MX,Mexico,,,NY.GDP.PCAP.CD,GDP per capita (current US$),2021,10314.0507,-0.009130,True,"{'z_score': -0.4328, 'peer_mean': 18898.3228, 'hist_ratio': 0.917, 'peer_z_score': -0.297, 'historical_std': 2157.4647, 'yoy_growth_pct': 16.66, 'historical_mean': 11247.8245}",2026-09-27 13:17:25.449549+05:30,False,,COMPLETED,,
777,653,IsolationForest_WorldBank,v_test_suite,MY,Malaysia,,,NY.GDP.PCAP.CD,GDP per capita (current US$),2020,9957.5263,-0.002880,True,"{'z_score': -1.2157, 'peer_mean': 16362.3751, 'hist_ratio': 0.8827, 'peer_z_score': -0.2625, 'historical_std': 1088.0452, 'yoy_growth_pct': -8.82, 'historical_mean': 11280.2678}",2026-09-27 13:17:25.449549+05:30,False,,COMPLETED,,
778,5961,IsolationForest_WorldBank,v_test_suite,MY,Malaysia,,,NY.GDP.PCAP.CD,GDP per capita (current US$),2025,13124.5554,-0.070570,True,"{'z_score': 1.695, 'peer_mean': 18596.8906, 'hist_ratio': 1.1635, 'peer_z_score': -0.2214, 'historical_std': 1088.0452, 'yoy_growth_pct': 10.53, 'historical_mean': 11280.2678}",2026-09-27 13:17:25.449549+05:30,False,,COMPLETED,,
779,709,IsolationForest_WorldBank,v_test_suite,MZ,Mozambique,,,NY.GDP.PCAP.CD,GDP per capita (current US$),2020,462.4339,-0.042605,True,"{'z_score': -1.1413, 'peer_mean': 16362.3751, 'hist_ratio': 0.8426, 'peer_z_score': -0.6516, 'historical_std': 75.6801, 'yoy_growth_pct': -10.91, 'historical_mean': 548.8053}",2026-09-27 13:17:25.449549+05:30,False,,COMPLETED,,
780,7029,IsolationForest_WorldBank,v_test_suite,MZ,Mozambique,,,SH.H2O.BASW.ZS,People using at least basic drinking water services (% of population),2024,66.6252,-0.023482,True,"{'z_score': 1.5708, 'peer_mean': 90.4725, 'hist_ratio': 1.1263, 'peer_z_score': -1.7667, 'historical_std': 4.7562, 'yoy_growth_pct': 0.0, 'historical_mean': 59.1543}",2026-09-27 13:17:25.449549+05:30,False,,COMPLETED,,
782,717,IsolationForest_WorldBank,v_test_suite,NA,Namibia,,,NY.GDP.PCAP.CD,GDP per capita (current US$),2020,3878.5898,-0.114443,True,"{'z_score': -1.5365, 'peer_mean': 16362.3751, 'hist_ratio': 0.8398, 'peer_z_score': -0.5116, 'historical_std': 481.405, 'yoy_growth_pct': -18.03, 'historical_mean': 4618.2881}",2026-09-27 13:17:25.449549+05:30,False,,COMPLETED,,
783,6005,IsolationForest_WorldBank,v_test_suite,NE,Niger,,,NY.GDP.PCAP.CD,GDP per capita (current US$),2025,775.3536,-0.035625,True,"{'z_score': 1.4814, 'peer_mean': 18596.8906, 'hist_ratio': 1.2215, 'peer_z_score': -0.7211, 'historical_std': 94.9178, 'yoy_growth_pct': 6.23, 'historical_mean': 634.7401}",2026-09-27 13:17:25.449549+05:30,False,,COMPLETED,,
784,7037,IsolationForest_WorldBank,v_test_suite,NE,Niger,,,SH.H2O.BASW.ZS,People using at least basic drinking water services (% of population),2024,53.4275,-0.040788,True,"{'z_score': 1.5617, 'peer_mean': 90.4725, 'hist_ratio': 1.0477, 'peer_z_score': -2.7444, 'historical_std': 1.5587, 'yoy_growth_pct': 0.0, 'historical_mean': 50.9933}",2026-09-27 13:17:25.449549+05:30,False,,COMPLETED,,
785,6800,IsolationForest_WorldBank,v_test_suite,NE,Niger,,,SP.DYN.LE00.IN,"Life expectancy at birth, total (years)",2024,61.4330,-0.011607,True,"{'z_score': 1.7367, 'peer_mean': 73.7098, 'hist_ratio': 1.0216, 'peer_z_score': -1.757, 'historical_std': 0.749, 'yoy_growth_pct': 0.0, 'historical_mean': 60.1322}",2026-09-27 13:17:25.449549+05:30,False,,COMPLETED,,
786,750,IsolationForest_WorldBank,v_test_suite,NG,Nigeria,,,NY.GDP.PCAP.CD,GDP per capita (current US$),2019,3189.8129,-0.201494,True,"{'z_score': 1.1322, 'peer_mean': 17618.8353, 'hist_ratio': 1.4564, 'peer_z_score': -0.5609, 'historical_std': 882.9828, 'yoy_growth_pct': 55.0, 'historical_mean': 2190.1299}",2026-09-27 13:17:25.449549+05:30,False,,COMPLETED,,
787,749,IsolationForest_WorldBank,v_test_suite,NG,Nigeria,,,NY.GDP.PCAP.CD,GDP per capita (current US$),2020,2797.1846,-0.083981,True,"{'z_score': 0.6875, 'peer_mean': 16362.3751, 'hist_ratio': 1.2772, 'peer_z_score': -0.5559, 'historical_std': 882.9828, 'yoy_growth_pct': -12.31, 'historical_mean': 2190.1299}",2026-09-27 13:17:25.449549+05:30,False,,COMPLETED,,
700,577,IsolationForest_WorldBank,v_test_suite,KZ,Kazakhstan,,,NY.GDP.PCAP.CD,GDP per capita (current US$),2020,8781.5080,-0.017130,True,"{'z_score': -0.8827, 'peer_mean': 16362.3751, 'hist_ratio': 0.7918, 'peer_z_score': -0.3107, 'historical_std': 2615.4625, 'yoy_growth_pct': -7.14, 'historical_mean': 11090.2477}",2026-09-27 13:17:25.449549+05:30,False,,COMPLETED,,
701,5926,IsolationForest_WorldBank,v_test_suite,KZ,Kazakhstan,,,NY.GDP.PCAP.CD,GDP per capita (current US$),2024,14154.6325,-0.010400,True,"{'z_score': 1.1716, 'peer_mean': 20818.9195, 'hist_ratio': 1.2763, 'peer_z_score': -0.2008, 'historical_std': 2615.4625, 'yoy_growth_pct': 0.0, 'historical_mean': 11090.2477}",2026-09-27 13:17:25.449549+05:30,False,,COMPLETED,,
706,613,IsolationForest_WorldBank,v_test_suite,LB,Lebanon,,,NY.GDP.PCAP.CD,GDP per capita (current US$),2020,5561.1917,-0.086483,True,"{'z_score': -0.356, 'peer_mean': 16362.3751, 'hist_ratio': 0.8646, 'peer_z_score': -0.4426, 'historical_std': 2446.0427, 'yoy_growth_pct': -37.56, 'historical_mean': 6432.0507}",2026-09-27 13:17:25.449549+05:30,False,,COMPLETED,,
788,748,IsolationForest_WorldBank,v_test_suite,NG,Nigeria,,,NY.GDP.PCAP.CD,GDP per capita (current US$),2021,2787.4878,-0.004141,True,"{'z_score': 0.6765, 'peer_mean': 18898.3228, 'hist_ratio': 1.2728, 'peer_z_score': -0.5573, 'historical_std': 882.9828, 'yoy_growth_pct': -0.35, 'historical_mean': 2190.1299}",2026-09-27 13:17:25.449549+05:30,False,,COMPLETED,,
515,275,IsolationForest_WorldBank,v_test_suite,BM,Bermuda,,,NY.GDP.PCAP.CD,GDP per capita (current US$),2019,115798.0408,-0.008205,True,"{'z_score': -0.1737, 'peer_mean': 17618.8353, 'hist_ratio': 0.9797, 'peer_z_score': 3.8164, 'historical_std': 13826.1419, 'yoy_growth_pct': 2.29, 'historical_mean': 118198.9848}",2026-09-27 13:17:25.449549+05:30,False,,COMPLETED,,
516,274,IsolationForest_WorldBank,v_test_suite,BM,Bermuda,,,NY.GDP.PCAP.CD,GDP per capita (current US$),2020,106976.5462,-0.074089,True,"{'z_score': -0.8117, 'peer_mean': 16362.3751, 'hist_ratio': 0.9051, 'peer_z_score': 3.7133, 'historical_std': 13826.1419, 'yoy_growth_pct': -7.62, 'historical_mean': 118198.9848}",2026-09-27 13:17:25.449549+05:30,False,,COMPLETED,,
615,468,IsolationForest_WorldBank,v_test_suite,GE,Georgia,,,NY.GDP.PCAP.CD,GDP per capita (current US$),2021,5083.6070,-0.062880,True,"{'z_score': -0.4926, 'peer_mean': 18898.3228, 'hist_ratio': 0.8115, 'peer_z_score': -0.4779, 'historical_std': 2398.1332, 'yoy_growth_pct': 18.2, 'historical_mean': 6264.8353}",2026-09-27 13:17:25.449549+05:30,False,,COMPLETED,,
616,5878,IsolationForest_WorldBank,v_test_suite,GE,Georgia,,,NY.GDP.PCAP.CD,GDP per capita (current US$),2024,8967.6753,-0.063044,True,"{'z_score': 1.1271, 'peer_mean': 20818.9195, 'hist_ratio': 1.4314, 'peer_z_score': -0.3571, 'historical_std': 2398.1332, 'yoy_growth_pct': 0.0, 'historical_mean': 6264.8353}",2026-09-27 13:17:25.449549+05:30,False,,COMPLETED,,
699,5815,IsolationForest_WorldBank,v_test_suite,KY,Cayman Islands,,,NY.GDP.PCAP.CD,GDP per capita (current US$),2024,104292.9007,-0.092888,True,"{'z_score': 1.728, 'peer_mean': 20818.9195, 'hist_ratio': 1.1713, 'peer_z_score': 2.5151, 'historical_std': 8826.9348, 'yoy_growth_pct': 0.0, 'historical_mean': 89040.2434}",2026-09-27 13:17:25.449549+05:30,False,,COMPLETED,,
789,6008,IsolationForest_WorldBank,v_test_suite,NG,Nigeria,,,NY.GDP.PCAP.CD,GDP per capita (current US$),2024,1084.1604,-0.067497,True,"{'z_score': -1.2525, 'peer_mean': 20818.9195, 'hist_ratio': 0.495, 'peer_z_score': -0.5946, 'historical_std': 882.9828, 'yoy_growth_pct': 0.0, 'historical_mean': 2190.1299}",2026-09-27 13:17:25.449549+05:30,False,,COMPLETED,,
790,6007,IsolationForest_WorldBank,v_test_suite,NG,Nigeria,,,NY.GDP.PCAP.CD,GDP per capita (current US$),2025,1224.2541,-0.124319,True,"{'z_score': -1.0939, 'peer_mean': 18596.8906, 'hist_ratio': 0.559, 'peer_z_score': -0.703, 'historical_std': 882.9828, 'yoy_growth_pct': 12.92, 'historical_mean': 2190.1299}",2026-09-27 13:17:25.449549+05:30,False,,COMPLETED,,
793,728,IsolationForest_WorldBank,v_test_suite,NL,Netherlands,,,NY.GDP.PCAP.CD,GDP per capita (current US$),2021,60141.9881,-0.000871,True,"{'z_score': -0.0277, 'peer_mean': 18898.3228, 'hist_ratio': 0.9961, 'peer_z_score': 1.4267, 'historical_std': 8519.2837, 'yoy_growth_pct': 12.48, 'historical_mean': 60378.1886}",2026-09-27 13:17:25.449549+05:30,False,,COMPLETED,,
794,5998,IsolationForest_WorldBank,v_test_suite,NL,Netherlands,,,NY.GDP.PCAP.CD,GDP per capita (current US$),2025,73683.9171,-0.123142,True,"{'z_score': 1.5618, 'peer_mean': 18596.8906, 'hist_ratio': 1.2204, 'peer_z_score': 2.2291, 'historical_std': 8519.2837, 'yoy_growth_pct': 9.22, 'historical_mean': 60378.1886}",2026-09-27 13:17:25.449549+05:30,False,,COMPLETED,,
795,762,IsolationForest_WorldBank,v_test_suite,NO,Norway,,,NY.GDP.PCAP.CD,GDP per capita (current US$),2019,79329.3075,-0.031076,True,"{'z_score': -0.7065, 'peer_mean': 17618.8353, 'hist_ratio': 0.9208, 'peer_z_score': 2.3988, 'historical_std': 9652.4562, 'yoy_growth_pct': -7.3, 'historical_mean': 86148.6125}",2026-09-27 13:17:25.449549+05:30,False,,COMPLETED,,
495,5766,IsolationForest_WorldBank,v_test_suite,AW,Aruba,,,NY.GDP.PCAP.CD,GDP per capita (current US$),2024,38590.5650,-0.055451,True,"{'z_score': 1.5037, 'peer_mean': 20818.9195, 'hist_ratio': 1.2966, 'peer_z_score': 0.5355, 'historical_std': 5870.0748, 'yoy_growth_pct': 0.0, 'historical_mean': 29763.7849}",2026-09-27 13:17:25.449549+05:30,False,,COMPLETED,,
539,3495,IsolationForest_WorldBank,v_test_suite,CD,"Congo, Dem. Rep.",,,SH.H2O.BASW.ZS,People using at least basic drinking water services (% of population),2019,35.6879,-0.012206,True,"{'z_score': 0.3752, 'peer_mean': 88.8323, 'hist_ratio': 1.0021, 'peer_z_score': -3.6246, 'historical_std': 0.2024, 'yoy_growth_pct': -0.47, 'historical_mean': 35.612}",2026-09-27 13:17:25.449549+05:30,False,,COMPLETED,,
540,3493,IsolationForest_WorldBank,v_test_suite,CD,"Congo, Dem. Rep.",,,SH.H2O.BASW.ZS,People using at least basic drinking water services (% of population),2021,35.3236,-0.026795,True,"{'z_score': -1.4247, 'peer_mean': 89.4736, 'hist_ratio': 0.9919, 'peer_z_score': -3.8148, 'historical_std': 0.2024, 'yoy_growth_pct': -0.53, 'historical_mean': 35.612}",2026-09-27 13:17:25.449549+05:30,False,,COMPLETED,,
541,6946,IsolationForest_WorldBank,v_test_suite,CD,"Congo, Dem. Rep.",,,SH.H2O.BASW.ZS,People using at least basic drinking water services (% of population),2024,35.6814,-0.004138,True,"{'z_score': 0.3431, 'peer_mean': 90.4725, 'hist_ratio': 1.0019, 'peer_z_score': -4.059, 'historical_std': 0.2024, 'yoy_growth_pct': 0.0, 'historical_mean': 35.612}",2026-09-27 13:17:25.449549+05:30,False,,COMPLETED,,
633,5887,IsolationForest_WorldBank,v_test_suite,GT,Guatemala,,,NY.GDP.PCAP.CD,GDP per capita (current US$),2025,6598.1803,-0.054422,True,"{'z_score': 1.484, 'peer_mean': 18596.8906, 'hist_ratio': 1.2769, 'peer_z_score': -0.4855, 'historical_std': 964.1568, 'yoy_growth_pct': 7.27, 'historical_mean': 5167.3766}",2026-09-27 13:17:25.449549+05:30,False,,COMPLETED,,
634,5891,IsolationForest_WorldBank,v_test_suite,GW,Guinea-Bissau,,,NY.GDP.PCAP.CD,GDP per capita (current US$),2025,1123.7668,-0.098266,True,"{'z_score': 1.645, 'peer_mean': 18596.8906, 'hist_ratio': 1.2225, 'peer_z_score': -0.707, 'historical_std': 124.3418, 'yoy_growth_pct': 12.56, 'historical_mean': 919.2248}",2026-09-27 13:17:25.449549+05:30,False,,COMPLETED,,
637,509,IsolationForest_WorldBank,v_test_suite,GY,Guyana,,,NY.GDP.PCAP.CD,GDP per capita (current US$),2020,6775.7094,-0.066334,True,"{'z_score': -0.6802, 'peer_mean': 16362.3751, 'hist_ratio': 0.4459, 'peer_z_score': -0.3929, 'historical_std': 12380.7269, 'yoy_growth_pct': 5.77, 'historical_mean': 15196.639}",2026-09-27 13:17:25.449549+05:30,False,,COMPLETED,,
638,508,IsolationForest_WorldBank,v_test_suite,GY,Guyana,,,NY.GDP.PCAP.CD,GDP per capita (current US$),2021,9860.8701,-0.179312,True,"{'z_score': -0.431, 'peer_mean': 18898.3228, 'hist_ratio': 0.6489, 'peer_z_score': -0.3126, 'historical_std': 12380.7269, 'yoy_growth_pct': 45.53, 'historical_mean': 15196.639}",2026-09-27 13:17:25.449549+05:30,False,,COMPLETED,,
639,5894,IsolationForest_WorldBank,v_test_suite,GY,Guyana,,,NY.GDP.PCAP.CD,GDP per capita (current US$),2024,29675.2502,-0.095076,True,"{'z_score': 1.1694, 'peer_mean': 20818.9195, 'hist_ratio': 1.9528, 'peer_z_score': 0.2668, 'historical_std': 12380.7269, 'yoy_growth_pct': 0.0, 'historical_mean': 15196.639}",2026-09-27 13:17:25.449549+05:30,False,,COMPLETED,,
796,761,IsolationForest_WorldBank,v_test_suite,NO,Norway,,,NY.GDP.PCAP.CD,GDP per capita (current US$),2020,71057.5879,-0.163088,True,"{'z_score': -1.5634, 'peer_mean': 16362.3751, 'hist_ratio': 0.8248, 'peer_z_score': 2.2414, 'historical_std': 9652.4562, 'yoy_growth_pct': -10.43, 'historical_mean': 86148.6125}",2026-09-27 13:17:25.449549+05:30,False,,COMPLETED,,
494,225,IsolationForest_WorldBank,v_test_suite,AW,Aruba,,,NY.GDP.PCAP.CD,GDP per capita (current US$),2021,26827.3448,-0.039461,True,"{'z_score': -0.5002, 'peer_mean': 18898.3228, 'hist_ratio': 0.9013, 'peer_z_score': 0.2743, 'historical_std': 5870.0748, 'yoy_growth_pct': 18.37, 'historical_mean': 29763.7849}",2026-09-27 13:17:25.449549+05:30,False,,COMPLETED,,
801,6794,IsolationForest_WorldBank,v_test_suite,NR,Naoero,,,SP.DYN.LE00.IN,"Life expectancy at birth, total (years)",2024,62.2790,-0.004769,True,"{'z_score': 1.7317, 'peer_mean': 73.7098, 'hist_ratio': 1.0118, 'peer_z_score': -1.6359, 'historical_std': 0.4189, 'yoy_growth_pct': 0.0, 'historical_mean': 61.5536}",2026-09-27 13:17:25.449549+05:30,False,,COMPLETED,,
802,736,IsolationForest_WorldBank,v_test_suite,NZ,New Zealand,,,NY.GDP.PCAP.CD,GDP per capita (current US$),2021,49902.1543,-0.064813,True,"{'z_score': 0.9759, 'peer_mean': 18898.3228, 'hist_ratio': 1.0807, 'peer_z_score': 1.0725, 'historical_std': 3817.921, 'yoy_growth_pct': 18.66, 'historical_mean': 46176.1051}",2026-09-27 13:17:25.449549+05:30,False,,COMPLETED,,
465,2292,IsolationForest_WorldBank,v_test_suite,AD,Andorra,,,SP.DYN.LE00.IN,"Life expectancy at birth, total (years)",2020,79.4180,-0.025014,True,"{'z_score': -1.6513, 'peer_mean': 72.1816, 'hist_ratio': 0.9585, 'peer_z_score': 1.0041, 'historical_std': 2.0817, 'yoy_growth_pct': -5.56, 'historical_mean': 82.8554}",2026-09-27 13:17:25.449549+05:30,False,,COMPLETED,,
466,983,IsolationForest_WorldBank,v_test_suite,AE,United Arab Emirates,,,NY.GDP.PCAP.CD,GDP per capita (current US$),2020,37991.7384,-0.119129,True,"{'z_score': -1.4284, 'peer_mean': 16362.3751, 'hist_ratio': 0.8675, 'peer_z_score': 0.8864, 'historical_std': 4063.4743, 'yoy_growth_pct': -17.3, 'historical_mean': 43796.0471}",2026-09-27 13:17:25.449549+05:30,False,,COMPLETED,,
512,246,IsolationForest_WorldBank,v_test_suite,BH,Bahrain,,,NY.GDP.PCAP.CD,GDP per capita (current US$),2020,24342.8445,-0.049811,True,"{'z_score': -1.4126, 'peer_mean': 16362.3751, 'hist_ratio': 0.8831, 'peer_z_score': 0.327, 'historical_std': 2280.8235, 'yoy_growth_pct': -10.7, 'historical_mean': 27564.7542}",2026-09-27 13:17:25.449549+05:30,False,,COMPLETED,,
513,5786,IsolationForest_WorldBank,v_test_suite,BJ,Benin,,,NY.GDP.PCAP.CD,GDP per capita (current US$),2025,1658.2731,-0.081113,True,"{'z_score': 1.5923, 'peer_mean': 18596.8906, 'hist_ratio': 1.2523, 'peer_z_score': -0.6854, 'historical_std': 209.8235, 'yoy_growth_pct': 11.64, 'historical_mean': 1324.1769}",2026-09-27 13:17:25.449549+05:30,False,,COMPLETED,,
514,276,IsolationForest_WorldBank,v_test_suite,BM,Bermuda,,,NY.GDP.PCAP.CD,GDP per capita (current US$),2018,113204.8221,-0.011518,True,"{'z_score': -0.3612, 'peer_mean': 17653.2755, 'hist_ratio': 0.9577, 'peer_z_score': 3.6722, 'historical_std': 13826.1419, 'yoy_growth_pct': 0.0, 'historical_mean': 118198.9848}",2026-09-27 13:17:25.449549+05:30,False,,COMPLETED,,
555,920,IsolationForest_WorldBank,v_test_suite,CH,Switzerland,,,NY.GDP.PCAP.CD,GDP per capita (current US$),2019,85872.9702,-0.007609,True,"{'z_score': -0.8782, 'peer_mean': 17618.8353, 'hist_ratio': 0.8892, 'peer_z_score': 2.6531, 'historical_std': 12188.6869, 'yoy_growth_pct': -1.3, 'historical_mean': 96576.4928}",2026-09-27 13:17:25.449549+05:30,False,,COMPLETED,,
557,918,IsolationForest_WorldBank,v_test_suite,CH,Switzerland,,,NY.GDP.PCAP.CD,GDP per capita (current US$),2021,96582.8687,-0.035610,True,"{'z_score': 0.0005, 'peer_mean': 18898.3228, 'hist_ratio': 1.0001, 'peer_z_score': 2.6873, 'historical_std': 12188.6869, 'yoy_growth_pct': 10.34, 'historical_mean': 96576.4928}",2026-09-27 13:17:25.449549+05:30,False,,COMPLETED,,
558,6088,IsolationForest_WorldBank,v_test_suite,CH,Switzerland,,,NY.GDP.PCAP.CD,GDP per capita (current US$),2024,107702.0659,-0.011765,True,"{'z_score': 0.9128, 'peer_mean': 20818.9195, 'hist_ratio': 1.1152, 'peer_z_score': 2.6178, 'historical_std': 12188.6869, 'yoy_growth_pct': 0.0, 'historical_mean': 96576.4928}",2026-09-27 13:17:25.449549+05:30,False,,COMPLETED,,
559,6087,IsolationForest_WorldBank,v_test_suite,CH,Switzerland,,,NY.GDP.PCAP.CD,GDP per capita (current US$),2025,114769.0123,-0.132197,True,"{'z_score': 1.4926, 'peer_mean': 18596.8906, 'hist_ratio': 1.1884, 'peer_z_score': 3.8916, 'historical_std': 12188.6869, 'yoy_growth_pct': 6.56, 'historical_mean': 96576.4928}",2026-09-27 13:17:25.449549+05:30,False,,COMPLETED,,
803,5725,IsolationForest_WorldBank,v_test_suite,OE,OECD members,,,NY.GDP.PCAP.CD,GDP per capita (current US$),2025,51733.7140,-0.057589,True,"{'z_score': 1.4815, 'peer_mean': 18596.8906, 'hist_ratio': 1.1813, 'peer_z_score': 1.3409, 'historical_std': 5360.0019, 'yoy_growth_pct': 5.83, 'historical_mean': 43792.6979}",2026-09-27 13:17:25.449549+05:30,False,,COMPLETED,,
464,5756,IsolationForest_WorldBank,v_test_suite,AD,Andorra,,,NY.GDP.PCAP.CD,GDP per capita (current US$),2025,54291.5026,-0.110332,True,"{'z_score': 1.5828, 'peer_mean': 18596.8906, 'hist_ratio': 1.2177, 'peer_z_score': 1.4444, 'historical_std': 6132.3087, 'yoy_growth_pct': 10.0, 'historical_mean': 44585.5514}",2026-09-27 13:17:25.449549+05:30,False,,COMPLETED,,
804,765,IsolationForest_WorldBank,v_test_suite,OM,Oman,,,NY.GDP.PCAP.CD,GDP per capita (current US$),2020,16784.8631,-0.096240,True,"{'z_score': -1.9386, 'peer_mean': 16362.3751, 'hist_ratio': 0.8719, 'peer_z_score': 0.0173, 'historical_std': 1271.8627, 'yoy_growth_pct': -12.49, 'historical_mean': 19250.4825}",2026-09-27 13:17:25.449549+05:30,False,,COMPLETED,,
451,1217,IsolationForest_WorldBank,v_test_suite,1W,World,,,SP.POP.TOTL,"Population, total",2019,7777162476.0000,-0.056304,True,"{'z_score': -0.7649, 'peer_mean': 314532541.9962, 'hist_ratio': 0.9803, 'peer_z_score': 7.5938, 'historical_std': 204842679.2593, 'yoy_growth_pct': 1.05, 'historical_mean': 7933845959.0}",2026-09-27 13:17:25.449549+05:30,False,,COMPLETED,,
452,1216,IsolationForest_WorldBank,v_test_suite,1W,World,,,SP.POP.TOTL,"Population, total",2020,7853863139.0000,-0.058701,True,"{'z_score': -0.3905, 'peer_mean': 318005460.7462, 'hist_ratio': 0.9899, 'peer_z_score': 7.5923, 'historical_std': 204842679.2593, 'yoy_growth_pct': 0.99, 'historical_mean': 7933845959.0}",2026-09-27 13:17:25.449549+05:30,False,,COMPLETED,,
483,210,IsolationForest_WorldBank,v_test_suite,AO,Angola,,,NY.GDP.PCAP.CD,GDP per capita (current US$),2020,1749.1795,-0.188569,True,"{'z_score': -1.6199, 'peer_mean': 16362.3751, 'hist_ratio': 0.6875, 'peer_z_score': -0.5988, 'historical_std': 490.8818, 'yoy_growth_pct': -30.25, 'historical_mean': 2544.357}",2026-09-27 13:17:25.449549+05:30,False,,COMPLETED,,
484,209,IsolationForest_WorldBank,v_test_suite,AO,Angola,,,NY.GDP.PCAP.CD,GDP per capita (current US$),2021,2266.9683,-0.069899,True,"{'z_score': -0.5651, 'peer_mean': 18898.3228, 'hist_ratio': 0.891, 'peer_z_score': -0.5753, 'historical_std': 490.8818, 'yoy_growth_pct': 29.6, 'historical_mean': 2544.357}",2026-09-27 13:17:25.449549+05:30,False,,COMPLETED,,
485,5758,IsolationForest_WorldBank,v_test_suite,AO,Angola,,,NY.GDP.PCAP.CD,GDP per capita (current US$),2025,3129.4766,-0.083860,True,"{'z_score': 1.192, 'peer_mean': 18596.8906, 'hist_ratio': 1.23, 'peer_z_score': -0.6259, 'historical_std': 490.8818, 'yoy_growth_pct': 15.02, 'historical_mean': 2544.357}",2026-09-27 13:17:25.449549+05:30,False,,COMPLETED,,
525,5773,IsolationForest_WorldBank,v_test_suite,BS,"Bahamas, The",,,NY.GDP.PCAP.CD,GDP per capita (current US$),2024,39455.4467,-0.018346,True,"{'z_score': 1.4422, 'peer_mean': 20818.9195, 'hist_ratio': 1.2156, 'peer_z_score': 0.5615, 'historical_std': 4852.6738, 'yoy_growth_pct': 0.0, 'historical_mean': 32456.9467}",2026-09-27 13:17:25.449549+05:30,False,,COMPLETED,,
526,278,IsolationForest_WorldBank,v_test_suite,BT,Bhutan,,,NY.GDP.PCAP.CD,GDP per capita (current US$),2020,3191.6691,-0.030875,True,"{'z_score': -1.092, 'peer_mean': 16362.3751, 'hist_ratio': 0.8526, 'peer_z_score': -0.5397, 'historical_std': 505.2203, 'yoy_growth_pct': -10.77, 'historical_mean': 3743.3668}",2026-09-27 13:17:25.449549+05:30,False,,COMPLETED,,
527,5789,IsolationForest_WorldBank,v_test_suite,BT,Bhutan,,,NY.GDP.PCAP.CD,GDP per capita (current US$),2025,4492.7840,-0.019862,True,"{'z_score': 1.4833, 'peer_mean': 18596.8906, 'hist_ratio': 1.2002, 'peer_z_score': -0.5707, 'historical_std': 505.2203, 'yoy_growth_pct': 6.26, 'historical_mean': 3743.3668}",2026-09-27 13:17:25.449549+05:30,False,,COMPLETED,,
528,290,IsolationForest_WorldBank,v_test_suite,BW,Botswana,,,NY.GDP.PCAP.CD,GDP per capita (current US$),2020,6323.2975,-0.086715,True,"{'z_score': -1.8429, 'peer_mean': 16362.3751, 'hist_ratio': 0.8595, 'peer_z_score': -0.4114, 'historical_std': 560.6617, 'yoy_growth_pct': -11.83, 'historical_mean': 7356.5277}",2026-09-27 13:17:25.449549+05:30,False,,COMPLETED,,
450,1218,IsolationForest_WorldBank,v_test_suite,1W,World,,,SP.POP.TOTL,"Population, total",2018,7696159728.0000,-0.082409,True,"{'z_score': -1.1603, 'peer_mean': 310896968.8636, 'hist_ratio': 0.97, 'peer_z_score': 7.5953, 'historical_std': 204842679.2593, 'yoy_growth_pct': 0.0, 'historical_mean': 7933845959.0}",2026-09-27 13:17:25.449549+05:30,False,,COMPLETED,,
805,777,IsolationForest_WorldBank,v_test_suite,PA,Panama,,,NY.GDP.PCAP.CD,GDP per capita (current US$),2020,13290.5608,-0.121361,True,"{'z_score': -1.4284, 'peer_mean': 16362.3751, 'hist_ratio': 0.7944, 'peer_z_score': -0.1259, 'historical_std': 2407.8955, 'yoy_growth_pct': -19.34, 'historical_mean': 16730.0919}",2026-09-27 13:17:25.449549+05:30,False,,COMPLETED,,
806,776,IsolationForest_WorldBank,v_test_suite,PA,Panama,,,NY.GDP.PCAP.CD,GDP per capita (current US$),2021,15509.8069,-0.008086,True,"{'z_score': -0.5068, 'peer_mean': 18898.3228, 'hist_ratio': 0.9271, 'peer_z_score': -0.1172, 'historical_std': 2407.8955, 'yoy_growth_pct': 16.7, 'historical_mean': 16730.0919}",2026-09-27 13:17:25.449549+05:30,False,,COMPLETED,,
807,789,IsolationForest_WorldBank,v_test_suite,PE,Peru,,,NY.GDP.PCAP.CD,GDP per capita (current US$),2020,6133.3255,-0.045956,True,"{'z_score': -1.0645, 'peer_mean': 16362.3751, 'hist_ratio': 0.8144, 'peer_z_score': -0.4192, 'historical_std': 1313.3197, 'yoy_growth_pct': -12.84, 'historical_mean': 7531.3446}",2026-09-27 13:17:25.449549+05:30,False,,COMPLETED,,
808,6025,IsolationForest_WorldBank,v_test_suite,PE,Peru,,,NY.GDP.PCAP.CD,GDP per capita (current US$),2025,9684.4117,-0.120943,True,"{'z_score': 1.6394, 'peer_mean': 18596.8906, 'hist_ratio': 1.2859, 'peer_z_score': -0.3606, 'historical_std': 1313.3197, 'yoy_growth_pct': 13.58, 'historical_mean': 7531.3446}",2026-09-27 13:17:25.449549+05:30,False,,COMPLETED,,
809,457,IsolationForest_WorldBank,v_test_suite,PF,French Polynesia,,,NY.GDP.PCAP.CD,GDP per capita (current US$),2020,19966.4839,-0.019147,True,"{'z_score': -1.6233, 'peer_mean': 16362.3751, 'hist_ratio': 0.93, 'peer_z_score': 0.1477, 'historical_std': 925.1194, 'yoy_growth_pct': -7.49, 'historical_mean': 21468.1917}",2026-09-27 13:17:25.449549+05:30,False,,COMPLETED,,
810,2551,IsolationForest_WorldBank,v_test_suite,PF,French Polynesia,,,SP.DYN.LE00.IN,"Life expectancy at birth, total (years)",2021,79.5710,-0.008286,True,"{'z_score': -1.6687, 'peer_mean': 71.4652, 'hist_ratio': 0.9647, 'peer_z_score': 1.0859, 'historical_std': 1.7436, 'yoy_growth_pct': -3.5, 'historical_mean': 82.4804}",2026-09-27 13:17:25.449549+05:30,False,,COMPLETED,,
811,7046,IsolationForest_WorldBank,v_test_suite,PG,Papua New Guinea,,,SH.H2O.BASW.ZS,People using at least basic drinking water services (% of population),2024,53.2985,-0.046203,True,"{'z_score': 1.5483, 'peer_mean': 90.4725, 'hist_ratio': 1.0725, 'peer_z_score': -2.7539, 'historical_std': 2.3258, 'yoy_growth_pct': 0.0, 'historical_mean': 49.6973}",2026-09-27 13:17:25.449549+05:30,False,,COMPLETED,,
812,769,IsolationForest_WorldBank,v_test_suite,PK,Pakistan,,,NY.GDP.PCAP.CD,GDP per capita (current US$),2020,1278.3974,-0.036534,True,"{'z_score': -1.5626, 'peer_mean': 16362.3751, 'hist_ratio': 0.8747, 'peer_z_score': -0.6181, 'historical_std': 117.1628, 'yoy_growth_pct': -8.06, 'historical_mean': 1461.4764}",2026-09-27 13:17:25.449549+05:30,False,,COMPLETED,,
813,6029,IsolationForest_WorldBank,v_test_suite,PL,Poland,,,NY.GDP.PCAP.CD,GDP per capita (current US$),2025,28419.5777,-0.150721,True,"{'z_score': 1.5447, 'peer_mean': 18596.8906, 'hist_ratio': 1.4228, 'peer_z_score': 0.3975, 'historical_std': 5467.7125, 'yoy_growth_pct': 13.21, 'historical_mean': 19973.7195}",2026-09-27 13:17:25.449549+05:30,False,,COMPLETED,,
814,6033,IsolationForest_WorldBank,v_test_suite,PR,Puerto Rico (US),,,NY.GDP.PCAP.CD,GDP per capita (current US$),2025,40620.1527,-0.012727,True,"{'z_score': 1.417, 'peer_mean': 18596.8906, 'hist_ratio': 1.1801, 'peer_z_score': 0.8912, 'historical_std': 4374.3262, 'yoy_growth_pct': 3.22, 'historical_mean': 34421.6329}",2026-09-27 13:17:25.449549+05:30,False,,COMPLETED,,
815,1019,IsolationForest_WorldBank,v_test_suite,PS,West Bank and Gaza,,,NY.GDP.PCAP.CD,GDP per capita (current US$),2020,3233.5686,-0.043591,True,"{'z_score': -1.4542, 'peer_mean': 16362.3751, 'hist_ratio': 0.9153, 'peer_z_score': -0.538, 'historical_std': 205.8074, 'yoy_growth_pct': -11.58, 'historical_mean': 3532.8484}",2026-09-27 13:17:25.449549+05:30,False,,COMPLETED,,
816,6031,IsolationForest_WorldBank,v_test_suite,PT,Portugal,,,NY.GDP.PCAP.CD,GDP per capita (current US$),2025,32081.8106,-0.084985,True,"{'z_score': 1.585, 'peer_mean': 18596.8906, 'hist_ratio': 1.2394, 'peer_z_score': 0.5457, 'historical_std': 3910.0929, 'yoy_growth_pct': 9.39, 'historical_mean': 25884.246}",2026-09-27 13:17:25.449549+05:30,False,,COMPLETED,,
817,772,IsolationForest_WorldBank,v_test_suite,PW,Palau,,,NY.GDP.PCAP.CD,GDP per capita (current US$),2021,13267.4877,-0.048567,True,"{'z_score': -1.3016, 'peer_mean': 18898.3228, 'hist_ratio': 0.8161, 'peer_z_score': -0.1948, 'historical_std': 2297.4674, 'yoy_growth_pct': -8.85, 'historical_mean': 16257.8333}",2026-09-27 13:17:25.449549+05:30,False,,COMPLETED,,
820,6023,IsolationForest_WorldBank,v_test_suite,PY,Paraguay,,,NY.GDP.PCAP.CD,GDP per capita (current US$),2025,7026.6191,-0.010031,True,"{'z_score': 1.5351, 'peer_mean': 18596.8906, 'hist_ratio': 1.1424, 'peer_z_score': -0.4682, 'historical_std': 570.6999, 'yoy_growth_pct': 8.83, 'historical_mean': 6150.5394}",2026-09-27 13:17:25.449549+05:30,False,,COMPLETED,,
821,2887,IsolationForest_WorldBank,v_test_suite,PY,Paraguay,,,SP.DYN.LE00.IN,"Life expectancy at birth, total (years)",2021,68.1080,-0.017443,True,"{'z_score': -1.7558, 'peer_mean': 71.4652, 'hist_ratio': 0.9404, 'peer_z_score': -0.4498, 'historical_std': 2.4565, 'yoy_growth_pct': -6.34, 'historical_mean': 72.421}",2026-09-27 13:17:25.449549+05:30,False,,COMPLETED,,
822,809,IsolationForest_WorldBank,v_test_suite,QA,Qatar,,,NY.GDP.PCAP.CD,GDP per capita (current US$),2020,51683.5054,-0.196736,True,"{'z_score': -1.9262, 'peer_mean': 16362.3751, 'hist_ratio': 0.7572, 'peer_z_score': 1.4474, 'historical_std': 8602.7303, 'yoy_growth_pct': -22.68, 'historical_mean': 68254.422}",2026-09-27 13:17:25.449549+05:30,False,,COMPLETED,,
823,808,IsolationForest_WorldBank,v_test_suite,QA,Qatar,,,NY.GDP.PCAP.CD,GDP per capita (current US$),2021,71751.8831,-0.129840,True,"{'z_score': 0.4066, 'peer_mean': 18898.3228, 'hist_ratio': 1.0512, 'peer_z_score': 1.8284, 'historical_std': 8602.7303, 'yoy_growth_pct': 38.83, 'historical_mean': 68254.422}",2026-09-27 13:17:25.449549+05:30,False,,COMPLETED,,
824,6035,IsolationForest_WorldBank,v_test_suite,QA,Qatar,,,NY.GDP.PCAP.CD,GDP per capita (current US$),2025,72524.9066,-0.003373,True,"{'z_score': 0.4964, 'peer_mean': 18596.8906, 'hist_ratio': 1.0626, 'peer_z_score': 2.1822, 'historical_std': 8602.7303, 'yoy_growth_pct': -4.18, 'historical_mean': 68254.422}",2026-09-27 13:17:25.449549+05:30,False,,COMPLETED,,
825,1855,IsolationForest_WorldBank,v_test_suite,QA,Qatar,,,SP.POP.TOTL,"Population, total",2021,2504910.0000,-0.010048,True,"{'z_score': -1.228, 'peer_mean': 321122991.1477, 'hist_ratio': 0.9193, 'peer_z_score': -0.3182, 'historical_std': 179022.5708, 'yoy_growth_pct': -10.35, 'historical_mean': 2724747.6667}",2026-09-27 13:17:25.449549+05:30,False,,COMPLETED,,
826,6037,IsolationForest_WorldBank,v_test_suite,RO,Romania,,,NY.GDP.PCAP.CD,GDP per capita (current US$),2025,22537.9532,-0.135129,True,"{'z_score': 1.5302, 'peer_mean': 18596.8906, 'hist_ratio': 1.4107, 'peer_z_score': 0.1595, 'historical_std': 4287.7003, 'yoy_growth_pct': 12.24, 'historical_mean': 15976.8502}",2026-09-27 13:17:25.449549+05:30,False,,COMPLETED,,
827,846,IsolationForest_WorldBank,v_test_suite,RS,Serbia,,,NY.GDP.PCAP.CD,GDP per capita (current US$),2019,7755.6330,-0.009795,True,"{'z_score': -0.7773, 'peer_mean': 17618.8353, 'hist_ratio': 0.7501, 'peer_z_score': -0.3834, 'historical_std': 3323.6641, 'yoy_growth_pct': 2.59, 'historical_mean': 10339.093}",2026-09-27 13:17:25.449549+05:30,False,,COMPLETED,,
828,844,IsolationForest_WorldBank,v_test_suite,RS,Serbia,,,NY.GDP.PCAP.CD,GDP per capita (current US$),2021,9680.5280,-0.017867,True,"{'z_score': -0.1981, 'peer_mean': 18898.3228, 'hist_ratio': 0.9363, 'peer_z_score': -0.3189, 'historical_std': 3323.6641, 'yoy_growth_pct': 19.53, 'historical_mean': 10339.093}",2026-09-27 13:17:25.449549+05:30,False,,COMPLETED,,
829,6052,IsolationForest_WorldBank,v_test_suite,RS,Serbia,,,NY.GDP.PCAP.CD,GDP per capita (current US$),2024,13677.7795,-0.008731,True,"{'z_score': 1.0045, 'peer_mean': 20818.9195, 'hist_ratio': 1.3229, 'peer_z_score': -0.2152, 'historical_std': 3323.6641, 'yoy_growth_pct': 0.0, 'historical_mean': 10339.093}",2026-09-27 13:17:25.449549+05:30,False,,COMPLETED,,
830,6051,IsolationForest_WorldBank,v_test_suite,RS,Serbia,,,NY.GDP.PCAP.CD,GDP per capita (current US$),2025,15262.0464,-0.126593,True,"{'z_score': 1.4812, 'peer_mean': 18596.8906, 'hist_ratio': 1.4761, 'peer_z_score': -0.1349, 'historical_std': 3323.6641, 'yoy_growth_pct': 11.58, 'historical_mean': 10339.093}",2026-09-27 13:17:25.449549+05:30,False,,COMPLETED,,
831,817,IsolationForest_WorldBank,v_test_suite,RU,Russian Federation,,,NY.GDP.PCAP.CD,GDP per capita (current US$),2020,10108.3271,-0.058164,True,"{'z_score': -1.0201, 'peer_mean': 16362.3751, 'hist_ratio': 0.7806, 'peer_z_score': -0.2563, 'historical_std': 2785.8638, 'yoy_growth_pct': -11.7, 'historical_mean': 12950.242}",2026-09-27 13:17:25.449549+05:30,False,,COMPLETED,,
832,816,IsolationForest_WorldBank,v_test_suite,RU,Russian Federation,,,NY.GDP.PCAP.CD,GDP per capita (current US$),2021,12425.0293,-0.033632,True,"{'z_score': -0.1885, 'peer_mean': 18898.3228, 'hist_ratio': 0.9594, 'peer_z_score': -0.2239, 'historical_std': 2785.8638, 'yoy_growth_pct': 22.92, 'historical_mean': 12950.242}",2026-09-27 13:17:25.449549+05:30,False,,COMPLETED,,
833,6039,IsolationForest_WorldBank,v_test_suite,RU,Russian Federation,,,NY.GDP.PCAP.CD,GDP per capita (current US$),2025,17546.6094,-0.150357,True,"{'z_score': 1.6499, 'peer_mean': 18596.8906, 'hist_ratio': 1.3549, 'peer_z_score': -0.0425, 'historical_std': 2785.8638, 'yoy_growth_pct': 17.28, 'historical_mean': 12950.242}",2026-09-27 13:17:25.449549+05:30,False,,COMPLETED,,
834,6041,IsolationForest_WorldBank,v_test_suite,RW,Rwanda,,,NY.GDP.PCAP.CD,GDP per capita (current US$),2025,1123.7387,-0.035526,True,"{'z_score': 1.4778, 'peer_mean': 18596.8906, 'hist_ratio': 1.2428, 'peer_z_score': -0.707, 'historical_std': 148.5776, 'yoy_growth_pct': 6.02, 'historical_mean': 904.1677}",2026-09-27 13:17:25.449549+05:30,False,,COMPLETED,,
835,158,IsolationForest_WorldBank,v_test_suite,S1,Small states,,,NY.GDP.PCAP.CD,GDP per capita (current US$),2020,10730.4939,-0.040946,True,"{'z_score': -1.0902, 'peer_mean': 16362.3751, 'hist_ratio': 0.8128, 'peer_z_score': -0.2308, 'historical_std': 2267.5285, 'yoy_growth_pct': -10.56, 'historical_mean': 13202.5762}",2026-09-27 13:17:25.449549+05:30,False,,COMPLETED,,
836,5735,IsolationForest_WorldBank,v_test_suite,S1,Small states,,,NY.GDP.PCAP.CD,GDP per capita (current US$),2025,16577.8451,-0.052139,True,"{'z_score': 1.4885, 'peer_mean': 18596.8906, 'hist_ratio': 1.2557, 'peer_z_score': -0.0817, 'historical_std': 2267.5285, 'yoy_growth_pct': 7.58, 'historical_mean': 13202.5762}",2026-09-27 13:17:25.449549+05:30,False,,COMPLETED,,
837,146,IsolationForest_WorldBank,v_test_suite,S2,Pacific island small states,,,NY.GDP.PCAP.CD,GDP per capita (current US$),2020,3632.5291,-0.039270,True,"{'z_score': -1.192, 'peer_mean': 16362.3751, 'hist_ratio': 0.8715, 'peer_z_score': -0.5217, 'historical_std': 449.2125, 'yoy_growth_pct': -13.2, 'historical_mean': 4167.9915}",2026-09-27 13:17:25.449549+05:30,False,,COMPLETED,,
838,14,IsolationForest_WorldBank,v_test_suite,S3,Caribbean small states,,,NY.GDP.PCAP.CD,GDP per capita (current US$),2020,11961.4085,-0.079791,True,"{'z_score': -1.0368, 'peer_mean': 16362.3751, 'hist_ratio': 0.7582, 'peer_z_score': -0.1803, 'historical_std': 3678.9484, 'yoy_growth_pct': -14.54, 'historical_mean': 15775.6337}",2026-09-27 13:17:25.449549+05:30,False,,COMPLETED,,
839,13,IsolationForest_WorldBank,v_test_suite,S3,Caribbean small states,,,NY.GDP.PCAP.CD,GDP per capita (current US$),2021,13996.4475,-0.029075,True,"{'z_score': -0.4836, 'peer_mean': 18898.3228, 'hist_ratio': 0.8872, 'peer_z_score': -0.1696, 'historical_std': 3678.9484, 'yoy_growth_pct': 17.01, 'historical_mean': 15775.6337}",2026-09-27 13:17:25.449549+05:30,False,,COMPLETED,,
840,5664,IsolationForest_WorldBank,v_test_suite,S3,Caribbean small states,,,NY.GDP.PCAP.CD,GDP per capita (current US$),2024,19923.5746,-0.006924,True,"{'z_score': 1.1275, 'peer_mean': 20818.9195, 'hist_ratio': 1.2629, 'peer_z_score': -0.027, 'historical_std': 3678.9484, 'yoy_growth_pct': 0.0, 'historical_mean': 15775.6337}",2026-09-27 13:17:25.449549+05:30,False,,COMPLETED,,
841,5663,IsolationForest_WorldBank,v_test_suite,S3,Caribbean small states,,,NY.GDP.PCAP.CD,GDP per capita (current US$),2025,20880.0607,-0.061957,True,"{'z_score': 1.3875, 'peer_mean': 18596.8906, 'hist_ratio': 1.3236, 'peer_z_score': 0.0924, 'historical_std': 3678.9484, 'yoy_growth_pct': 4.8, 'historical_mean': 15775.6337}",2026-09-27 13:17:25.449549+05:30,False,,COMPLETED,,
842,142,IsolationForest_WorldBank,v_test_suite,S4,Other small states,,,NY.GDP.PCAP.CD,GDP per capita (current US$),2020,11772.0947,-0.014490,True,"{'z_score': -1.0993, 'peer_mean': 16362.3751, 'hist_ratio': 0.8302, 'peer_z_score': -0.1881, 'historical_std': 2190.0704, 'yoy_growth_pct': -8.8, 'historical_mean': 14179.606}",2026-09-27 13:17:25.449549+05:30,False,,COMPLETED,,
843,5727,IsolationForest_WorldBank,v_test_suite,S4,Other small states,,,NY.GDP.PCAP.CD,GDP per capita (current US$),2025,17540.3100,-0.054033,True,"{'z_score': 1.5345, 'peer_mean': 18596.8906, 'hist_ratio': 1.237, 'peer_z_score': -0.0428, 'historical_std': 2190.0704, 'yoy_growth_pct': 8.87, 'historical_mean': 14179.606}",2026-09-27 13:17:25.449549+05:30,False,,COMPLETED,,
844,837,IsolationForest_WorldBank,v_test_suite,SA,Saudi Arabia,,,NY.GDP.PCAP.CD,GDP per capita (current US$),2020,24338.8307,-0.139658,True,"{'z_score': -1.6055, 'peer_mean': 16362.3751, 'hist_ratio': 0.7883, 'peer_z_score': 0.3269, 'historical_std': 4071.307, 'yoy_growth_pct': -17.68, 'historical_mean': 30875.1495}",2026-09-27 13:17:25.449549+05:30,False,,COMPLETED,,
845,836,IsolationForest_WorldBank,v_test_suite,SA,Saudi Arabia,,,NY.GDP.PCAP.CD,GDP per capita (current US$),2021,31920.7654,-0.093729,True,"{'z_score': 0.2568, 'peer_mean': 18898.3228, 'hist_ratio': 1.0339, 'peer_z_score': 0.4505, 'historical_std': 4071.307, 'yoy_growth_pct': 31.15, 'historical_mean': 30875.1495}",2026-09-27 13:17:25.449549+05:30,False,,COMPLETED,,
850,7076,IsolationForest_WorldBank,v_test_suite,SD,Sudan,,,SH.H2O.BASW.ZS,People using at least basic drinking water services (% of population),2024,64.8917,-0.003601,True,"{'z_score': 1.5568, 'peer_mean': 90.4725, 'hist_ratio': 1.0558, 'peer_z_score': -1.8951, 'historical_std': 2.2013, 'yoy_growth_pct': 0.0, 'historical_mean': 61.4647}",2026-09-27 13:17:25.449549+05:30,False,,COMPLETED,,
851,914,IsolationForest_WorldBank,v_test_suite,SE,Sweden,,,NY.GDP.PCAP.CD,GDP per capita (current US$),2021,60647.5416,-0.057946,True,"{'z_score': 0.8885, 'peer_mean': 18898.3228, 'hist_ratio': 1.0727, 'peer_z_score': 1.4442, 'historical_std': 4623.0045, 'yoy_growth_pct': 15.37, 'historical_mean': 56539.9136}",2026-09-27 13:17:25.449549+05:30,False,,COMPLETED,,
852,6085,IsolationForest_WorldBank,v_test_suite,SE,Sweden,,,NY.GDP.PCAP.CD,GDP per capita (current US$),2025,63133.2127,-0.072723,True,"{'z_score': 1.4262, 'peer_mean': 18596.8906, 'hist_ratio': 1.1166, 'peer_z_score': 1.8022, 'historical_std': 4623.0045, 'yoy_growth_pct': 10.33, 'historical_mean': 56539.9136}",2026-09-27 13:17:25.449549+05:30,False,,COMPLETED,,
853,857,IsolationForest_WorldBank,v_test_suite,SG,Singapore,,,NY.GDP.PCAP.CD,GDP per capita (current US$),2020,61772.5036,-0.082122,True,"{'z_score': -1.0407, 'peer_mean': 16362.3751, 'hist_ratio': 0.7895, 'peer_z_score': 1.8609, 'historical_std': 15828.1053, 'yoy_growth_pct': -6.5, 'historical_mean': 78244.904}",2026-09-27 13:17:25.449549+05:30,False,,COMPLETED,,
854,856,IsolationForest_WorldBank,v_test_suite,SG,Singapore,,,NY.GDP.PCAP.CD,GDP per capita (current US$),2021,80884.8565,-0.135532,True,"{'z_score': 0.1668, 'peer_mean': 18898.3228, 'hist_ratio': 1.0337, 'peer_z_score': 2.1443, 'historical_std': 15828.1053, 'yoy_growth_pct': 30.94, 'historical_mean': 78244.904}",2026-09-27 13:17:25.449549+05:30,False,,COMPLETED,,
855,6058,IsolationForest_WorldBank,v_test_suite,SG,Singapore,,,NY.GDP.PCAP.CD,GDP per capita (current US$),2024,94896.5621,-0.061092,True,"{'z_score': 1.052, 'peer_mean': 20818.9195, 'hist_ratio': 1.2128, 'peer_z_score': 2.232, 'historical_std': 15828.1053, 'yoy_growth_pct': 0.0, 'historical_mean': 78244.904}",2026-09-27 13:17:25.449549+05:30,False,,COMPLETED,,
856,6057,IsolationForest_WorldBank,v_test_suite,SG,Singapore,,,NY.GDP.PCAP.CD,GDP per capita (current US$),2025,98813.9788,-0.139566,True,"{'z_score': 1.2995, 'peer_mean': 18596.8906, 'hist_ratio': 1.2629, 'peer_z_score': 3.246, 'historical_std': 15828.1053, 'yoy_growth_pct': 4.13, 'historical_mean': 78244.904}",2026-09-27 13:17:25.449549+05:30,False,,COMPLETED,,
857,6063,IsolationForest_WorldBank,v_test_suite,SI,Slovenia,,,NY.GDP.PCAP.CD,GDP per capita (current US$),2025,37376.2216,-0.096765,True,"{'z_score': 1.5218, 'peer_mean': 18596.8906, 'hist_ratio': 1.2601, 'peer_z_score': 0.7599, 'historical_std': 5070.1242, 'yoy_growth_pct': 8.97, 'historical_mean': 29660.7293}",2026-09-27 13:17:25.449549+05:30,False,,COMPLETED,,
858,6061,IsolationForest_WorldBank,v_test_suite,SK,Slovak Republic,,,NY.GDP.PCAP.CD,GDP per capita (current US$),2025,28543.6653,-0.086304,True,"{'z_score': 1.5482, 'peer_mean': 18596.8906, 'hist_ratio': 1.2651, 'peer_z_score': 0.4025, 'historical_std': 3863.2453, 'yoy_growth_pct': 9.81, 'historical_mean': 22562.4318}",2026-09-27 13:17:25.449549+05:30,False,,COMPLETED,,
859,828,IsolationForest_WorldBank,v_test_suite,SM,San Marino,,,NY.GDP.PCAP.CD,GDP per capita (current US$),2021,54168.9744,-0.117150,True,"{'z_score': 1.4063, 'peer_mean': 18898.3228, 'hist_ratio': 1.1217, 'peer_z_score': 1.2201, 'historical_std': 4178.0635, 'yoy_growth_pct': 21.93, 'historical_mean': 48293.327}",2026-09-27 13:17:25.449549+05:30,False,,COMPLETED,,
860,6049,IsolationForest_WorldBank,v_test_suite,SN,Senegal,,,NY.GDP.PCAP.CD,GDP per capita (current US$),2025,1954.7117,-0.104719,True,"{'z_score': 1.6837, 'peer_mean': 18596.8906, 'hist_ratio': 1.2171, 'peer_z_score': -0.6734, 'historical_std': 207.0682, 'yoy_growth_pct': 12.42, 'historical_mean': 1606.0625}",2026-09-27 13:17:25.449549+05:30,False,,COMPLETED,,
861,911,IsolationForest_WorldBank,v_test_suite,SR,Suriname,,,NY.GDP.PCAP.CD,GDP per capita (current US$),2020,4755.3922,-0.139439,True,"{'z_score': -1.4031, 'peer_mean': 16362.3751, 'hist_ratio': 0.7688, 'peer_z_score': -0.4756, 'historical_std': 1019.1561, 'yoy_growth_pct': -28.27, 'historical_mean': 6185.3854}",2026-09-27 13:17:25.449549+05:30,False,,COMPLETED,,
862,4007,IsolationForest_WorldBank,v_test_suite,SS,South Sudan,,,SH.H2O.BASW.ZS,People using at least basic drinking water services (% of population),2018,40.0226,-0.024141,True,"{'z_score': 1.3662, 'peer_mean': 88.5104, 'hist_ratio': 1.0049, 'peer_z_score': -3.2519, 'historical_std': 0.1436, 'yoy_growth_pct': 0.0, 'historical_mean': 39.8264}",2026-09-27 13:17:25.449549+05:30,False,,COMPLETED,,
864,4004,IsolationForest_WorldBank,v_test_suite,SS,South Sudan,,,SH.H2O.BASW.ZS,People using at least basic drinking water services (% of population),2021,39.6555,-0.010501,True,"{'z_score': -1.19, 'peer_mean': 89.4736, 'hist_ratio': 0.9957, 'peer_z_score': -3.5096, 'historical_std': 0.1436, 'yoy_growth_pct': -0.34, 'historical_mean': 39.8264}",2026-09-27 13:17:25.449549+05:30,False,,COMPLETED,,
865,2990,IsolationForest_WorldBank,v_test_suite,SS,South Sudan,,,SP.DYN.LE00.IN,"Life expectancy at birth, total (years)",2018,51.9050,-0.060697,True,"{'z_score': -1.7688, 'peer_mean': 72.552, 'hist_ratio': 0.9188, 'peer_z_score': -2.7425, 'historical_std': 2.5941, 'yoy_growth_pct': 0.0, 'historical_mean': 56.4934}",2026-09-27 13:17:25.449549+05:30,False,,COMPLETED,,
866,2989,IsolationForest_WorldBank,v_test_suite,SS,South Sudan,,,SP.DYN.LE00.IN,"Life expectancy at birth, total (years)",2019,58.1290,-0.053686,True,"{'z_score': 0.6305, 'peer_mean': 72.7336, 'hist_ratio': 1.029, 'peer_z_score': -1.8897, 'historical_std': 2.5941, 'yoy_growth_pct': 11.99, 'historical_mean': 56.4934}",2026-09-27 13:17:25.449549+05:30,False,,COMPLETED,,
868,834,IsolationForest_WorldBank,v_test_suite,ST,Sao Tome and Principe,,,NY.GDP.PCAP.CD,GDP per capita (current US$),2019,1935.2932,-0.027505,True,"{'z_score': -0.7675, 'peer_mean': 17618.8353, 'hist_ratio': 0.7313, 'peer_z_score': -0.6096, 'historical_std': 926.3372, 'yoy_growth_pct': 6.01, 'historical_mean': 2646.2866}",2026-09-27 13:17:25.449549+05:30,False,,COMPLETED,,
869,833,IsolationForest_WorldBank,v_test_suite,ST,Sao Tome and Principe,,,NY.GDP.PCAP.CD,GDP per capita (current US$),2020,2167.2200,-0.013765,True,"{'z_score': -0.5172, 'peer_mean': 16362.3751, 'hist_ratio': 0.819, 'peer_z_score': -0.5817, 'historical_std': 926.3372, 'yoy_growth_pct': 11.98, 'historical_mean': 2646.2866}",2026-09-27 13:17:25.449549+05:30,False,,COMPLETED,,
870,6046,IsolationForest_WorldBank,v_test_suite,ST,Sao Tome and Principe,,,NY.GDP.PCAP.CD,GDP per capita (current US$),2024,3502.6177,-0.023377,True,"{'z_score': 0.9244, 'peer_mean': 20818.9195, 'hist_ratio': 1.3236, 'peer_z_score': -0.5217, 'historical_std': 926.3372, 'yoy_growth_pct': 0.0, 'historical_mean': 2646.2866}",2026-09-27 13:17:25.449549+05:30,False,,COMPLETED,,
871,6045,IsolationForest_WorldBank,v_test_suite,ST,Sao Tome and Principe,,,NY.GDP.PCAP.CD,GDP per capita (current US$),2025,4084.4006,-0.163771,True,"{'z_score': 1.5525, 'peer_mean': 18596.8906, 'hist_ratio': 1.5434, 'peer_z_score': -0.5872, 'historical_std': 926.3372, 'yoy_growth_pct': 16.61, 'historical_mean': 2646.2866}",2026-09-27 13:17:25.449549+05:30,False,,COMPLETED,,
872,5855,IsolationForest_WorldBank,v_test_suite,SV,El Salvador,,,NY.GDP.PCAP.CD,GDP per capita (current US$),2025,5766.7257,-0.013095,True,"{'z_score': 1.4075, 'peer_mean': 18596.8906, 'hist_ratio': 1.2178, 'peer_z_score': -0.5192, 'historical_std': 732.6068, 'yoy_growth_pct': 4.79, 'historical_mean': 4735.5487}",2026-09-27 13:17:25.449549+05:30,False,,COMPLETED,,
873,861,IsolationForest_WorldBank,v_test_suite,SX,Sint Maarten (Dutch part),,,NY.GDP.PCAP.CD,GDP per capita (current US$),2020,30150.8998,-0.065099,True,"{'z_score': -1.0205, 'peer_mean': 16362.3751, 'hist_ratio': 0.8465, 'peer_z_score': 0.565, 'historical_std': 5359.4237, 'yoy_growth_pct': -13.51, 'historical_mean': 35619.9726}",2026-09-27 13:17:25.449549+05:30,False,,COMPLETED,,
874,6059,IsolationForest_WorldBank,v_test_suite,SX,Sint Maarten (Dutch part),,,NY.GDP.PCAP.CD,GDP per capita (current US$),2025,42978.1317,-0.045141,True,"{'z_score': 1.3729, 'peer_mean': 18596.8906, 'hist_ratio': 1.2066, 'peer_z_score': 0.9866, 'historical_std': 5359.4237, 'yoy_growth_pct': 3.63, 'historical_mean': 35619.9726}",2026-09-27 13:17:25.449549+05:30,False,,COMPLETED,,
875,924,IsolationForest_WorldBank,v_test_suite,SY,Syrian Arab Republic,,,NY.GDP.PCAP.CD,GDP per capita (current US$),2019,1109.5393,-0.015283,True,"{'z_score': 0.8782, 'peer_mean': 17618.8353, 'hist_ratio': 1.2716, 'peer_z_score': -0.6417, 'historical_std': 269.8833, 'yoy_growth_pct': 1.04, 'historical_mean': 872.521}",2026-09-27 13:17:25.449549+05:30,False,,COMPLETED,,
876,923,IsolationForest_WorldBank,v_test_suite,SY,Syrian Arab Republic,,,NY.GDP.PCAP.CD,GDP per capita (current US$),2020,593.9118,-0.148648,True,"{'z_score': -1.0323, 'peer_mean': 16362.3751, 'hist_ratio': 0.6807, 'peer_z_score': -0.6462, 'historical_std': 269.8833, 'yoy_growth_pct': -46.47, 'historical_mean': 872.521}",2026-09-27 13:17:25.449549+05:30,False,,COMPLETED,,
877,922,IsolationForest_WorldBank,v_test_suite,SY,Syrian Arab Republic,,,NY.GDP.PCAP.CD,GDP per capita (current US$),2021,688.5661,-0.071611,True,"{'z_score': -0.6816, 'peer_mean': 18898.3228, 'hist_ratio': 0.7892, 'peer_z_score': -0.6299, 'historical_std': 269.8833, 'yoy_growth_pct': 15.94, 'historical_mean': 872.521}",2026-09-27 13:17:25.449549+05:30,False,,COMPLETED,,
878,433,IsolationForest_WorldBank,v_test_suite,SZ,Eswatini,,,NY.GDP.PCAP.CD,GDP per capita (current US$),2020,3466.5694,-0.086155,True,"{'z_score': -1.9295, 'peer_mean': 16362.3751, 'hist_ratio': 0.8906, 'peer_z_score': -0.5285, 'historical_std': 220.6719, 'yoy_growth_pct': -11.41, 'historical_mean': 3892.3639}",2026-09-27 13:17:25.449549+05:30,False,,COMPLETED,,
879,6720,IsolationForest_WorldBank,v_test_suite,SZ,Eswatini,,,SP.DYN.LE00.IN,"Life expectancy at birth, total (years)",2024,64.2640,-0.009154,True,"{'z_score': 1.7071, 'peer_mean': 73.7098, 'hist_ratio': 1.0678, 'peer_z_score': -1.3518, 'historical_std': 2.3911, 'yoy_growth_pct': 0.0, 'historical_mean': 60.1822}",2026-09-27 13:17:25.449549+05:30,False,,COMPLETED,,
880,98,IsolationForest_WorldBank,v_test_suite,T2,Latin America & the Caribbean (IDA & IBRD countries),,,NY.GDP.PCAP.CD,GDP per capita (current US$),2020,6965.1505,-0.101164,True,"{'z_score': -1.3005, 'peer_mean': 16362.3751, 'hist_ratio': 0.7842, 'peer_z_score': -0.3851, 'historical_std': 1473.6232, 'yoy_growth_pct': -16.72, 'historical_mean': 8881.6579}",2026-09-27 13:17:25.449549+05:30,False,,COMPLETED,,
882,5705,IsolationForest_WorldBank,v_test_suite,T2,Latin America & the Caribbean (IDA & IBRD countries),,,NY.GDP.PCAP.CD,GDP per capita (current US$),2025,10822.5929,-0.007846,True,"{'z_score': 1.3171, 'peer_mean': 18596.8906, 'hist_ratio': 1.2185, 'peer_z_score': -0.3146, 'historical_std': 1473.6232, 'yoy_growth_pct': 3.65, 'historical_mean': 8881.6579}",2026-09-27 13:17:25.449549+05:30,False,,COMPLETED,,
883,126,IsolationForest_WorldBank,v_test_suite,T3,"Middle East, North Africa, Afghanistan & Pakistan (IDA & IBRD)",,,NY.GDP.PCAP.CD,GDP per capita (current US$),2020,2409.5473,-0.078928,True,"{'z_score': -1.791, 'peer_mean': 16362.3751, 'hist_ratio': 0.8784, 'peer_z_score': -0.5718, 'historical_std': 186.2005, 'yoy_growth_pct': -10.59, 'historical_mean': 2743.0306}",2026-09-27 13:17:25.449549+05:30,False,,COMPLETED,,
884,33,IsolationForest_WorldBank,v_test_suite,T4,East Asia & Pacific (IDA & IBRD countries),,,NY.GDP.PCAP.CD,GDP per capita (current US$),2021,10086.4083,-0.033923,True,"{'z_score': 0.5341, 'peer_mean': 18898.3228, 'hist_ratio': 1.07, 'peer_z_score': -0.3048, 'historical_std': 1234.642, 'yoy_growth_pct': 18.87, 'historical_mean': 9426.9375}",2026-09-27 13:17:25.449549+05:30,False,,COMPLETED,,
885,5739,IsolationForest_WorldBank,v_test_suite,T5,South Asia (IDA & IBRD),,,NY.GDP.PCAP.CD,GDP per capita (current US$),2025,2705.2823,-0.001882,True,"{'z_score': 1.3663, 'peer_mean': 18596.8906, 'hist_ratio': 1.1941, 'peer_z_score': -0.6431, 'historical_std': 321.8127, 'yoy_growth_pct': 3.98, 'historical_mean': 2265.5757}",2026-09-27 13:17:25.449549+05:30,False,,COMPLETED,,
886,179,IsolationForest_WorldBank,v_test_suite,T6,Sub-Saharan Africa (IDA & IBRD countries),,,NY.GDP.PCAP.CD,GDP per capita (current US$),2019,1797.0412,-0.015014,True,"{'z_score': 1.2251, 'peer_mean': 17618.8353, 'hist_ratio': 1.0729, 'peer_z_score': -0.615, 'historical_std': 99.6424, 'yoy_growth_pct': 10.75, 'historical_mean': 1674.9643}",2026-09-27 13:17:25.449549+05:30,False,,COMPLETED,,
887,6654,IsolationForest_WorldBank,v_test_suite,T6,Sub-Saharan Africa (IDA & IBRD countries),,,SP.DYN.LE00.IN,"Life expectancy at birth, total (years)",2024,62.8037,-0.002535,True,"{'z_score': 1.7353, 'peer_mean': 73.7098, 'hist_ratio': 1.0243, 'peer_z_score': -1.5608, 'historical_std': 0.8584, 'yoy_growth_pct': 0.0, 'historical_mean': 61.3141}",2026-09-27 13:17:25.449549+05:30,False,,COMPLETED,,
888,50,IsolationForest_WorldBank,v_test_suite,T7,Europe & Central Asia (IDA & IBRD countries),,,NY.GDP.PCAP.CD,GDP per capita (current US$),2020,8455.7845,-0.013260,True,"{'z_score': -0.8458, 'peer_mean': 16362.3751, 'hist_ratio': 0.7801, 'peer_z_score': -0.324, 'historical_std': 2818.6923, 'yoy_growth_pct': -6.47, 'historical_mean': 10839.7998}",2026-09-27 13:17:25.449549+05:30,False,,COMPLETED,,
889,49,IsolationForest_WorldBank,v_test_suite,T7,Europe & Central Asia (IDA & IBRD countries),,,NY.GDP.PCAP.CD,GDP per capita (current US$),2021,9992.0052,-0.027684,True,"{'z_score': -0.3008, 'peer_mean': 18898.3228, 'hist_ratio': 0.9218, 'peer_z_score': -0.3081, 'historical_std': 2818.6923, 'yoy_growth_pct': 18.17, 'historical_mean': 10839.7998}",2026-09-27 13:17:25.449549+05:30,False,,COMPLETED,,
890,5681,IsolationForest_WorldBank,v_test_suite,T7,Europe & Central Asia (IDA & IBRD countries),,,NY.GDP.PCAP.CD,GDP per capita (current US$),2025,15300.0702,-0.142402,True,"{'z_score': 1.5824, 'peer_mean': 18596.8906, 'hist_ratio': 1.4115, 'peer_z_score': -0.1334, 'historical_std': 2818.6923, 'yoy_growth_pct': 14.48, 'historical_mean': 10839.7998}",2026-09-27 13:17:25.449549+05:30,False,,COMPLETED,,
891,967,IsolationForest_WorldBank,v_test_suite,TC,Turks and Caicos Islands,,,NY.GDP.PCAP.CD,GDP per capita (current US$),2020,20690.9161,-0.162107,True,"{'z_score': -1.4577, 'peer_mean': 16362.3751, 'hist_ratio': 0.6946, 'peer_z_score': 0.1774, 'historical_std': 6239.5658, 'yoy_growth_pct': -34.89, 'historical_mean': 29786.6245}",2026-09-27 13:17:25.449549+05:30,False,,COMPLETED,,
892,966,IsolationForest_WorldBank,v_test_suite,TC,Turks and Caicos Islands,,,NY.GDP.PCAP.CD,GDP per capita (current US$),2021,27329.2885,-0.088892,True,"{'z_score': -0.3938, 'peer_mean': 18898.3228, 'hist_ratio': 0.9175, 'peer_z_score': 0.2917, 'historical_std': 6239.5658, 'yoy_growth_pct': 32.08, 'historical_mean': 29786.6245}",2026-09-27 13:17:25.449549+05:30,False,,COMPLETED,,
893,6109,IsolationForest_WorldBank,v_test_suite,TC,Turks and Caicos Islands,,,NY.GDP.PCAP.CD,GDP per capita (current US$),2024,37506.7798,-0.028078,True,"{'z_score': 1.2373, 'peer_mean': 20818.9195, 'hist_ratio': 1.2592, 'peer_z_score': 0.5028, 'historical_std': 6239.5658, 'yoy_growth_pct': 0.0, 'historical_mean': 29786.6245}",2026-09-27 13:17:25.449549+05:30,False,,COMPLETED,,
894,3473,IsolationForest_WorldBank,v_test_suite,TD,Chad,,,SH.H2O.BASW.ZS,People using at least basic drinking water services (% of population),2021,51.8991,-0.012680,True,"{'z_score': 0.7864, 'peer_mean': 89.4736, 'hist_ratio': 1.0152, 'peer_z_score': -2.6471, 'historical_std': 0.9883, 'yoy_growth_pct': 1.37, 'historical_mean': 51.1219}",2026-09-27 13:17:25.449549+05:30,False,,COMPLETED,,
895,6941,IsolationForest_WorldBank,v_test_suite,TD,Chad,,,SH.H2O.BASW.ZS,People using at least basic drinking water services (% of population),2024,52.2091,-0.003493,True,"{'z_score': 1.1, 'peer_mean': 90.4725, 'hist_ratio': 1.0213, 'peer_z_score': -2.8346, 'historical_std': 0.9883, 'yoy_growth_pct': 0.0, 'historical_mean': 51.1219}",2026-09-27 13:17:25.449549+05:30,False,,COMPLETED,,
896,6695,IsolationForest_WorldBank,v_test_suite,TD,Chad,,,SP.DYN.LE00.IN,"Life expectancy at birth, total (years)",2024,55.2380,-0.051336,True,"{'z_score': 1.7294, 'peer_mean': 73.7098, 'hist_ratio': 1.0348, 'peer_z_score': -2.6435, 'historical_std': 1.0748, 'yoy_growth_pct': 0.0, 'historical_mean': 53.3792}",2026-09-27 13:17:25.449549+05:30,False,,COMPLETED,,
897,6097,IsolationForest_WorldBank,v_test_suite,TG,Togo,,,NY.GDP.PCAP.CD,GDP per capita (current US$),2025,1383.8997,-0.069491,True,"{'z_score': 1.5188, 'peer_mean': 18596.8906, 'hist_ratio': 1.2681, 'peer_z_score': -0.6965, 'historical_std': 192.6599, 'yoy_growth_pct': 9.31, 'historical_mean': 1091.2835}",2026-09-27 13:17:25.449549+05:30,False,,COMPLETED,,
898,7085,IsolationForest_WorldBank,v_test_suite,TG,Togo,,,SH.H2O.BASW.ZS,People using at least basic drinking water services (% of population),2024,64.7862,-0.016649,True,"{'z_score': 1.6841, 'peer_mean': 90.4725, 'hist_ratio': 1.0386, 'peer_z_score': -1.9029, 'historical_std': 1.4306, 'yoy_growth_pct': 0.0, 'historical_mean': 62.3769}",2026-09-27 13:17:25.449549+05:30,False,,COMPLETED,,
899,6093,IsolationForest_WorldBank,v_test_suite,TH,Thailand,,,NY.GDP.PCAP.CD,GDP per capita (current US$),2025,8056.5636,-0.019132,True,"{'z_score': 1.6796, 'peer_mean': 18596.8906, 'hist_ratio': 1.094, 'peer_z_score': -0.4265, 'historical_std': 412.0405, 'yoy_growth_pct': 9.07, 'historical_mean': 7364.4824}",2026-09-27 13:17:25.449549+05:30,False,,COMPLETED,,
901,6090,IsolationForest_WorldBank,v_test_suite,TJ,Tajikistan,,,NY.GDP.PCAP.CD,GDP per capita (current US$),2024,1362.0256,-0.006461,True,"{'z_score': 0.8441, 'peer_mean': 20818.9195, 'hist_ratio': 1.2698, 'peer_z_score': -0.5862, 'historical_std': 342.8506, 'yoy_growth_pct': 0.0, 'historical_mean': 1072.6084}",2026-09-27 13:17:25.449549+05:30,False,,COMPLETED,,
902,6089,IsolationForest_WorldBank,v_test_suite,TJ,Tajikistan,,,NY.GDP.PCAP.CD,GDP per capita (current US$),2025,1637.2543,-0.185644,True,"{'z_score': 1.6469, 'peer_mean': 18596.8906, 'hist_ratio': 1.5264, 'peer_z_score': -0.6863, 'historical_std': 342.8506, 'yoy_growth_pct': 20.21, 'historical_mean': 1072.6084}",2026-09-27 13:17:25.449549+05:30,False,,COMPLETED,,
903,940,IsolationForest_WorldBank,v_test_suite,TL,Timor-Leste,,,NY.GDP.PCAP.CD,GDP per capita (current US$),2019,1562.3646,-0.063584,True,"{'z_score': -0.1223, 'peer_mean': 17618.8353, 'hist_ratio': 0.9594, 'peer_z_score': -0.6241, 'historical_std': 540.0615, 'yoy_growth_pct': 28.12, 'historical_mean': 1628.4269}",2026-09-27 13:17:25.449549+05:30,False,,COMPLETED,,
909,6099,IsolationForest_WorldBank,v_test_suite,TO,Tonga,,,NY.GDP.PCAP.CD,GDP per capita (current US$),2025,6547.1865,-0.023745,True,"{'z_score': 1.4748, 'peer_mean': 18596.8906, 'hist_ratio': 1.2298, 'peer_z_score': -0.4876, 'historical_std': 829.6873, 'yoy_growth_pct': 5.34, 'historical_mean': 5323.603}",2026-09-27 13:17:25.449549+05:30,False,,COMPLETED,,
910,959,IsolationForest_WorldBank,v_test_suite,TR,Turkiye,,,NY.GDP.PCAP.CD,GDP per capita (current US$),2020,8798.1179,-0.036431,True,"{'z_score': -0.79, 'peer_mean': 16362.3751, 'hist_ratio': 0.7296, 'peer_z_score': -0.31, 'historical_std': 4126.9537, 'yoy_growth_pct': -6.36, 'historical_mean': 12058.5653}",2026-09-27 13:17:25.449549+05:30,False,,COMPLETED,,
912,6106,IsolationForest_WorldBank,v_test_suite,TR,Turkiye,,,NY.GDP.PCAP.CD,GDP per capita (current US$),2024,15892.7157,-0.015232,True,"{'z_score': 0.9291, 'peer_mean': 20818.9195, 'hist_ratio': 1.318, 'peer_z_score': -0.1484, 'historical_std': 4126.9537, 'yoy_growth_pct': 0.0, 'historical_mean': 12058.5653}",2026-09-27 13:17:25.449549+05:30,False,,COMPLETED,,
913,6105,IsolationForest_WorldBank,v_test_suite,TR,Turkiye,,,NY.GDP.PCAP.CD,GDP per capita (current US$),2025,18599.4421,-0.167007,True,"{'z_score': 1.5849, 'peer_mean': 18596.8906, 'hist_ratio': 1.5424, 'peer_z_score': 0.0001, 'historical_std': 4126.9537, 'yoy_growth_pct': 17.03, 'historical_mean': 12058.5653}",2026-09-27 13:17:25.449549+05:30,False,,COMPLETED,,
914,951,IsolationForest_WorldBank,v_test_suite,TT,Trinidad and Tobago,,,NY.GDP.PCAP.CD,GDP per capita (current US$),2020,15283.6271,-0.086021,True,"{'z_score': -1.7429, 'peer_mean': 16362.3751, 'hist_ratio': 0.8694, 'peer_z_score': -0.0442, 'historical_std': 1317.6361, 'yoy_growth_pct': -11.21, 'historical_mean': 17580.1646}",2026-09-27 13:17:25.449549+05:30,False,,COMPLETED,,
915,970,IsolationForest_WorldBank,v_test_suite,TV,Tuvalu,,,NY.GDP.PCAP.CD,GDP per capita (current US$),2021,6042.5198,-0.043053,True,"{'z_score': 0.9422, 'peer_mean': 18898.3228, 'hist_ratio': 1.1147, 'peer_z_score': -0.4447, 'historical_std': 660.1865, 'yoy_growth_pct': 20.14, 'historical_mean': 5420.5179}",2026-09-27 13:17:25.449549+05:30,False,,COMPLETED,,
916,6091,IsolationForest_WorldBank,v_test_suite,TZ,Tanzania,,,NY.GDP.PCAP.CD,GDP per capita (current US$),2025,1318.8192,-0.066078,True,"{'z_score': 1.6494, 'peer_mean': 18596.8906, 'hist_ratio': 1.1509, 'peer_z_score': -0.6992, 'historical_std': 104.8676, 'yoy_growth_pct': 10.58, 'historical_mean': 1145.8544}",2026-09-27 13:17:25.449549+05:30,False,,COMPLETED,,
917,7082,IsolationForest_WorldBank,v_test_suite,TZ,Tanzania,,,SH.H2O.BASW.ZS,People using at least basic drinking water services (% of population),2024,64.6060,-0.006070,True,"{'z_score': 1.5626, 'peer_mean': 90.4725, 'hist_ratio': 1.0942, 'peer_z_score': -1.9162, 'historical_std': 3.5595, 'yoy_growth_pct': 0.0, 'historical_mean': 59.0438}",2026-09-27 13:17:25.449549+05:30,False,,COMPLETED,,
918,980,IsolationForest_WorldBank,v_test_suite,UA,Ukraine,,,NY.GDP.PCAP.CD,GDP per capita (current US$),2019,3619.8616,-0.014193,True,"{'z_score': -0.2389, 'peer_mean': 17618.8353, 'hist_ratio': 0.9548, 'peer_z_score': -0.5442, 'historical_std': 716.8805, 'yoy_growth_pct': 18.33, 'historical_mean': 3791.1571}",2026-09-27 13:17:25.449549+05:30,False,,COMPLETED,,
919,978,IsolationForest_WorldBank,v_test_suite,UA,Ukraine,,,NY.GDP.PCAP.CD,GDP per capita (current US$),2021,4775.9458,-0.123837,True,"{'z_score': 1.3737, 'peer_mean': 18898.3228, 'hist_ratio': 1.2598, 'peer_z_score': -0.4885, 'historical_std': 716.8805, 'yoy_growth_pct': 28.74, 'historical_mean': 3791.1571}",2026-09-27 13:17:25.449549+05:30,False,,COMPLETED,,
920,4093,IsolationForest_WorldBank,v_test_suite,UG,Uganda,,,SH.H2O.BASW.ZS,People using at least basic drinking water services (% of population),2021,57.9452,-0.025812,True,"{'z_score': 1.1642, 'peer_mean': 89.4736, 'hist_ratio': 1.045, 'peer_z_score': -2.2211, 'historical_std': 2.1431, 'yoy_growth_pct': 2.97, 'historical_mean': 55.4501}",2026-09-27 13:17:25.449549+05:30,False,,COMPLETED,,
921,990,IsolationForest_WorldBank,v_test_suite,US,United States,,,NY.GDP.PCAP.CD,GDP per capita (current US$),2021,70248.6300,-0.074012,True,"{'z_score': 1.4322, 'peer_mean': 18898.3228, 'hist_ratio': 1.073, 'peer_z_score': 1.7764, 'historical_std': 3336.3438, 'yoy_growth_pct': 10.58, 'historical_mean': 65470.2082}",2026-09-27 13:17:25.449549+05:30,False,,COMPLETED,,
922,995,IsolationForest_WorldBank,v_test_suite,UY,Uruguay,,,NY.GDP.PCAP.CD,GDP per capita (current US$),2020,15757.5342,-0.046464,True,"{'z_score': -1.3835, 'peer_mean': 16362.3751, 'hist_ratio': 0.8852, 'peer_z_score': -0.0248, 'historical_std': 1477.2343, 'yoy_growth_pct': -13.97, 'historical_mean': 17801.2554}",2026-09-27 13:17:25.449549+05:30,False,,COMPLETED,,
923,998,IsolationForest_WorldBank,v_test_suite,UZ,Uzbekistan,,,NY.GDP.PCAP.CD,GDP per capita (current US$),2021,2370.3648,-0.047060,True,"{'z_score': 1.2784, 'peer_mean': 18898.3228, 'hist_ratio': 1.118, 'peer_z_score': -0.5717, 'historical_std': 195.6344, 'yoy_growth_pct': 13.53, 'historical_mean': 2120.27}",2026-09-27 13:17:25.449549+05:30,False,,COMPLETED,,
924,155,IsolationForest_WorldBank,v_test_suite,V1,Pre-demographic dividend,,,NY.GDP.PCAP.CD,GDP per capita (current US$),2019,1682.6478,-0.062232,True,"{'z_score': 1.5509, 'peer_mean': 17618.8353, 'hist_ratio': 1.1132, 'peer_z_score': -0.6195, 'historical_std': 110.3409, 'yoy_growth_pct': 15.88, 'historical_mean': 1511.5187}",2026-09-27 13:17:25.449549+05:30,False,,COMPLETED,,
925,6648,IsolationForest_WorldBank,v_test_suite,V1,Pre-demographic dividend,,,SP.DYN.LE00.IN,"Life expectancy at birth, total (years)",2024,62.3537,-0.010690,True,"{'z_score': 1.7644, 'peer_mean': 73.7098, 'hist_ratio': 1.0259, 'peer_z_score': -1.6252, 'historical_std': 0.8928, 'yoy_growth_pct': 0.0, 'historical_mean': 60.7785}",2026-09-27 13:17:25.449549+05:30,False,,COMPLETED,,
926,22,IsolationForest_WorldBank,v_test_suite,V2,Early-demographic dividend,,,NY.GDP.PCAP.CD,GDP per capita (current US$),2020,3185.4979,-0.015944,True,"{'z_score': -1.0999, 'peer_mean': 16362.3751, 'hist_ratio': 0.8384, 'peer_z_score': -0.54, 'historical_std': 558.249, 'yoy_growth_pct': -8.51, 'historical_mean': 3799.5396}",2026-09-27 13:17:25.449549+05:30,False,,COMPLETED,,
927,1054,IsolationForest_WorldBank,v_test_suite,V2,Early-demographic dividend,,,SP.POP.TOTL,"Population, total",2018,3314245247.0000,-0.003946,True,"{'z_score': -1.1424, 'peer_mean': 310896968.8636, 'hist_ratio': 0.9633, 'peer_z_score': 3.0888, 'historical_std': 110432184.6212, 'yoy_growth_pct': 0.0, 'historical_mean': 3440399050.3333}",2026-09-27 13:17:25.449549+05:30,False,,COMPLETED,,
928,6122,IsolationForest_WorldBank,v_test_suite,V2,Early-demographic dividend,,,SP.POP.TOTL,"Population, total",2025,3592750579.0000,-0.020624,True,"{'z_score': 1.3796, 'peer_mean': 351395610.2008, 'hist_ratio': 1.0443, 'peer_z_score': 3.0421, 'historical_std': 110432184.6212, 'yoy_growth_pct': 1.14, 'historical_mean': 3440399050.3333}",2026-09-27 13:17:25.449549+05:30,False,,COMPLETED,,
929,85,IsolationForest_WorldBank,v_test_suite,V3,Late-demographic dividend,,,NY.GDP.PCAP.CD,GDP per capita (current US$),2021,11760.0897,-0.016025,True,"{'z_score': 0.2319, 'peer_mean': 18898.3228, 'hist_ratio': 1.0335, 'peer_z_score': -0.2469, 'historical_std': 1643.6113, 'yoy_growth_pct': 19.1, 'historical_mean': 11378.9111}",2026-09-27 13:17:25.449549+05:30,False,,COMPLETED,,
930,5699,IsolationForest_WorldBank,v_test_suite,V3,Late-demographic dividend,,,NY.GDP.PCAP.CD,GDP per capita (current US$),2025,13677.3232,-0.014088,True,"{'z_score': 1.3984, 'peer_mean': 18596.8906, 'hist_ratio': 1.202, 'peer_z_score': -0.1991, 'historical_std': 1643.6113, 'yoy_growth_pct': 6.23, 'historical_mean': 11378.9111}",2026-09-27 13:17:25.449549+05:30,False,,COMPLETED,,
931,5731,IsolationForest_WorldBank,v_test_suite,V4,Post-demographic dividend,,,NY.GDP.PCAP.CD,GDP per capita (current US$),2025,59490.0241,-0.058925,True,"{'z_score': 1.4666, 'peer_mean': 18596.8906, 'hist_ratio': 1.1765, 'peer_z_score': 1.6547, 'historical_std': 6084.9511, 'yoy_growth_pct': 5.51, 'historical_mean': 50566.1022}",2026-09-27 13:17:25.449549+05:30,False,,COMPLETED,,
932,6079,IsolationForest_WorldBank,v_test_suite,VC,St. Vincent and the Grenadines,,,NY.GDP.PCAP.CD,GDP per capita (current US$),2025,12561.7692,-0.074092,True,"{'z_score': 1.5538, 'peer_mean': 18596.8906, 'hist_ratio': 1.2945, 'peer_z_score': -0.2442, 'historical_std': 1839.1469, 'yoy_growth_pct': 9.22, 'historical_mean': 9704.0332}",2026-09-27 13:17:25.449549+05:30,False,,COMPLETED,,
933,1009,IsolationForest_WorldBank,v_test_suite,VE,"Venezuela, RB",,,NY.GDP.PCAP.CD,GDP per capita (current US$),2018,3421.5134,-0.075781,True,"{'z_score': 1.2925, 'peer_mean': 17653.2755, 'hist_ratio': 1.4474, 'peer_z_score': -0.5469, 'historical_std': 818.2648, 'yoy_growth_pct': 0.0, 'historical_mean': 2363.9015}",2026-09-27 13:17:25.449549+05:30,False,,COMPLETED,,
934,1008,IsolationForest_WorldBank,v_test_suite,VE,"Venezuela, RB",,,NY.GDP.PCAP.CD,GDP per capita (current US$),2019,2523.1153,-0.077001,True,"{'z_score': 0.1946, 'peer_mean': 17618.8353, 'hist_ratio': 1.0674, 'peer_z_score': -0.5868, 'historical_std': 818.2648, 'yoy_growth_pct': -26.26, 'historical_mean': 2363.9015}",2026-09-27 13:17:25.449549+05:30,False,,COMPLETED,,
935,1007,IsolationForest_WorldBank,v_test_suite,VE,"Venezuela, RB",,,NY.GDP.PCAP.CD,GDP per capita (current US$),2020,1506.0417,-0.166788,True,"{'z_score': -1.0484, 'peer_mean': 16362.3751, 'hist_ratio': 0.6371, 'peer_z_score': -0.6088, 'historical_std': 818.2648, 'yoy_growth_pct': -40.31, 'historical_mean': 2363.9015}",2026-09-27 13:17:25.449549+05:30,False,,COMPLETED,,
937,1014,IsolationForest_WorldBank,v_test_suite,VI,Virgin Islands (U.S.),,,NY.GDP.PCAP.CD,GDP per capita (current US$),2021,42571.0777,-0.012514,True,"{'z_score': 1.279, 'peer_mean': 18898.3228, 'hist_ratio': 1.0801, 'peer_z_score': 0.8189, 'historical_std': 2468.6389, 'yoy_growth_pct': 7.0, 'historical_mean': 39413.7977}",2026-09-27 13:17:25.449549+05:30,False,,COMPLETED,,
938,6043,IsolationForest_WorldBank,v_test_suite,WS,Samoa,,,NY.GDP.PCAP.CD,GDP per capita (current US$),2025,5872.7833,-0.056552,True,"{'z_score': 1.5614, 'peer_mean': 18596.8906, 'hist_ratio': 1.2598, 'peer_z_score': -0.5149, 'historical_std': 775.6076, 'yoy_growth_pct': 8.9, 'historical_mean': 4661.7622}",2026-09-27 13:17:25.449549+05:30,False,,COMPLETED,,
939,5675,IsolationForest_WorldBank,v_test_suite,XC,Euro area,,,NY.GDP.PCAP.CD,GDP per capita (current US$),2025,50214.0783,-0.075536,True,"{'z_score': 1.5673, 'peer_mean': 18596.8906, 'hist_ratio': 1.1813, 'peer_z_score': 1.2794, 'historical_std': 4917.6197, 'yoy_growth_pct': 8.16, 'historical_mean': 42506.6265}",2026-09-27 13:17:25.449549+05:30,False,,COMPLETED,,
940,5687,IsolationForest_WorldBank,v_test_suite,XD,High income,,,NY.GDP.PCAP.CD,GDP per capita (current US$),2025,53997.2580,-0.064845,True,"{'z_score': 1.4798, 'peer_mean': 18596.8906, 'hist_ratio': 1.1834, 'peer_z_score': 1.4325, 'historical_std': 5655.552, 'yoy_growth_pct': 6.07, 'historical_mean': 45628.4088}",2026-09-27 13:17:25.449549+05:30,False,,COMPLETED,,
941,5685,IsolationForest_WorldBank,v_test_suite,XE,Heavily indebted poor countries (HIPC),,,NY.GDP.PCAP.CD,GDP per capita (current US$),2025,1331.9000,-0.059971,True,"{'z_score': 1.5899, 'peer_mean': 18596.8906, 'hist_ratio': 1.22, 'peer_z_score': -0.6986, 'historical_std': 151.0873, 'yoy_growth_pct': 9.1, 'historical_mean': 1091.6904}",2026-09-27 13:17:25.449549+05:30,False,,COMPLETED,,
942,6873,IsolationForest_WorldBank,v_test_suite,XE,Heavily indebted poor countries (HIPC),,,SH.H2O.BASW.ZS,People using at least basic drinking water services (% of population),2024,63.8238,-0.007297,True,"{'z_score': 1.5588, 'peer_mean': 90.4725, 'hist_ratio': 1.0564, 'peer_z_score': -1.9742, 'historical_std': 2.1847, 'yoy_growth_pct': 0.0, 'historical_mean': 60.4182}",2026-09-27 13:17:25.449549+05:30,False,,COMPLETED,,
943,1098,IsolationForest_WorldBank,v_test_suite,XF,IBRD only,,,SP.POP.TOTL,"Population, total",2018,4806981820.0000,-0.053821,True,"{'z_score': -1.2513, 'peer_mean': 310896968.8636, 'hist_ratio': 0.9803, 'peer_z_score': 4.624, 'historical_std': 77286741.1124, 'yoy_growth_pct': 0.0, 'historical_mean': 4903693894.0}",2026-09-27 13:17:25.449549+05:30,False,,COMPLETED,,
944,1097,IsolationForest_WorldBank,v_test_suite,XF,IBRD only,,,SP.POP.TOTL,"Population, total",2019,4845075024.0000,-0.013618,True,"{'z_score': -0.7585, 'peer_mean': 314532541.9962, 'hist_ratio': 0.988, 'peer_z_score': 4.6102, 'historical_std': 77286741.1124, 'yoy_growth_pct': 0.79, 'historical_mean': 4903693894.0}",2026-09-27 13:17:25.449549+05:30,False,,COMPLETED,,
945,1096,IsolationForest_WorldBank,v_test_suite,XF,IBRD only,,,SP.POP.TOTL,"Population, total",2020,4878296727.0000,-0.009459,True,"{'z_score': -0.3286, 'peer_mean': 318005460.7462, 'hist_ratio': 0.9948, 'peer_z_score': 4.5945, 'historical_std': 77286741.1124, 'yoy_growth_pct': 0.69, 'historical_mean': 4903693894.0}",2026-09-27 13:17:25.449549+05:30,False,,COMPLETED,,
946,1095,IsolationForest_WorldBank,v_test_suite,XF,IBRD only,,,SP.POP.TOTL,"Population, total",2021,4905212516.0000,-0.001477,True,"{'z_score': 0.0196, 'peer_mean': 321122991.1477, 'hist_ratio': 1.0003, 'peer_z_score': 4.5781, 'historical_std': 77286741.1124, 'yoy_growth_pct': 0.55, 'historical_mean': 4903693894.0}",2026-09-27 13:17:25.449549+05:30,False,,COMPLETED,,
947,6145,IsolationForest_WorldBank,v_test_suite,XF,IBRD only,,,SP.POP.TOTL,"Population, total",2024,4979670326.0000,-0.020373,True,"{'z_score': 0.983, 'peer_mean': 347846364.7791, 'hist_ratio': 1.0155, 'peer_z_score': 4.3861, 'historical_std': 77286741.1124, 'yoy_growth_pct': 0.0, 'historical_mean': 4903693894.0}",2026-09-27 13:17:25.449549+05:30,False,,COMPLETED,,
948,6144,IsolationForest_WorldBank,v_test_suite,XF,IBRD only,,,SP.POP.TOTL,"Population, total",2025,5006926951.0000,-0.043680,True,"{'z_score': 1.3357, 'peer_mean': 351395610.2008, 'hist_ratio': 1.0211, 'peer_z_score': 4.3693, 'historical_std': 77286741.1124, 'yoy_growth_pct': 0.55, 'historical_mean': 4903693894.0}",2026-09-27 13:17:25.449549+05:30,False,,COMPLETED,,
949,75,IsolationForest_WorldBank,v_test_suite,XH,IDA blend,,,NY.GDP.PCAP.CD,GDP per capita (current US$),2019,2210.5554,-0.063305,True,"{'z_score': 1.2228, 'peer_mean': 17618.8353, 'hist_ratio': 1.129, 'peer_z_score': -0.5989, 'historical_std': 206.5897, 'yoy_growth_pct': 17.98, 'historical_mean': 1957.9316}",2026-09-27 13:17:25.449549+05:30,False,,COMPLETED,,
950,6628,IsolationForest_WorldBank,v_test_suite,XH,IDA blend,,,SP.DYN.LE00.IN,"Life expectancy at birth, total (years)",2024,62.6199,-0.005492,True,"{'z_score': 1.7233, 'peer_mean': 73.7098, 'hist_ratio': 1.0208, 'peer_z_score': -1.5871, 'historical_std': 0.741, 'yoy_growth_pct': 0.0, 'historical_mean': 61.3429}",2026-09-27 13:17:25.449549+05:30,False,,COMPLETED,,
951,5695,IsolationForest_WorldBank,v_test_suite,XI,IDA only,,,NY.GDP.PCAP.CD,GDP per capita (current US$),2025,1484.1116,-0.016993,True,"{'z_score': 1.5494, 'peer_mean': 18596.8906, 'hist_ratio': 1.1629, 'peer_z_score': -0.6925, 'historical_std': 134.1818, 'yoy_growth_pct': 6.34, 'historical_mean': 1276.2054}",2026-09-27 13:17:25.449549+05:30,False,,COMPLETED,,
952,94,IsolationForest_WorldBank,v_test_suite,XJ,Latin America & Caribbean (excluding high income),,,NY.GDP.PCAP.CD,GDP per capita (current US$),2020,6651.1582,-0.099381,True,"{'z_score': -1.2841, 'peer_mean': 16362.3751, 'hist_ratio': 0.7816, 'peer_z_score': -0.398, 'historical_std': 1447.1697, 'yoy_growth_pct': -16.92, 'historical_mean': 8509.4485}",2026-09-27 13:17:25.449549+05:30,False,,COMPLETED,,
953,93,IsolationForest_WorldBank,v_test_suite,XJ,Latin America & Caribbean (excluding high income),,,NY.GDP.PCAP.CD,GDP per capita (current US$),2021,7694.6114,-0.002753,True,"{'z_score': -0.5631, 'peer_mean': 18898.3228, 'hist_ratio': 0.9042, 'peer_z_score': -0.3876, 'historical_std': 1447.1697, 'yoy_growth_pct': 15.69, 'historical_mean': 8509.4485}",2026-09-27 13:17:25.449549+05:30,False,,COMPLETED,,
954,5703,IsolationForest_WorldBank,v_test_suite,XJ,Latin America & Caribbean (excluding high income),,,NY.GDP.PCAP.CD,GDP per capita (current US$),2025,10407.4818,-0.005904,True,"{'z_score': 1.3115, 'peer_mean': 18596.8906, 'hist_ratio': 1.2231, 'peer_z_score': -0.3314, 'historical_std': 1447.1697, 'yoy_growth_pct': 3.4, 'historical_mean': 8509.4485}",2026-09-27 13:17:25.449549+05:30,False,,COMPLETED,,
955,592,IsolationForest_WorldBank,v_test_suite,XK,Kosovo,,,NY.GDP.PCAP.CD,GDP per capita (current US$),2021,5269.6995,-0.027634,True,"{'z_score': -0.1832, 'peer_mean': 18898.3228, 'hist_ratio': 0.949, 'peer_z_score': -0.4715, 'historical_std': 1545.0664, 'yoy_growth_pct': 21.97, 'historical_mean': 5552.7146}",2026-09-27 13:17:25.449549+05:30,False,,COMPLETED,,
956,5933,IsolationForest_WorldBank,v_test_suite,XK,Kosovo,,,NY.GDP.PCAP.CD,GDP per capita (current US$),2025,7899.4184,-0.134169,True,"{'z_score': 1.5188, 'peer_mean': 18596.8906, 'hist_ratio': 1.4226, 'peer_z_score': -0.4329, 'historical_std': 1545.0664, 'yoy_growth_pct': 12.42, 'historical_mean': 5552.7146}",2026-09-27 13:17:25.449549+05:30,False,,COMPLETED,,
798,6011,IsolationForest_WorldBank,v_test_suite,NO,Norway,,,NY.GDP.PCAP.CD,GDP per capita (current US$),2025,94594.1930,-0.066166,True,"{'z_score': 0.875, 'peer_mean': 18596.8906, 'hist_ratio': 1.098, 'peer_z_score': 3.0752, 'historical_std': 9652.4562, 'yoy_growth_pct': 5.23, 'historical_mean': 86148.6125}",2026-09-27 13:17:25.449549+05:30,False,,COMPLETED,,
799,5996,IsolationForest_WorldBank,v_test_suite,NP,Nepal,,,NY.GDP.PCAP.CD,GDP per capita (current US$),2025,1535.8778,-0.002040,True,"{'z_score': 1.485, 'peer_mean': 18596.8906, 'hist_ratio': 1.1836, 'peer_z_score': -0.6904, 'historical_std': 160.4703, 'yoy_growth_pct': 5.18, 'historical_mean': 1297.5779}",2026-09-27 13:17:25.449549+05:30,False,,COMPLETED,,
800,720,IsolationForest_WorldBank,v_test_suite,NR,Naoero,,,NY.GDP.PCAP.CD,GDP per capita (current US$),2021,12748.1701,-0.017491,True,"{'z_score': 0.2102, 'peer_mean': 18898.3228, 'hist_ratio': 1.0286, 'peer_z_score': -0.2128, 'historical_std': 1687.5467, 'yoy_growth_pct': 19.04, 'historical_mean': 12393.4041}",2026-09-27 13:17:25.449549+05:30,False,,COMPLETED,,
630,424,IsolationForest_WorldBank,v_test_suite,GQ,Equatorial Guinea,,,NY.GDP.PCAP.CD,GDP per capita (current US$),2021,6945.6307,-0.020778,True,"{'z_score': 0.0971, 'peer_mean': 18898.3228, 'hist_ratio': 1.0106, 'peer_z_score': -0.4135, 'historical_std': 752.975, 'yoy_growth_pct': 20.5, 'historical_mean': 6872.5231}",2026-09-27 13:17:25.449549+05:30,False,,COMPLETED,,
957,6168,IsolationForest_WorldBank,v_test_suite,XN,Lower middle income,,,SP.POP.TOTL,"Population, total",2025,2945282634.0000,-0.005392,True,"{'z_score': 1.382, 'peer_mean': 351395610.2008, 'hist_ratio': 1.0504, 'peer_z_score': 2.4344, 'historical_std': 102256562.2818, 'yoy_growth_pct': 1.3, 'historical_mean': 2803963187.0}",2026-09-27 13:17:25.449549+05:30,False,,COMPLETED,,
958,105,IsolationForest_WorldBank,v_test_suite,XO,Low & middle income,,,NY.GDP.PCAP.CD,GDP per capita (current US$),2021,5422.1131,-0.000020,True,"{'z_score': 0.2309, 'peer_mean': 18898.3228, 'hist_ratio': 1.0269, 'peer_z_score': -0.4662, 'historical_std': 615.5688, 'yoy_growth_pct': 16.69, 'historical_mean': 5280.0064}",2026-09-27 13:17:25.449549+05:30,False,,COMPLETED,,
959,1138,IsolationForest_WorldBank,v_test_suite,XO,Low & middle income,,,SP.POP.TOTL,"Population, total",2018,6311329885.0000,-0.089888,True,"{'z_score': -1.1759, 'peer_mean': 310896968.8636, 'hist_ratio': 0.966, 'peer_z_score': 6.1711, 'historical_std': 189019823.5903, 'yoy_growth_pct': 0.0, 'historical_mean': 6533588897.8333}",2026-09-27 13:17:25.449549+05:30,False,,COMPLETED,,
960,1137,IsolationForest_WorldBank,v_test_suite,XO,Low & middle income,,,SP.POP.TOTL,"Population, total",2019,6387395177.0000,-0.055283,True,"{'z_score': -0.7734, 'peer_mean': 314532541.9962, 'hist_ratio': 0.9776, 'peer_z_score': 6.1796, 'historical_std': 189019823.5903, 'yoy_growth_pct': 1.21, 'historical_mean': 6533588897.8333}",2026-09-27 13:17:25.449549+05:30,False,,COMPLETED,,
961,1136,IsolationForest_WorldBank,v_test_suite,XO,Low & middle income,,,SP.POP.TOTL,"Population, total",2020,6460393883.0000,-0.057564,True,"{'z_score': -0.3872, 'peer_mean': 318005460.7462, 'hist_ratio': 0.9888, 'peer_z_score': 6.1884, 'historical_std': 189019823.5903, 'yoy_growth_pct': 1.14, 'historical_mean': 6533588897.8333}",2026-09-27 13:17:25.449549+05:30,False,,COMPLETED,,
666,542,IsolationForest_WorldBank,v_test_suite,IR,"Iran, Islamic Rep.",,,NY.GDP.PCAP.CD,GDP per capita (current US$),2019,3997.4935,-0.029057,True,"{'z_score': -0.4005, 'peer_mean': 17618.8353, 'hist_ratio': 0.9332, 'peer_z_score': -0.5295, 'historical_std': 714.7511, 'yoy_growth_pct': -16.42, 'historical_mean': 4283.7838}",2026-09-27 13:17:25.449549+05:30,False,,COMPLETED,,
702,5925,IsolationForest_WorldBank,v_test_suite,KZ,Kazakhstan,,,NY.GDP.PCAP.CD,GDP per capita (current US$),2025,14692.1332,-0.058424,True,"{'z_score': 1.3772, 'peer_mean': 18596.8906, 'hist_ratio': 1.3248, 'peer_z_score': -0.158, 'historical_std': 2615.4625, 'yoy_growth_pct': 3.8, 'historical_mean': 11090.2477}",2026-09-27 13:17:25.449549+05:30,False,,COMPLETED,,
703,5940,IsolationForest_WorldBank,v_test_suite,LA,Lao PDR,,,NY.GDP.PCAP.CD,GDP per capita (current US$),2024,2123.9791,-0.004248,True,"{'z_score': -1.7409, 'peer_mean': 20818.9195, 'hist_ratio': 0.8673, 'peer_z_score': -0.5633, 'historical_std': 186.602, 'yoy_growth_pct': 0.0, 'historical_mean': 2448.8332}",2026-09-27 13:17:25.449549+05:30,False,,COMPLETED,,
797,760,IsolationForest_WorldBank,v_test_suite,NO,Norway,,,NY.GDP.PCAP.CD,GDP per capita (current US$),2021,96442.5552,-0.168415,True,"{'z_score': 1.0665, 'peer_mean': 18898.3228, 'hist_ratio': 1.1195, 'peer_z_score': 2.6825, 'historical_std': 9652.4562, 'yoy_growth_pct': 35.72, 'historical_mean': 86148.6125}",2026-09-27 13:17:25.449549+05:30,False,,COMPLETED,,
962,1135,IsolationForest_WorldBank,v_test_suite,XO,Low & middle income,,,SP.POP.TOTL,"Population, total",2021,6527758150.0000,-0.041568,True,"{'z_score': -0.0308, 'peer_mean': 321122991.1477, 'hist_ratio': 0.9991, 'peer_z_score': 6.1986, 'historical_std': 189019823.5903, 'yoy_growth_pct': 1.04, 'historical_mean': 6533588897.8333}",2026-09-27 13:17:25.449549+05:30,False,,COMPLETED,,
963,6165,IsolationForest_WorldBank,v_test_suite,XO,Low & middle income,,,SP.POP.TOTL,"Population, total",2024,6722971301.0000,-0.071027,True,"{'z_score': 1.0019, 'peer_mean': 347846364.7791, 'hist_ratio': 1.029, 'peer_z_score': 6.037, 'historical_std': 189019823.5903, 'yoy_growth_pct': 0.0, 'historical_mean': 6533588897.8333}",2026-09-27 13:17:25.449549+05:30,False,,COMPLETED,,
977,5723,IsolationForest_WorldBank,v_test_suite,XU,North America,,,NY.GDP.PCAP.CD,GDP per capita (current US$),2025,86308.0717,-0.109965,True,"{'z_score': 1.3981, 'peer_mean': 18596.8906, 'hist_ratio': 1.217, 'peer_z_score': 2.7399, 'historical_std': 11008.1614, 'yoy_growth_pct': 4.23, 'historical_mean': 70917.329}",2026-09-27 13:17:25.449549+05:30,False,,COMPLETED,,
978,25,IsolationForest_WorldBank,v_test_suite,Z4,East Asia & Pacific,,,NY.GDP.PCAP.CD,GDP per capita (current US$),2021,13416.9773,-0.006370,True,"{'z_score': 0.6804, 'peer_mean': 18898.3228, 'hist_ratio': 1.0615, 'peer_z_score': -0.1896, 'historical_std': 1142.1243, 'yoy_growth_pct': 14.7, 'historical_mean': 12639.8659}",2026-09-27 13:17:25.449549+05:30,False,,COMPLETED,,
979,5677,IsolationForest_WorldBank,v_test_suite,Z7,Europe & Central Asia,,,NY.GDP.PCAP.CD,GDP per capita (current US$),2025,34603.4809,-0.081821,True,"{'z_score': 1.562, 'peer_mean': 18596.8906, 'hist_ratio': 1.2314, 'peer_z_score': 0.6477, 'historical_std': 4163.2174, 'yoy_growth_pct': 9.4, 'historical_mean': 28100.5651}",2026-09-27 13:17:25.449549+05:30,False,,COMPLETED,,
985,171,IsolationForest_WorldBank,v_test_suite,ZG,Sub-Saharan Africa,,,NY.GDP.PCAP.CD,GDP per capita (current US$),2019,1797.0412,-0.015014,True,"{'z_score': 1.2251, 'peer_mean': 17618.8353, 'hist_ratio': 1.0729, 'peer_z_score': -0.615, 'historical_std': 99.6424, 'yoy_growth_pct': 10.75, 'historical_mean': 1674.9643}",2026-09-27 13:17:25.449549+05:30,False,,COMPLETED,,
986,6652,IsolationForest_WorldBank,v_test_suite,ZG,Sub-Saharan Africa,,,SP.DYN.LE00.IN,"Life expectancy at birth, total (years)",2024,62.8037,-0.002535,True,"{'z_score': 1.7353, 'peer_mean': 73.7098, 'hist_ratio': 1.0243, 'peer_z_score': -1.5608, 'historical_std': 0.8584, 'yoy_growth_pct': 0.0, 'historical_mean': 61.3141}",2026-09-27 13:17:25.449549+05:30,False,,COMPLETED,,
987,2,IsolationForest_WorldBank,v_test_suite,ZH,Africa Eastern and Southern,,,NY.GDP.PCAP.CD,GDP per capita (current US$),2020,1351.5032,-0.082071,True,"{'z_score': -1.6323, 'peer_mean': 16362.3751, 'hist_ratio': 0.8696, 'peer_z_score': -0.6151, 'historical_std': 124.1202, 'yoy_growth_pct': -10.38, 'historical_mean': 1554.11}",2026-09-27 13:17:25.449549+05:30,False,,COMPLETED,,
1002,1101,IsolationForest_WorldBank,v_test_suite,ZT,IDA & IBRD total,,,SP.POP.TOTL,"Population, total",2019,6593373309.0000,-0.054418,True,"{'z_score': -0.7712, 'peer_mean': 314532541.9962, 'hist_ratio': 0.9786, 'peer_z_score': 6.3892, 'historical_std': 187328781.4294, 'yoy_growth_pct': 1.17, 'historical_mean': 6737846931.6667}",2026-09-27 13:17:25.449549+05:30,False,,COMPLETED,,
1003,1100,IsolationForest_WorldBank,v_test_suite,ZT,IDA & IBRD total,,,SP.POP.TOTL,"Population, total",2020,6665588686.0000,-0.057564,True,"{'z_score': -0.3857, 'peer_mean': 318005460.7462, 'hist_ratio': 0.9893, 'peer_z_score': 6.3951, 'historical_std': 187328781.4294, 'yoy_growth_pct': 1.1, 'historical_mean': 6737846931.6667}",2026-09-27 13:17:25.449549+05:30,False,,COMPLETED,,
1004,1099,IsolationForest_WorldBank,v_test_suite,ZT,IDA & IBRD total,,,SP.POP.TOTL,"Population, total",2021,6731708832.0000,-0.041568,True,"{'z_score': -0.0328, 'peer_mean': 321122991.1477, 'hist_ratio': 0.9991, 'peer_z_score': 6.4023, 'historical_std': 187328781.4294, 'yoy_growth_pct': 0.99, 'historical_mean': 6737846931.6667}",2026-09-27 13:17:25.449549+05:30,False,,COMPLETED,,
1005,6147,IsolationForest_WorldBank,v_test_suite,ZT,IDA & IBRD total,,,SP.POP.TOTL,"Population, total",2024,6925362193.0000,-0.070639,True,"{'z_score': 1.001, 'peer_mean': 347846364.7791, 'hist_ratio': 1.0278, 'peer_z_score': 6.2286, 'historical_std': 187328781.4294, 'yoy_growth_pct': 0.0, 'historical_mean': 6737846931.6667}",2026-09-27 13:17:25.449549+05:30,False,,COMPLETED,,
967,1161,IsolationForest_WorldBank,v_test_suite,XP,Middle income,,,SP.POP.TOTL,"Population, total",2019,5735139879.0000,-0.051561,True,"{'z_score': -0.7721, 'peer_mean': 314532541.9962, 'hist_ratio': 0.982, 'peer_z_score': 5.5159, 'historical_std': 135912075.6744, 'yoy_growth_pct': 1.02, 'historical_mean': 5840080003.8333}",2026-09-27 13:17:25.449549+05:30,False,,COMPLETED,,
968,1160,IsolationForest_WorldBank,v_test_suite,XP,Middle income,,,SP.POP.TOTL,"Population, total",2020,5789502859.0000,-0.056807,True,"{'z_score': -0.3721, 'peer_mean': 318005460.7462, 'hist_ratio': 0.9913, 'peer_z_score': 5.5125, 'historical_std': 135912075.6744, 'yoy_growth_pct': 0.95, 'historical_mean': 5840080003.8333}",2026-09-27 13:17:25.449549+05:30,False,,COMPLETED,,
969,1159,IsolationForest_WorldBank,v_test_suite,XP,Middle income,,,SP.POP.TOTL,"Population, total",2021,5838421323.0000,-0.040103,True,"{'z_score': -0.0122, 'peer_mean': 321122991.1477, 'hist_ratio': 0.9997, 'peer_z_score': 5.5101, 'historical_std': 135912075.6744, 'yoy_growth_pct': 0.84, 'historical_mean': 5840080003.8333}",2026-09-27 13:17:25.449549+05:30,False,,COMPLETED,,
970,6177,IsolationForest_WorldBank,v_test_suite,XP,Middle income,,,SP.POP.TOTL,"Population, total",2024,5975818672.0000,-0.057237,True,"{'z_score': 0.9987, 'peer_mean': 347846364.7791, 'hist_ratio': 1.0232, 'peer_z_score': 5.3295, 'historical_std': 135912075.6744, 'yoy_growth_pct': 0.0, 'historical_mean': 5840080003.8333}",2026-09-27 13:17:25.449549+05:30,False,,COMPLETED,,
971,6176,IsolationForest_WorldBank,v_test_suite,XP,Middle income,,,SP.POP.TOTL,"Population, total",2025,6024194822.0000,-0.085679,True,"{'z_score': 1.3547, 'peer_mean': 351395610.2008, 'hist_ratio': 1.0315, 'peer_z_score': 5.3241, 'historical_std': 135912075.6744, 'yoy_growth_pct': 0.81, 'historical_mean': 5840080003.8333}",2026-09-27 13:17:25.449549+05:30,False,,COMPLETED,,
976,5724,IsolationForest_WorldBank,v_test_suite,XU,North America,,,NY.GDP.PCAP.CD,GDP per capita (current US$),2024,82808.1205,-0.009433,True,"{'z_score': 1.0802, 'peer_mean': 20818.9195, 'hist_ratio': 1.1677, 'peer_z_score': 1.8678, 'historical_std': 11008.1614, 'yoy_growth_pct': 0.0, 'historical_mean': 70917.329}",2026-09-27 13:17:25.449549+05:30,False,,COMPLETED,,
819,785,IsolationForest_WorldBank,v_test_suite,PY,Paraguay,,,NY.GDP.PCAP.CD,GDP per capita (current US$),2020,5365.4722,-0.014767,True,"{'z_score': -1.3756, 'peer_mean': 16362.3751, 'hist_ratio': 0.8724, 'peer_z_score': -0.4506, 'historical_std': 570.6999, 'yoy_growth_pct': -7.83, 'historical_mean': 6150.5394}",2026-09-27 13:17:25.449549+05:30,False,,COMPLETED,,
904,938,IsolationForest_WorldBank,v_test_suite,TL,Timor-Leste,,,NY.GDP.PCAP.CD,GDP per capita (current US$),2021,2684.9267,-0.228620,True,"{'z_score': 1.9563, 'peer_mean': 18898.3228, 'hist_ratio': 1.6488, 'peer_z_score': -0.5609, 'historical_std': 540.0615, 'yoy_growth_pct': 64.63, 'historical_mean': 1628.4269}",2026-09-27 13:17:25.449549+05:30,False,,COMPLETED,,
905,963,IsolationForest_WorldBank,v_test_suite,TM,Turkmenistan,,,NY.GDP.PCAP.CD,GDP per capita (current US$),2020,3935.3775,-0.019943,True,"{'z_score': -0.6644, 'peer_mean': 16362.3751, 'hist_ratio': 0.8323, 'peer_z_score': -0.5092, 'historical_std': 1193.5833, 'yoy_growth_pct': -9.84, 'historical_mean': 4728.3527}",2026-09-27 13:17:25.449549+05:30,False,,COMPLETED,,
906,962,IsolationForest_WorldBank,v_test_suite,TM,Turkmenistan,,,NY.GDP.PCAP.CD,GDP per capita (current US$),2021,3713.2011,-0.006175,True,"{'z_score': -0.8505, 'peer_mean': 18898.3228, 'hist_ratio': 0.7853, 'peer_z_score': -0.5253, 'historical_std': 1193.5833, 'yoy_growth_pct': -5.65, 'historical_mean': 4728.3527}",2026-09-27 13:17:25.449549+05:30,False,,COMPLETED,,
908,6103,IsolationForest_WorldBank,v_test_suite,TN,Tunisia,,,NY.GDP.PCAP.CD,GDP per capita (current US$),2025,4656.6382,-0.074340,True,"{'z_score': 1.6792, 'peer_mean': 18596.8906, 'hist_ratio': 1.1911, 'peer_z_score': -0.5641, 'historical_std': 444.9395, 'yoy_growth_pct': 11.2, 'historical_mean': 3909.4746}",2026-09-27 13:17:25.449549+05:30,False,,COMPLETED,,
911,958,IsolationForest_WorldBank,v_test_suite,TR,Turkiye,,,NY.GDP.PCAP.CD,GDP per capita (current US$),2021,9981.7640,-0.027663,True,"{'z_score': -0.5032, 'peer_mean': 18898.3228, 'hist_ratio': 0.8278, 'peer_z_score': -0.3084, 'historical_std': 4126.9537, 'yoy_growth_pct': 13.45, 'historical_mean': 12058.5653}",2026-09-27 13:17:25.449549+05:30,False,,COMPLETED,,
743,688,IsolationForest_WorldBank,v_test_suite,MD,Moldova,,,NY.GDP.PCAP.CD,GDP per capita (current US$),2021,5274.6058,-0.031803,True,"{'z_score': -0.2425, 'peer_mean': 18898.3228, 'hist_ratio': 0.9196, 'peer_z_score': -0.4713, 'historical_std': 1900.1256, 'yoy_growth_pct': 20.54, 'historical_mean': 5735.4647}",2026-09-27 13:17:25.449549+05:30,False,,COMPLETED,,
781,718,IsolationForest_WorldBank,v_test_suite,NA,Namibia,,,NY.GDP.PCAP.CD,GDP per capita (current US$),2019,4731.9210,-0.000264,True,"{'z_score': 0.236, 'peer_mean': 17618.8353, 'hist_ratio': 1.0246, 'peer_z_score': -0.5009, 'historical_std': 481.405, 'yoy_growth_pct': -10.86, 'historical_mean': 4618.2881}",2026-09-27 13:17:25.449549+05:30,False,,COMPLETED,,
818,6017,IsolationForest_WorldBank,v_test_suite,PW,Palau,,,NY.GDP.PCAP.CD,GDP per capita (current US$),2025,19532.3558,-0.037741,True,"{'z_score': 1.4253, 'peer_mean': 18596.8906, 'hist_ratio': 1.2014, 'peer_z_score': 0.0379, 'historical_std': 2297.4674, 'yoy_growth_pct': 7.5, 'historical_mean': 16257.8333}",2026-09-27 13:17:25.449549+05:30,False,,COMPLETED,,
964,6164,IsolationForest_WorldBank,v_test_suite,XO,Low & middle income,,,SP.POP.TOTL,"Population, total",2025,6791684991.0000,-0.100727,True,"{'z_score': 1.3654, 'peer_mean': 351395610.2008, 'hist_ratio': 1.0395, 'peer_z_score': 6.0444, 'historical_std': 189019823.5903, 'yoy_growth_pct': 1.02, 'historical_mean': 6533588897.8333}",2026-09-27 13:17:25.449549+05:30,False,,COMPLETED,,
965,129,IsolationForest_WorldBank,v_test_suite,XP,Middle income,,,NY.GDP.PCAP.CD,GDP per capita (current US$),2021,5980.0005,-0.000693,True,"{'z_score': 0.2211, 'peer_mean': 18898.3228, 'hist_ratio': 1.0269, 'peer_z_score': -0.4469, 'historical_std': 707.7354, 'yoy_growth_pct': 17.02, 'historical_mean': 5823.5389}",2026-09-27 13:17:25.449549+05:30,False,,COMPLETED,,
966,1162,IsolationForest_WorldBank,v_test_suite,XP,Middle income,,,SP.POP.TOTL,"Population, total",2018,5677402468.0000,-0.087825,True,"{'z_score': -1.1969, 'peer_mean': 310896968.8636, 'hist_ratio': 0.9721, 'peer_z_score': 5.5192, 'historical_std': 135912075.6744, 'yoy_growth_pct': 0.0, 'historical_mean': 5840080003.8333}",2026-09-27 13:17:25.449549+05:30,False,,COMPLETED,,
867,835,IsolationForest_WorldBank,v_test_suite,ST,Sao Tome and Principe,,,NY.GDP.PCAP.CD,GDP per capita (current US$),2018,1825.5997,-0.025126,True,"{'z_score': -0.8859, 'peer_mean': 17653.2755, 'hist_ratio': 0.6899, 'peer_z_score': -0.6083, 'historical_std': 926.3372, 'yoy_growth_pct': 0.0, 'historical_mean': 2646.2866}",2026-09-27 13:17:25.449549+05:30,False,,COMPLETED,,
907,6107,IsolationForest_WorldBank,v_test_suite,TM,Turkmenistan,,,NY.GDP.PCAP.CD,GDP per capita (current US$),2025,6540.1788,-0.108311,True,"{'z_score': 1.518, 'peer_mean': 18596.8906, 'hist_ratio': 1.3832, 'peer_z_score': -0.4879, 'historical_std': 1193.5833, 'yoy_growth_pct': 10.77, 'historical_mean': 4728.3527}",2026-09-27 13:17:25.449549+05:30,False,,COMPLETED,,
972,122,IsolationForest_WorldBank,v_test_suite,XQ,"Middle East, North Africa, Afghanistan & Pakistan (excluding high income)",,,NY.GDP.PCAP.CD,GDP per capita (current US$),2020,2415.2625,-0.078928,True,"{'z_score': -1.7998, 'peer_mean': 16362.3751, 'hist_ratio': 0.8791, 'peer_z_score': -0.5715, 'historical_std': 184.602, 'yoy_growth_pct': -10.6, 'historical_mean': 2747.5107}",2026-09-27 13:17:25.449549+05:30,False,,COMPLETED,,
973,181,IsolationForest_WorldBank,v_test_suite,XT,Upper middle income,,,NY.GDP.PCAP.CD,GDP per capita (current US$),2021,9409.6124,-0.016363,True,"{'z_score': 0.1804, 'peer_mean': 18898.3228, 'hist_ratio': 1.0249, 'peer_z_score': -0.3282, 'historical_std': 1266.8992, 'yoy_growth_pct': 18.37, 'historical_mean': 9181.0373}",2026-09-27 13:17:25.449549+05:30,False,,COMPLETED,,
974,1214,IsolationForest_WorldBank,v_test_suite,XT,Upper middle income,,,SP.POP.TOTL,"Population, total",2018,2989519673.0000,-0.015148,True,"{'z_score': -1.3685, 'peer_mean': 310896968.8636, 'hist_ratio': 0.9847, 'peer_z_score': 2.7548, 'historical_std': 34049812.599, 'yoy_growth_pct': 0.0, 'historical_mean': 3036116816.8333}",2026-09-27 13:17:25.449549+05:30,False,,COMPLETED,,
975,133,IsolationForest_WorldBank,v_test_suite,XU,North America,,,NY.GDP.PCAP.CD,GDP per capita (current US$),2021,69532.9042,-0.013964,True,"{'z_score': -0.1258, 'peer_mean': 18898.3228, 'hist_ratio': 0.9805, 'peer_z_score': 1.7516, 'historical_std': 11008.1614, 'yoy_growth_pct': 11.57, 'historical_mean': 70917.329}",2026-09-27 13:17:25.449549+05:30,False,,COMPLETED,,
980,881,IsolationForest_WorldBank,v_test_suite,ZA,South Africa,,,NY.GDP.PCAP.CD,GDP per capita (current US$),2020,5580.6038,-0.100362,True,"{'z_score': -1.7996, 'peer_mean': 16362.3751, 'hist_ratio': 0.8647, 'peer_z_score': -0.4418, 'historical_std': 485.1666, 'yoy_growth_pct': -14.59, 'historical_mean': 6453.6918}",2026-09-27 13:17:25.449549+05:30,False,,COMPLETED,,
981,880,IsolationForest_WorldBank,v_test_suite,ZA,South Africa,,,NY.GDP.PCAP.CD,GDP per capita (current US$),2021,6828.7562,-0.041577,True,"{'z_score': 0.7731, 'peer_mean': 18898.3228, 'hist_ratio': 1.0581, 'peer_z_score': -0.4175, 'historical_std': 485.1666, 'yoy_growth_pct': 22.37, 'historical_mean': 6453.6918}",2026-09-27 13:17:25.449549+05:30,False,,COMPLETED,,
982,2983,IsolationForest_WorldBank,v_test_suite,ZA,South Africa,,,SP.DYN.LE00.IN,"Life expectancy at birth, total (years)",2021,62.0100,-0.042865,True,"{'z_score': -1.7327, 'peer_mean': 71.4652, 'hist_ratio': 0.9532, 'peer_z_score': -1.2667, 'historical_std': 1.7567, 'yoy_growth_pct': -4.82, 'historical_mean': 65.0538}",2026-09-27 13:17:25.449549+05:30,False,,COMPLETED,,
983,175,IsolationForest_WorldBank,v_test_suite,ZF,Sub-Saharan Africa (excluding high income),,,NY.GDP.PCAP.CD,GDP per capita (current US$),2019,1795.5538,-0.015014,True,"{'z_score': 1.2233, 'peer_mean': 17618.8353, 'hist_ratio': 1.0729, 'peer_z_score': -0.6151, 'historical_std': 99.7131, 'yoy_growth_pct': 10.76, 'historical_mean': 1673.5763}",2026-09-27 13:17:25.449549+05:30,False,,COMPLETED,,
984,6653,IsolationForest_WorldBank,v_test_suite,ZF,Sub-Saharan Africa (excluding high income),,,SP.DYN.LE00.IN,"Life expectancy at birth, total (years)",2024,62.8024,-0.002535,True,"{'z_score': 1.7353, 'peer_mean': 73.7098, 'hist_ratio': 1.0243, 'peer_z_score': -1.561, 'historical_std': 0.8583, 'yoy_growth_pct': 0.0, 'historical_mean': 61.313}",2026-09-27 13:17:25.449549+05:30,False,,COMPLETED,,
988,6859,IsolationForest_WorldBank,v_test_suite,ZH,Africa Eastern and Southern,,,SH.H2O.BASW.ZS,People using at least basic drinking water services (% of population),2024,61.6362,-0.017186,True,"{'z_score': 1.5722, 'peer_mean': 90.4725, 'hist_ratio': 1.0522, 'peer_z_score': -2.1363, 'historical_std': 1.9444, 'yoy_growth_pct': 0.0, 'historical_mean': 58.5792}",2026-09-27 13:17:25.449549+05:30,False,,COMPLETED,,
989,7,IsolationForest_WorldBank,v_test_suite,ZI,Africa Western and Central,,,NY.GDP.PCAP.CD,GDP per capita (current US$),2019,2219.4126,-0.115976,True,"{'z_score': 1.1531, 'peer_mean': 17618.8353, 'hist_ratio': 1.1986, 'peer_z_score': -0.5986, 'historical_std': 318.8888, 'yoy_growth_pct': 28.8, 'historical_mean': 1851.6983}",2026-09-27 13:17:25.449549+05:30,False,,COMPLETED,,
991,5659,IsolationForest_WorldBank,v_test_suite,ZI,Africa Western and Central,,,NY.GDP.PCAP.CD,GDP per capita (current US$),2025,1600.0584,-0.007241,True,"{'z_score': -0.7891, 'peer_mean': 18596.8906, 'hist_ratio': 0.8641, 'peer_z_score': -0.6878, 'historical_std': 318.8888, 'yoy_growth_pct': 12.98, 'historical_mean': 1851.6983}",2026-09-27 13:17:25.449549+05:30,False,,COMPLETED,,
992,6611,IsolationForest_WorldBank,v_test_suite,ZI,Africa Western and Central,,,SP.DYN.LE00.IN,"Life expectancy at birth, total (years)",2024,59.0415,-0.030294,True,"{'z_score': 1.7628, 'peer_mean': 73.7098, 'hist_ratio': 1.0253, 'peer_z_score': -2.0992, 'historical_std': 0.8259, 'yoy_growth_pct': 0.0, 'historical_mean': 57.5856}",2026-09-27 13:17:25.449549+05:30,False,,COMPLETED,,
993,90,IsolationForest_WorldBank,v_test_suite,ZJ,Latin America & Caribbean,,,NY.GDP.PCAP.CD,GDP per capita (current US$),2020,7169.3924,-0.091992,True,"{'z_score': -1.279, 'peer_mean': 16362.3751, 'hist_ratio': 0.7881, 'peer_z_score': -0.3767, 'historical_std': 1506.9195, 'yoy_growth_pct': -16.05, 'historical_mean': 9096.7308}",2026-09-27 13:17:25.449549+05:30,False,,COMPLETED,,
994,89,IsolationForest_WorldBank,v_test_suite,ZJ,Latin America & Caribbean,,,NY.GDP.PCAP.CD,GDP per capita (current US$),2021,8292.1521,-0.000735,True,"{'z_score': -0.5339, 'peer_mean': 18898.3228, 'hist_ratio': 0.9116, 'peer_z_score': -0.3669, 'historical_std': 1506.9195, 'yoy_growth_pct': 15.66, 'historical_mean': 9096.7308}",2026-09-27 13:17:25.449549+05:30,False,,COMPLETED,,
990,5660,IsolationForest_WorldBank,v_test_suite,ZI,Africa Western and Central,,,NY.GDP.PCAP.CD,GDP per capita (current US$),2024,1416.2284,-0.032564,True,"{'z_score': -1.3656, 'peer_mean': 20818.9195, 'hist_ratio': 0.7648, 'peer_z_score': -0.5846, 'historical_std': 318.8888, 'yoy_growth_pct': 0.0, 'historical_mean': 1851.6983}",2026-09-27 13:17:25.449549+05:30,False,,COMPLETED,,
453,1215,IsolationForest_WorldBank,v_test_suite,1W,World,,,SP.POP.TOTL,"Population, total",2021,7919567995.0000,-0.040717,True,"{'z_score': -0.0697, 'peer_mean': 321122991.1477, 'hist_ratio': 0.9982, 'peer_z_score': 7.5886, 'historical_std': 204842679.2593, 'yoy_growth_pct': 0.84, 'historical_mean': 7933845959.0}",2026-09-27 13:17:25.449549+05:30,False,,COMPLETED,,
454,6205,IsolationForest_WorldBank,v_test_suite,1W,World,,,SP.POP.TOTL,"Population, total",2024,8140897523.0000,-0.067690,True,"{'z_score': 1.0108, 'peer_mean': 347846364.7791, 'hist_ratio': 1.0261, 'peer_z_score': 7.3797, 'historical_std': 204842679.2593, 'yoy_growth_pct': 0.0, 'historical_mean': 7933845959.0}",2026-09-27 13:17:25.449549+05:30,False,,COMPLETED,,
455,6204,IsolationForest_WorldBank,v_test_suite,1W,World,,,SP.POP.TOTL,"Population, total",2025,8215424893.0000,-0.099377,True,"{'z_score': 1.3746, 'peer_mean': 351395610.2008, 'hist_ratio': 1.0355, 'peer_z_score': 7.3806, 'historical_std': 204842679.2593, 'yoy_growth_pct': 0.92, 'historical_mean': 7933845959.0}",2026-09-27 13:17:25.449549+05:30,False,,COMPLETED,,
456,29,IsolationForest_WorldBank,v_test_suite,4E,East Asia & Pacific (excluding high income),,,NY.GDP.PCAP.CD,GDP per capita (current US$),2021,9974.5792,-0.033923,True,"{'z_score': 0.5345, 'peer_mean': 18898.3228, 'hist_ratio': 1.07, 'peer_z_score': -0.3087, 'historical_std': 1220.7002, 'yoy_growth_pct': 18.87, 'historical_mean': 9322.1449}",2026-09-27 13:17:25.449549+05:30,False,,COMPLETED,,
1006,6146,IsolationForest_WorldBank,v_test_suite,ZT,IDA & IBRD total,,,SP.POP.TOTL,"Population, total",2025,6993790788.0000,-0.100319,True,"{'z_score': 1.3663, 'peer_mean': 351395610.2008, 'hist_ratio': 1.038, 'peer_z_score': 6.2341, 'historical_std': 187328781.4294, 'yoy_growth_pct': 0.99, 'historical_mean': 6737846931.6667}",2026-09-27 13:17:25.449549+05:30,False,,COMPLETED,,
1007,1027,IsolationForest_WorldBank,v_test_suite,ZW,Zimbabwe,,,NY.GDP.PCAP.CD,GDP per capita (current US$),2021,2613.6167,-0.109254,True,"{'z_score': 1.3963, 'peer_mean': 18898.3228, 'hist_ratio': 1.1452, 'peer_z_score': -0.5633, 'historical_std': 237.3747, 'yoy_growth_pct': 26.9, 'historical_mean': 2282.1677}",2026-09-27 13:17:25.449549+05:30,False,,COMPLETED,,
